dictionary,hiragana,meaning,type,transitivity,negative,polite,conditional,volitional,te,past,negativePast,passive,causative,potential,imperative
上がる,あがる,"to rise, to go up",godan,i,上がらない,上がります,上がれば,上がろう,上がって,上がった,上がらなかった,上がられる,上がらせる,上がれる,上がれ
開く,あく,to open,godan,i,開かない,開きます,開けば,開こう,開いて,開いた,開かなかった,開かれる,開かせる,開ける,開け
空く,あく,to become empty,godan,i,空かない,空きます,空けば,空こう,空いて,空いた,空かなかった,空かれる,空かせる,空ける,空け
余る,あまる,"to be left over, to remain",godan,i,余らない,余ります,余れば,余ろう,余って,余った,余らなかった,余られる,余らせる,余れる,余れ
争う,あらそう,"to fight, to compete",godan,t,争わない,争います,争えば,争おう,争って,争った,争わなかった,争われる,争わせる,争える,争え
洗う,あらう,to wash,godan,t,洗わない,洗います,洗えば,洗おう,洗って,洗った,洗わなかった,洗われる,洗わせる,洗える,洗え
表す,あらわす,"to show, to express",godan,t,表さない,表します,表せば,表そう,表して,表した,表さなかった,表される,表させる,表せる,表せ
著す,あらわす,to write,godan,t,著さない,著します,著せば,著そう,著して,著した,著さなかった,著される,著させる,著せる,著せ
ある,ある,"to be, to have",godan,i,ない,あります,あれば,（あろう）,あって,あった,なかった,,,,（あれ）
歩く,あるく,to walk,godan,i,歩かない,歩きます,歩けば,歩こう,歩いて,歩いた,歩かなかった,歩かれる,歩かせる,歩ける,歩け
あさる,あさる,"to hunt for, to scavenge",godan,t,あさらない,あさります,あされば,あさろう,あさって,あさった,あさらなかった,あさられる,あさらせる,あされる,あされ
遊ぶ,あそぶ,"to play, to enjoy onself",godan,i,遊ばない,遊びます,遊べば,遊ぼう,遊んで,遊んだ,遊ばなかった,遊ばれる,遊ばせる,遊べる,遊べ
当たる,あたる,"to hit, to strike, to shine upon",godan,i,当たらない,当たります,当たれば,当たろう,当たって,当たった,当たらなかった,当たられる,当たらせる,当たれる,当たれ
暖まる,あたたまる,to warm up,godan,i,暖まらない,暖まります,暖まれば,暖まろう,暖まって,暖まった,暖まらなかった,暖まられる,暖まらせる,暖まれる,暖まれ
扱う,あつかう,"to handle, to deal",godan,t,扱わない,扱います,扱えば,扱おう,扱って,扱った,扱わなかった,扱われる,扱わせる,扱える,扱え
集まる,あつまる,"to assemble, to get together",godan,i,集まらない,集まります,集まれば,集まろう,集まって,集まった,集まらなかった,集まられる,集まらせる,集まれる,集まれ
会う,あう,to meet,godan,i,会わない,会います,会えば,会おう,会って,会った,会わなかった,会われる,会わせる,会える,会え
合う,あう,"to match, to fit",godan,i,合わない,合います,合えば,合おう,合って,合った,合わなかった,合われる,合わせる,合える,合え
謝る,あやまる,to apologize,godan,t,謝らない,謝ります,謝れば,謝ろう,謝って,謝った,謝らなかった,謝られる,謝らせる,謝れる,謝れ
誤る,あやまる,"to make a mistake, to err",godan,t,誤らない,誤ります,誤れば,誤ろう,誤って,誤った,誤らなかった,誤られる,誤らせる,誤れる,誤れ
預かる,あずかる,to keep,godan,t,預からない,預かります,預かれば,預かろう,預かって,預かった,預からなかった,預かられる,預からせる,預かれる,預かれ
ぶつかる,ぶつかる,"to hit, to bump",godan,i,ぶつからない,ぶつかります,ぶつかれば,ぶつかろう,ぶつかって,ぶつかった,ぶつからなかった,ぶつかられる,ぶつからせる,ぶつかれる,ぶつかれ
違う,ちがう,"to differ, to be wrong",godan,i,違わない,違います,違えば,違おう,違って,違った,違わなかった,違われる,違わせる,違える,違え
ちぎる,ちぎる,to tear to pieces,godan,t,ちぎらない,ちぎります,ちぎれば,ちぎろう,ちぎって,ちぎった,ちぎらなかった,ちぎられる,ちぎらせる,ちぎれる,ちぎれ
縮む,ちぢむ,to shrink,godan,i,縮まない,縮みます,縮めば,縮もう,縮んで,縮んだ,縮まなかった,縮まれる,縮ませる,縮める,縮め
近づく,ちかづく,"to approach, to get near",godan,i,近づかない,近づきます,近づけば,近づこう,近づいて,近づいた,近づかなかった,近づかれる,近づかせる,近づける,近づけ
散らす,ちらす,"to scatter, to disperse",godan,i,散らさない,散らします,散らせば,散らそう,散らして,散らした,散らさなかった,散らされる,散らさせる,散らせる,散らせ
散る,ちる,"to scatter, to disperse",godan,i,散らない,散ります,散れば,散ろう,散って,散った,散らなかった,散られる,散らせる,散れる,散れ
抱く,だく,"to embrace, to hold, to hug",godan,i,抱かない,抱きます,抱けば,抱こう,抱いて,抱いた,抱かなかった,抱かれる,抱かせる,抱ける,抱け
だます,だます,"to deceive, to cheat",godan,i,だまさない,だまします,だませば,だまそう,だまして,だました,だまさなかった,だまされる,だまさせる,だませる,だませ
出す,だす,"to put out, to send, to submit",godan,t,出さない,出します,出せば,出そう,出して,出した,出さなかった,出される,出させる,出せる,出せ
どなる,どなる,to shout,godan,i,どならない,どなります,どなれば,どなろう,どなって,どなった,どならなかった,どなられる,どならせる,どなれる,どなれ
選ぶ,えらぶ,to choose,godan,t,選ばない,選びます,選べば,選ぼう,選んで,選んだ,選ばなかった,選ばれる,選ばせる,選べる,選べ
拭く,ふく,to wipe,godan,t,拭かない,拭きます,拭けば,拭こう,拭いて,拭いた,拭かなかった,拭かれる,拭かせる,拭ける,拭け
吹く,ふく,"to blow, to play (wind instruments)",godan,"i,t",吹かない,吹きます,吹けば,吹こう,吹いて,吹いた,吹かなかった,吹かれる,吹かせる,吹ける,吹け
含む,ふくむ,"to contain, to include",godan,t,含まない,含みます,含めば,含もう,含んで,含んだ,含まなかった,含まれる,含ませる,含める,含め
膨らむ,ふくらむ,"to swell, to expand",godan,i,膨らまない,膨らみます,膨らめば,膨らもう,膨らんで,膨らんだ,膨らまなかった,膨らまれる,膨らませる,膨らめる,膨らめ
踏む,ふむ,to step on,godan,t,踏まない,踏みます,踏めば,踏もう,踏んで,踏んだ,踏まなかった,踏まれる,踏ませる,踏める,踏め
降る,ふる,"to rain, to snow",godan,i,降らない,降ります,降れば,降ろう,降って,降った,降らなかった,降られる,降らせる,降れる,降れ
振る,ふる,to wave,godan,i,振らない,振ります,振れば,振ろう,振って,振った,振らなかった,振られる,振らせる,振れる,振れ
ふさぐ,ふさぐ,to block up,godan,t,ふさがない,ふさぎます,ふさげば,ふさごう,ふさいで,ふさいだ,ふさがなかった,ふさがれる,ふさがせる,ふさげる,ふさげ
太る,ふとる,"to gain weight, to get fat",godan,i,太らない,太ります,太れば,太ろう,太って,太った,太らなかった,太られる,太らせる,太れる,太れ
増やす,ふやす,to increase,godan,t,増やさない,増やします,増やせば,増やそう,増やして,増やした,増やさなかった,増やされる,増やさせる,増やせる,増やせ
頑張る,がんばる,"to persist, to hold on",godan,i,頑張らない,頑張ります,頑張れば,頑張ろう,頑張って,頑張った,頑張らなかった,頑張られる,頑張らせる,頑張れる,頑張れ
省く,はぶく,to omit,godan,t,省かない,省きます,省けば,省こう,省いて,省いた,省かなかった,省かれる,省かせる,省ける,省け
はがす,はがす,"to strip off, to tear off",godan,t,はがさない,はがします,はがせば,はがそう,はがして,はがした,はがさなかった,はがされる,はがさせる,はがせる,はがせ
励ます,はげます,to encourage,godan,t,励まさない,励まします,励ませば,励まそう,励まして,励ました,励まさなかった,励まされる,励まさせる,励ませる,励ませ
励む,はげむ,"to make efforts, to strive",godan,t,励まない,励みます,励めば,励もう,励んで,励んだ,励まなかった,励まれる,励ませる,励める,励め
省く,はぶく,to omit,godan,t,省かない,省きます,省けば,省こう,省いて,省いた,省かなかった,省かれる,省かせる,省ける,省け
はがす,はがす,"to strip off, to tear off",godan,t,はがさない,はがします,はがせば,はがそう,はがして,はがした,はがさなかった,はがされる,はがさせる,はがせる,はがせ
励ます,はげます,to encourage,godan,t,励まさない,励まします,励ませば,励まそう,励まして,励ました,励まさなかった,励まされる,励まさせる,励ませる,励ませ
励む,はげむ,"to make efforts, to strive",godan,i,励まない,励みます,励めば,励もう,励んで,励んだ,励まなかった,励まれる,励ませる,励める,励め
入る,はいる,to enter,godan,i,入らない,入ります,入れば,入ろう,入って,入った,入らなかった,入られる,入らせる,入れる,入れ
始まる,はじまる,"to begin, to start",godan,i,始まらない,始まります,始まれば,始まろう,始まって,始まった,始まらなかった,始まられる,始まらせる,始まれる,始まれ
計る,はかる,"to measure, to weigh",godan,t,計らない,計ります,計れば,計ろう,計って,計った,計らなかった,計られる,計らせる,計れる,計れ
運ぶ,はこぶ,"to carry, to transport",godan,t,運ばない,運びます,運べば,運ぼう,運んで,運んだ,運ばなかった,運ばれる,運ばせる,運べる,運べ
履く,はく,to wear (shoes),godan,t,履かない,履きます,履けば,履こう,履いて,履いた,履かなかった,履かれる,履かせる,履ける,履け
吐く,はく,to vomit,godan,t,吐かない,吐きます,吐けば,吐こう,吐いて,吐いた,吐かなかった,吐かれる,吐かせる,吐ける,吐け
掃く,はく,to sweep,godan,t,掃かない,掃きます,掃けば,掃こう,掃いて,掃いた,掃かなかった,掃かれる,掃かせる,掃ける,掃け
はみ出す,はみだす,to stick out,godan,i,はみ出さない,はみ出します,はみ出せば,はみ出そう,はみ出して,はみ出した,はみ出さなかった,はみ出される,はみ出させる,はみ出せる,はみ出せ
話す,はなす,to speak,godan,t,話さない,話します,話せば,話そう,話して,話した,話さなかった,話される,話させる,話せる,話せ
離す,はなす,"to detach, to separate",godan,i,離さない,離します,離せば,離そう,離して,離した,離さなかった,離される,離させる,離せる,離せ
放す,はなす,"to set free, to release",godan,t,放さない,放します,放せば,放そう,放して,放した,放さなかった,放される,放させる,放せる,放せ
払う,はらう,to pay,godan,t,払わない,払います,払えば,払おう,払って,払った,払わなかった,払われる,払わせる,払える,払え
張る,はる,"to paste, to stick, to stretch",godan,t,張らない,張ります,張れば,張ろう,張って,張った,張らなかった,張られる,張らせる,張れる,張れ
走る,はしる,to run,godan,i,走らない,走ります,走れば,走ろう,走って,走った,走らなかった,走られる,走らせる,走れる,走れ
はたく,はたく,"to beat, to slap, to dust",godan,t,はたかない,はたきます,はたけば,はたこう,はたいて,はたいた,はたかなかった,はたかれる,はたかせる,はたける,はたけ
働く,はたらく,to work,godan,i,働かない,働きます,働けば,働こう,働いて,働いた,働かなかった,働かれる,働かせる,働ける,働け
はやる,はやる,"to be popular, to prevail",godan,i,はやらない,はやります,はやれば,はやろう,はやって,はやった,はやらなかった,はやられる,はやらせる,はやれる,はやれ
生やす,はやす,to grow (mustache),godan,t,生やさない,生やします,生やせば,生やそう,生やして,生やした,生やさなかった,生やされる,生やさせる,生やせる,生やせ
弾む,はずむ,"to spring, to bounce",godan,i,弾まない,弾みます,弾めば,弾もう,弾んで,弾んだ,弾まなかった,弾まれる,弾ませる,弾める,弾め
外す,はずす,"to take off, to remove",godan,t,外さない,外します,外せば,外そう,外して,外した,外さなかった,外される,外させる,外せる,外せ
へこむ,へこむ,to be dented,godan,i,へこまない,へこみます,へこめば,へこもう,へこんで,へこんだ,へこまなかった,へこまれる,へこませる,へこめる,へこめ
減らす,へらす,to decrease,godan,t,減らさない,減らします,減らせば,減らそう,減らして,減らした,減らさなかった,減らされる,減らさせる,減らせる,減らせ
減る,へる,to decrease,godan,i,減らない,減ります,減れば,減ろう,減って,減った,減らなかった,減られる,減らせる,減れる,減れ
光る,ひかる,to shine,godan,i,光らない,光ります,光れば,光ろう,光って,光った,光らなかった,光られる,光らせる,光れる,光れ
引きずる,ひきずる,"to drag, to trail",godan,t,引きずらない,引きずります,引きずれば,引きずろう,引きずって,引きずった,引きずらなかった,引きずられる,引きずらせる,引きずれる,引きずれ
引っ込む,ひっこむ,to draw back,godan,i,引っ込まない,引っ込みます,引っ込めば,引っ込もう,引っ込んで,引っ込んだ,引っ込まなかった,引っ込まれる,引っ込ませる,引っ込める,引っ込め
引っ越す,ひっこす,to move to,godan,i,引っ越さない,引っ越します,引っ越せば,引っ越そう,引っ越して,引っ越した,引っ越さなかった,引っ越される,引っ越させる,引っ越せる,引っ越せ
ひっくり返す,ひっくりかえす,"to turn over, to upset",godan,t,ひっくり返さない,ひっくり返します,ひっくり返せば,ひっくり返そう,ひっくり返して,ひっくり返した,ひっくり返さなかった,ひっくり返される,ひっくり返させる,ひっくり返せる,ひっくり返せ
引く,ひく,to pull,godan,t,引かない,引きます,引けば,引こう,引いて,引いた,引かなかった,引かれる,引かせる,引ける,引け
弾く,ひく,to play,godan,"i,t",弾かない,弾きます,弾けば,弾こう,弾いて,弾いた,弾かなかった,弾かれる,弾かせる,弾ける,弾け
ひねる,ひねる,"to twist, to wrench",godan,t,ひねらない,ひねります,ひねれば,ひねろう,ひねって,ひねった,ひねらなかった,ひねられる,ひねらせる,ひねれる,ひねれ
引っ張る,ひっぱる,"to pull, to draw",godan,i,引っ張らない,引っ張ります,引っ張れば,引っ張ろう,引っ張って,引っ張った,引っ張らなかった,引っ張られる,引っ張らせる,引っ張れる,引っ張れ
開く,ひらく,"to open, to unfold",godan,"i,t",開かない,開きます,開けば,開こう,開いて,開いた,開かなかった,開かれる,開かせる,開ける,開け
広がる,ひろがる,"to extend, to spread",godan,i,広がらない,広がります,広がれば,広がろう,広がって,広がった,広がらなかった,広がられる,広がらせる,広がれる,広がれ
拾う,ひろう,to pick up,godan,t,拾わない,拾います,拾えば,拾おう,拾って,拾った,拾わなかった,拾われる,拾わせる,拾える,拾え
潜む,ひそむ,to lurk,godan,i,潜まない,潜みます,潜めば,潜もう,潜んで,潜んだ,潜まなかった,潜まれる,潜ませる,潜める,潜め
冷やかす,ひやかす,to tease,godan,t,冷やかさない,冷やかします,冷やかせば,冷やかそう,冷やかして,冷やかした,冷やかさなかった,冷やかされる,冷やかさせる,冷やかせる,冷やかせ
冷やす,ひやす,"to cool, to ice",godan,t,冷やさない,冷やします,冷やせば,冷やそう,冷やして,冷やした,冷やさなかった,冷やされる,冷やさせる,冷やせる,冷やせ
ほどく,ほどく,to untie,godan,t,ほどかない,ほどきます,ほどけば,ほどこう,ほどいて,ほどいた,ほどかなかった,ほどかれる,ほどかせる,ほどける,ほどけ
誇る,ほこる,"to boast, to be pround of",godan,"i,t",誇らない,誇ります,誇れば,誇ろう,誇って,誇った,誇らなかった,誇られる,誇らせる,誇れる,誇れ
掘る,ほる,to dig,godan,t,掘らない,掘ります,掘れば,掘ろう,掘って,掘った,掘らなかった,掘られる,掘らせる,掘れる,掘れ
彫る,ほる,"to carve, to engrave",godan,t,彫らない,彫ります,彫れば,彫ろう,彫って,彫った,彫らなかった,彫られる,彫らせる,彫れる,彫れ
挑む,いどむ,to challenge,godan,"i,t",挑まない,挑みます,挑めば,挑もう,挑んで,挑んだ,挑まなかった,挑まれる,挑ませる,挑める,挑め
いじる,いじる,"to fumble, to tamper",godan,t,いじらない,いじります,いじれば,いじろう,いじって,いじった,いじらなかった,いじられる,いじらせる,いじれる,いじれ
意気込む,いきごむ,to be eager,godan,i,意気込まない,意気込みます,意気込めば,意気込もう,意気込んで,意気込んだ,意気込まなかった,意気込まれる,意気込ませる,意気込める,意気込め
行く,いく,to go,godan,i,行かない,行きます,行けば,行こう,行いて,行った,行かなかった,行かれる,行かせる,行ける,行け
祈る,いのる,to pray,godan,t,祈らない,祈ります,祈れば,祈ろう,祈って,祈った,祈らなかった,祈られる,祈らせる,祈れる,祈れ
苛立つ,いらだつ,to be irritated,godan,i,苛立たない,苛立ちます,苛立てば,苛立とう,苛立って,苛立った,苛立たなかった,苛立たれる,苛立たせる,苛立てる,苛立て
いらっしゃる,いらっしゃる,"to be, to go, to come",godan,i,いらっしゃらない,いらっしゃります,いらっしゃれば,いらっしゃろう,いらっしゃって,いらっしゃった,いらっしゃらなかった,いらっしゃられる,いらっしゃらせる,いらっしゃれる,いらっしゃい
要る,いる,to need,godan,i,要らない,要ります,要れば,要ろう,要って,要った,要らなかった,要られる,要らせる,要れる,要れ
急ぐ,いそぐ,to hurry,godan,i,急がない,急ぎます,急げば,急ごう,急いで,急いだ,急がなかった,急がれる,急がせる,急げる,急げ
頂く,いただく,"to receive, to eat, to drink",godan,i,頂かない,頂きます,頂けば,頂こう,頂いて,頂いた,頂かなかった,頂かれる,頂かせる,頂ける,頂け
痛む,いたむ,"to hurt, to feel a pain",godan,i,痛まない,痛みます,痛めば,痛もう,痛んで,痛んだ,痛まなかった,痛まれる,痛ませる,痛める,痛め
至る,いたる,"to arrive, to reach",godan,i,至らない,至ります,至れば,至ろう,至って,至った,至らなかった,至られる,至らせる,至れる,至れ
致す,いたす,to do,godan,t,致さない,致します,致せば,致そう,致して,致した,致さなかった,致される,致させる,致せる,致せ
労わる,いたわる,to console,godan,t,労わらない,労わります,労われば,労わろう,労わって,労わった,労わらなかった,労わられる,労わらせる,労われる,労われ
営む,いとなむ,"to perform, to run a business",godan,i,営まない,営みます,営めば,営もう,営んで,営んだ,営まなかった,営まれる,営ませる,営める,営め
偽る,いつわる,"to lie, to falsify",godan,t,偽らない,偽ります,偽れば,偽ろう,偽って,偽った,偽らなかった,偽られる,偽らせる,偽れる,偽れ
言う,いう,"to say, to tell",godan,t,言わない,言います,言えば,言おう,言って,言った,言わなかった,言われる,言わせる,言える,言え
祝う,いわう,"to congratulate, to celebrate",godan,t,祝わない,祝います,祝えば,祝おう,祝って,祝った,祝わなかった,祝われる,祝わせる,祝える,祝え
焦らす,じらす,"to irritate, to tease",godan,t,焦らさない,焦らします,焦らせば,焦らそう,焦らして,焦らした,焦らさなかった,焦らされる,焦らさせる,焦らせる,焦らせ
被る,かぶる,to wear (a hat),godan,t,被らない,被ります,被れば,被ろう,被って,被った,被らなかった,被られる,被らせる,被れる,被れ
帰る,かえる,to return,godan,i,帰らない,帰ります,帰れば,帰ろう,帰って,帰った,帰らなかった,帰られる,帰らせる,帰れる,帰れ
返す,かえす,"to return, to give back",godan,t,返さない,返します,返せば,返そう,返して,返した,返さなかった,返される,返させる,返せる,返せ
屈む,かがむ,to stoop,godan,i,屈まない,屈みます,屈めば,屈もう,屈んで,屈んだ,屈まなかった,屈まれる,屈ませる,屈める,屈め
齧る,かじる,"to bite, to gnaw",godan,t,齧らない,齧ります,齧れば,齧ろう,齧って,齧った,齧らなかった,齧られる,齧らせる,齧れる,齧れ
掛かる,かかる,"to hang, to cost, to take time",godan,i,掛からない,掛かります,掛かれば,掛かろう,掛かって,掛かった,掛からなかった,掛かられる,掛からせる,掛かれる,掛かれ
掻き回す,かきまわす,"to churn, to stir up",godan,t,掻き回さない,掻き回します,掻き回せば,掻き回そう,掻き回して,掻き回した,掻き回さなかった,掻き回される,掻き回させる,掻き回せる,掻き回せ
書く,かく,to write,godan,t,書かない,書きます,書けば,書こう,書いて,書いた,書かなかった,書かれる,書かせる,書ける,書け
隠す,かくす,"to hide, to conceal",godan,t,隠さない,隠します,隠せば,隠そう,隠して,隠した,隠さなかった,隠される,隠させる,隠せる,隠せ
噛む,かむ,to bite,godan,i,噛まない,噛みます,噛めば,噛もう,噛んで,噛んだ,噛まなかった,噛まれる,噛ませる,噛める,噛め
悲しむ,かなしむ,"to mourn, to feel sad",godan,t,悲しまない,悲しみます,悲しめば,悲しもう,悲しんで,悲しんだ,悲しまなかった,悲しまれる,悲しませる,悲しめる,悲しめ
絡む,からむ,"to entwine, to twine around",godan,i,絡まない,絡みます,絡めば,絡もう,絡んで,絡んだ,絡まなかった,絡まれる,絡ませる,絡める,絡め
刈る,かる,"to mow, to cut, to trim",godan,t,刈らない,刈ります,刈れば,刈ろう,刈って,刈った,刈らなかった,刈られる,刈らせる,刈れる,刈れ
貸す,かす,"to lend, to rent",godan,t,貸さない,貸します,貸せば,貸そう,貸して,貸した,貸さなかった,貸される,貸させる,貸せる,貸せ
傾く,かたむく,"to slope, to lean",godan,i,傾かない,傾きます,傾けば,傾こう,傾いて,傾いた,傾かなかった,傾かれる,傾かせる,傾ける,傾け
勝つ,かつ,to win,godan,i,勝たない,勝ちます,勝てば,勝とう,勝って,勝った,勝たなかった,勝たれる,勝たせる,勝てる,勝て
買う,かう,to buy,godan,t,買わない,買います,買えば,買おう,買って,買った,買わなかった,買われる,買わせる,買える,買え
飼う,かう,to keep pets,godan,t,飼わない,飼います,飼えば,飼おう,飼って,飼った,飼わなかった,飼われる,飼わせる,飼える,飼え
乾かす,かわかす,to dry,godan,t,乾かさない,乾かします,乾かせば,乾かそう,乾かして,乾かした,乾かさなかった,乾かされる,乾かさせる,乾かせる,乾かせ
乾く,かわく,to get dry,godan,i,乾かない,乾きます,乾けば,乾こう,乾いて,乾いた,乾かなかった,乾かれる,乾かせる,乾ける,乾け
渇く,かわく,"to be thirsty, to get thirsty",godan,i,渇かない,渇きます,渇けば,渇こう,渇いて,渇いた,渇かなかった,渇かれる,渇かせる,渇ける,渇け
変わる,かわる,to change,godan,i,変わらない,変わります,変われば,変わろう,変わって,変わった,変わらなかった,変わられる,変わらせる,変われる,変われ
代わる,かわる,to replace,godan,t,代わらない,代わります,代われば,代わろう,代わって,代わった,代わらなかった,代わられる,代わらせる,代われる,代われ
通う,かよう,to commute,godan,i,通わない,通います,通えば,通おう,通って,通った,通わなかった,通われる,通わせる,通える,通え
飾る,かざる,to decorate,godan,t,飾らない,飾ります,飾れば,飾ろう,飾って,飾った,飾らなかった,飾られる,飾らせる,飾れる,飾れ
消す,けす,"to turn off, to erase",godan,t,消さない,消します,消せば,消そう,消して,消した,消さなかった,消される,消させる,消せる,消せ
削る,けずる,to sharpen,godan,t,削らない,削ります,削れば,削ろう,削って,削った,削らなかった,削られる,削らせる,削れる,削れ
聞く,きく,"to hear, to listen, to ask",godan,t,聞かない,聞きます,聞けば,聞こう,聞いて,聞いた,聞かなかった,聞かれる,聞かせる,聞ける,聞け
効く,きく,to be effective,godan,i,効かない,効きます,効けば,効こう,効いて,効いた,効かなかった,効かれる,効かせる,効ける,効け
決まる,きまる,to be decided,godan,i,決まらない,決まります,決まれば,決まろう,決まって,決まった,決まらなかった,決まられる,決まらせる,決まれる,決まれ
切る,きる,"to cut, to switch off",godan,t,切らない,切ります,切れば,切ろう,切って,切った,切らなかった,切られる,切らせる,切れる,切れ
競う,きそう,to compete,godan,"i,t",競わない,競います,競えば,競おう,競って,競った,競わなかった,競われる,競わせる,競える,競え
刻む,きざむ,to chop,godan,t,刻まない,刻みます,刻めば,刻もう,刻んで,刻んだ,刻まなかった,刻まれる,刻ませる,刻める,刻め
困る,こまる,to be in trouble,godan,i,困らない,困ります,困れば,困ろう,困って,困った,困らなかった,困られる,困らせる,困れる,困れ
込む,こむ,to be crowded,godan,i,込まない,込みます,込めば,込もう,込んで,込んだ,込まなかった,込まれる,込ませる,込める,込め
転ぶ,ころぶ,to roll,godan,i,転ばない,転びます,転べば,転ぼう,転んで,転んだ,転ばなかった,転ばれる,転ばせる,転べる,転べ
転がる,ころがる,to roll,godan,i,転がらない,転がります,転がれば,転がろう,転がって,転がった,転がらなかった,転がられる,転がらせる,転がれる,転がれ
転がす,ころがす,to roll,godan,t,転がさない,転がします,転がせば,転がそう,転がして,転がした,転がさなかった,転がされる,転がさせる,転がせる,転がせ
殺す,ころす,"to kill, to murder",godan,t,殺さない,殺します,殺せば,殺そう,殺して,殺した,殺さなかった,殺される,殺させる,殺せる,殺せ
凍る,こおる,to freeze,godan,i,凍らない,凍ります,凍れば,凍ろう,凍って,凍った,凍らなかった,凍られる,凍らせる,凍れる,凍れ
超す,こす,"to cross, to pass",godan,i,超さない,超します,超せば,超そう,超して,超した,超さなかった,超される,超させる,超せる,超せ
擦る,こする,"to rub, to scrub",godan,t,擦らない,擦ります,擦れば,擦ろう,擦って,擦った,擦らなかった,擦られる,擦らせる,擦れる,擦れ
断る,ことわる,"to refuse, to decline",godan,t,断らない,断ります,断れば,断ろう,断って,断った,断らなかった,断られる,断らせる,断れる,断れ
壊す,こわす,"to break, to decline",godan,t,壊さない,壊します,壊せば,壊そう,壊して,壊した,壊さなかった,壊される,壊させる,壊せる,壊せ
配る,くばる,"to distribute, to hand out",godan,i,配らない,配ります,配れば,配ろう,配って,配った,配らなかった,配られる,配らせる,配れる,配れ
砕く,くだく,"to smash, to crush",godan,t,砕かない,砕きます,砕けば,砕こう,砕いて,砕いた,砕かなかった,砕かれる,砕かせる,砕ける,砕け
下る,くだる,"to descend, to go down",godan,i,下らない,下ります,下れば,下ろう,下って,下った,下らなかった,下られる,下らせる,下れる,下れ
くださる,くださる,to give,godan,t,くださらない,くださります,くだされば,くださろう,くださって,くださった,くださらなかった,くださられる,くださらせる,くだされる,くだされ
くくる,くくる,"to tie, to bind",godan,t,くくらない,くくります,くくれば,くくろう,くくって,くくった,くくらなかった,くくられる,くくらせる,くくれる,くくれ
曇る,くもる,to become cloudy,godan,i,曇らない,曇ります,曇れば,曇ろう,曇って,曇った,曇らなかった,曇られる,曇らせる,曇れる,曇れ
組む,くむ,"to put together, to pair, to team up",godan,i,組まない,組みます,組めば,組もう,組んで,組んだ,組まなかった,組まれる,組ませる,組める,組め
繰り返す,くりかえす,to repeat,godan,t,繰り返さない,繰り返します,繰り返せば,繰り返そう,繰り返して,繰り返した,繰り返さなかった,繰り返される,繰り返させる,繰り返せる,繰り返せ
苦しむ,くるしむ,"to suffer, to feel pain",godan,i,苦しまない,苦しみます,苦しめば,苦しもう,苦しんで,苦しんだ,苦しまなかった,苦しまれる,苦しませる,苦しめる,苦しめ
狂う,くるう,"to go mad, to go wrong",godan,i,狂わない,狂います,狂えば,狂おう,狂って,狂った,狂わなかった,狂われる,狂わせる,狂える,狂え
腐る,くさる,to rot,godan,i,腐らない,腐ります,腐れば,腐ろう,腐って,腐った,腐らなかった,腐られる,腐らせる,腐れる,腐れ
くすぐる,くすぐる,to tickle,godan,t,くすぐらない,くすぐります,くすぐれば,くすぐろう,くすぐって,くすぐった,くすぐらなかった,くすぐられる,くすぐらせる,くすぐれる,くすぐれ
悔やむ,くやむ,to regret,godan,t,悔やまない,悔やみます,悔やめば,悔やもう,悔やんで,悔やんだ,悔やまなかった,悔やまれる,悔やませる,悔やめる,悔やめ
間違う,まちがう,to make a mistake,godan,"i,t",間違わない,間違います,間違えば,間違おう,間違って,間違った,間違わなかった,間違われる,間違わせる,間違える,間違え
曲がる,まがる,"to turn, to bend, to curve",godan,i,曲がらない,曲がります,曲がれば,曲がろう,曲がって,曲がった,曲がらなかった,曲がられる,曲がらせる,曲がれる,曲がれ
参る,まいる,"to go, to come",godan,i,参らない,参ります,参れば,参ろう,参って,参った,参らなかった,参られる,参らせる,参れる,参れ
負かす,まかす,"to beat, to defeat",godan,t,負かさない,負かします,負かせば,負かそう,負かして,負かした,負かさなかった,負かされる,負かさせる,負かせる,負かせ
巻く,まく,to roll up,godan,t,巻かない,巻きます,巻けば,巻こう,巻いて,巻いた,巻かなかった,巻かれる,巻かせる,巻ける,巻け
まく,まく,to sprinkle,godan,i,まかない,まきます,まけば,まこう,まいて,まいた,まかなかった,まかれる,まかせる,まける,まけ
守る,まもる,"to defend, to protect",godan,t,守らない,守ります,守れば,守ろう,守って,守った,守らなかった,守られる,守らせる,守れる,守れ
間に合う,まにあう,"to be in time, to be enough, to suffice",godan,i,間に合わない,間に合います,間に合えば,間に合おう,間に合って,間に合った,間に合わなかった,間に合われる,間に合わせる,間に合える,間に合え
待つ,まつ,to wait,godan,t,待たない,待ちます,待てば,待とう,待って,待った,待たなかった,待たれる,待たせる,待てる,待て
回る,まわる,"to turn, to spin",godan,i,回らない,回ります,回れば,回ろう,回って,回った,回らなかった,回られる,回らせる,回れる,回れ
回す,まわす,"to turn, to spin, to pass around",godan,t,回さない,回します,回せば,回そう,回して,回した,回さなかった,回される,回させる,回せる,回せ
迷う,まよう,to get lost,godan,i,迷わない,迷います,迷えば,迷おう,迷って,迷った,迷わなかった,迷われる,迷わせる,迷える,迷え
混ざる,まざる,"to blend, to mix",godan,i,混ざらない,混ざります,混ざれば,混ざろう,混ざって,混ざった,混ざらなかった,混ざられる,混ざらせる,混ざれる,混ざれ
目立つ,めだつ,to be outstanding,godan,i,目立たない,目立ちます,目立てば,目立とう,目立って,目立った,目立たなかった,目立たれる,目立たせる,目立てる,目立て
目指す,めざす,to aim,godan,t,目指さない,目指します,目指せば,目指そう,目指して,目指した,目指さなかった,目指される,目指させる,目指せる,目指せ
乱す,みだす,"to disturb, to corrupt",godan,t,乱さない,乱します,乱せば,乱そう,乱して,乱した,乱さなかった,乱される,乱させる,乱せる,乱せ
磨く,みがく,"to polish, to brush",godan,i,磨かない,磨きます,磨けば,磨こう,磨いて,磨いた,磨かなかった,磨かれる,磨かせる,磨ける,磨け
見張る,みはる,"to keep watch, to stand guard",godan,"i,t",見張らない,見張ります,見張れば,見張ろう,見張って,見張った,見張らなかった,見張られる,見張らせる,見張れる,見張れ
実る,みのる,"to bearfruit, to ripen",godan,i,実らない,実ります,実れば,実ろう,実って,実った,実らなかった,実られる,実らせる,実れる,実れ
見送る,みおくる,to see off,godan,t,見送らない,見送ります,見送れば,見送ろう,見送って,見送った,見送らなかった,見送られる,見送らせる,見送れる,見送れ
満たす,みたす,"to fill, to satisfy (a need)",godan,t,満たさない,満たします,満たせば,満たそう,満たして,満たした,満たさなかった,満たされる,満たさせる,満たせる,満たせ
見付かる,みつかる,"to be found, to be discovered",godan,i,見付からない,見付かります,見付かれば,見付かろう,見付かって,見付かった,見付からなかった,見付かられる,見付からせる,見付かれる,見付かれ
戻る,もどる,to return,godan,i,戻らない,戻ります,戻れば,戻ろう,戻って,戻った,戻らなかった,戻られる,戻らせる,戻れる,戻れ
戻す,もどす,"to return, to give back",godan,t,戻さない,戻します,戻せば,戻そう,戻して,戻した,戻さなかった,戻される,戻させる,戻せる,戻せ
もがく,もがく,to struggle,godan,i,もがかない,もがきます,もがけば,もがこう,もがいて,もがいた,もがかなかった,もがかれる,もがかせる,もがける,もがけ
潜る,もぐる,to dive,godan,t,潜らない,潜ります,潜れば,潜ろう,潜って,潜った,潜らなかった,潜られる,潜らせる,潜れる,潜れ
もうかる,もうかる,to make a profit,godan,i,もうからない,もうかります,もうかれば,もうかろう,もうかって,もうかった,もうからなかった,もうかられる,もうからせる,もうかれる,もうかれ
もむ,もむ,to massage,godan,t,もまない,もみます,もめば,ももう,もんで,もんだ,もまなかった,もまれる,もませる,もめる,もめ
漏らす,もらす,to let leak out,godan,t,漏らさない,漏らします,漏らせば,漏らそう,漏らして,漏らした,漏らさなかった,漏らされる,漏らさせる,漏らせる,漏らせ
もらう,もらう,"to get, to receive",godan,t,もらわない,もらいます,もらえば,もらおう,もらって,もらった,もらわなかった,もらわれる,もらわせる,もらえる,もらえ
申し込む,もうしこむ,"to apply, to propose",godan,i,申し込まない,申し込みます,申し込めば,申し込もう,申し込んで,申し込んだ,申し込まなかった,申し込まれる,申し込ませる,申し込める,申し込め
持つ,もつ,"to have, to hold, to own",godan,i,持たない,持ちます,持てば,持とう,持って,持った,持たなかった,持たれる,持たせる,持てる,持て
持って行く,もっていく,to take (a thing),godan,i,持って行かない,持って行きます,持って行けば,持って行こう,持って行って,持って行った,持って行かなかった,持って行かれる,持って行かせる,持って行ける,持って行け
燃やす,もやす,to burn,godan,t,燃やさない,燃やします,燃やせば,燃やそう,燃やして,燃やした,燃やさなかった,燃やされる,燃やさせる,燃やせる,燃やせ
向く,むく,to face,godan,i,向かない,向きます,向けば,向こう,向いて,向いた,向かなかった,向かれる,向かせる,向ける,向け
むく,むく,to peel,godan,t,むかない,むきます,むけば,むこう,むいて,むいた,むかなかった,むかれる,むかせる,むける,むけ
蒸す,むす,to steam,godan,t,蒸さない,蒸します,蒸せば,蒸そう,蒸して,蒸した,蒸さなかった,蒸される,蒸させる,蒸せる,蒸せ
結ぶ,むすぶ,"to tie, to contract",godan,t,結ばない,結びます,結べば,結ぼう,結んで,結んだ,結ばなかった,結ばれる,結ばせる,結べる,結べ
流す,ながす,"to drain, to float",godan,t,流さない,流します,流せば,流そう,流して,流した,流さなかった,流される,流させる,流せる,流せ
泣く,なく,"to cry, to weep",godan,i,泣かない,泣きます,泣けば,泣こう,泣いて,泣いた,泣かなかった,泣かれる,泣かせる,泣ける,泣け
鳴く,なく,"to cry, to sing",godan,i,鳴かない,鳴きます,鳴けば,鳴こう,鳴いて,鳴いた,鳴かなかった,鳴かれる,鳴かせる,鳴ける,鳴け
亡くなる,なくなる,"to die, to pass away",godan,i,亡くならない,亡くなります,亡くなれば,亡くなろう,亡くなって,亡くなった,亡くならなかった,亡くなられる,亡くならせる,亡くなれる,亡くなれ
無くなる,なくなる,"to be missing, to run out",godan,i,無くならない,無くなります,無くなれば,無くなろう,無くなって,無くなった,無くならなかった,無くなられる,無くならせる,無くなれる,無くなれ
治る,なおる,"to get well, to recover",godan,i,治らない,治ります,治れば,治ろう,治って,治った,治らなかった,治られる,治らせる,治れる,治れ
直る,なおる,"to be fixed, to get repaired",godan,i,直らない,直ります,直れば,直ろう,直って,直った,直らなかった,直られる,直らせる,直れる,直れ
治す,なおす,to cure,godan,t,治さない,治します,治せば,治そう,治して,治した,治さなかった,治される,治させる,治せる,治せ
直す,なおす,"to correct, to fix, to repair",godan,t,直さない,直します,直せば,直そう,直して,直した,直さなかった,直される,直させる,直せる,直せ
並ぶ,ならぶ,"to line up, to stand in line",godan,i,並ばない,並びます,並べば,並ぼう,並んで,並んだ,並ばなかった,並ばれる,並ばせる,並べる,並べ
慣らす,ならす,"to accustom, to tame",godan,t,慣らさない,慣らします,慣らせば,慣らそう,慣らして,慣らした,慣らさなかった,慣らされる,慣らさせる,慣らせる,慣らせ
鳴らす,ならす,"to ring, to sound",godan,t,鳴らさない,鳴らします,鳴らせば,鳴らそう,鳴らして,鳴らした,鳴らさなかった,鳴らされる,鳴らさせる,鳴らせる,鳴らせ
習う,ならう,to learn,godan,t,習わない,習います,習えば,習おう,習って,習った,習わなかった,習われる,習わせる,習える,習え
なる,なる,to become,godan,i,ならない,なります,なれば,なろう,なって,なった,ならなかった,なられる,ならせる,なれる,なれ
鳴る,なる,"to ring, to sound",godan,i,鳴らない,鳴ります,鳴れば,鳴ろう,鳴って,鳴った,鳴らなかった,鳴られる,鳴らせる,鳴れる,鳴れ
なさる,なさる,to do,godan,t,なさらない,なさります,なされば,なさろう,なさって,なさった,なさらなかった,なさられる,なさらせる,なされる,なされ
悩む,なやむ,"to be worried, to suffer",godan,i,悩まない,悩みます,悩めば,悩もう,悩んで,悩んだ,悩まなかった,悩まれる,悩ませる,悩める,悩め
なぞる,なぞる,to trace,godan,t,なぞらない,なぞります,なぞれば,なぞろう,なぞって,なぞった,なぞらなかった,なぞられる,なぞらせる,なぞれる,なぞれ
ねだる,ねだる,to pester,godan,t,ねだらない,ねだります,ねだれば,ねだろう,ねだって,ねだった,ねだらなかった,ねだられる,ねだらせる,ねだれる,ねだれ
願う,ねがう,"to desire, to wish, to hope",godan,t,願わない,願います,願えば,願おう,願って,願った,願わなかった,願われる,願わせる,願える,願え
ねじる,ねじる,"to twist, to wrench",godan,t,ねじらない,ねじります,ねじれば,ねじろう,ねじって,ねじった,ねじらなかった,ねじられる,ねじらせる,ねじれる,ねじれ
眠る,ねむる,to sleep,godan,i,眠らない,眠ります,眠れば,眠ろう,眠って,眠った,眠らなかった,眠られる,眠らせる,眠れる,眠れ
狙う,ねらう,to aim,godan,t,狙わない,狙います,狙えば,狙おう,狙って,狙った,狙わなかった,狙われる,狙わせる,狙える,狙え
似合う,にあう,"to suit, to match well",godan,i,似合わない,似合います,似合えば,似合おう,似合って,似合った,似合わなかった,似合われる,似合わせる,似合える,似合え
鈍る,にぶる,to become dull,godan,i,鈍らない,鈍ります,鈍れば,鈍ろう,鈍って,鈍った,鈍らなかった,鈍られる,鈍らせる,鈍れる,鈍れ
逃す,にがす,"to let loose, to let escape",godan,i,逃さない,逃します,逃せば,逃そう,逃して,逃した,逃さなかった,逃される,逃させる,逃せる,逃せ
握る,にぎる,"to grasp, to clasp",godan,t,握らない,握ります,握れば,握ろう,握って,握った,握らなかった,握られる,握らせる,握れる,握れ
にぎわう,にぎわう,to prosper,godan,i,にぎわわない,にぎわいます,にぎわえば,にぎわおう,にぎわって,にぎわった,にぎわわなかった,にぎわわれる,にぎわわせる,にぎわえる,にぎわえ
濁る,にごる,to get muddy,godan,i,濁らない,濁ります,濁れば,濁ろう,濁って,濁った,濁らなかった,濁られる,濁らせる,濁れる,濁れ
憎む,にくむ,to hate,godan,t,憎まない,憎みます,憎めば,憎もう,憎んで,憎んだ,憎まなかった,憎まれる,憎ませる,憎める,憎め
におう,におう,to smell,godan,i,におわない,においます,におえば,におおう,におって,におった,におわなかった,におわれる,におわせる,におえる,におえ
睨む,にらむ,"to stare, to suspect",godan,t,睨まない,睨みます,睨めば,睨もう,睨んで,睨んだ,睨まなかった,睨まれる,睨ませる,睨める,睨め
延ばす,のばす,"to postpone, to extend",godan,t,延ばさない,延ばします,延ばせば,延ばそう,延ばして,延ばした,延ばさなかった,延ばされる,延ばさせる,延ばせる,延ばせ
伸ばす,のばす,"to stretch, to extend",godan,t,伸ばさない,伸ばします,伸ばせば,伸ばそう,伸ばして,伸ばした,伸ばさなかった,伸ばされる,伸ばさせる,伸ばせる,伸ばせ
上る,のぼる,to go up,godan,i,上らない,上ります,上れば,上ろう,上って,上った,上らなかった,上られる,上らせる,上れる,上れ
登る,のぼる,to climb,godan,i,登らない,登ります,登れば,登ろう,登って,登った,登らなかった,登られる,登らせる,登れる,登れ
昇る,のぼる,to go up,godan,i,昇らない,昇ります,昇れば,昇ろう,昇って,昇った,昇らなかった,昇られる,昇らせる,昇れる,昇れ
残る,のこる,to remain,godan,i,残らない,残ります,残れば,残ろう,残って,残った,残らなかった,残られる,残らせる,残れる,残れ
残す,のこす,"to save, to leave (a thing) behind",godan,t,残さない,残します,残せば,残そう,残して,残した,残さなかった,残される,残させる,残せる,残せ
飲む,のむ,to drink,godan,t,飲まない,飲みます,飲めば,飲もう,飲んで,飲んだ,飲まなかった,飲まれる,飲ませる,飲める,飲め
乗る,のる,"to ride, to get on (a vehicle)",godan,i,乗らない,乗ります,乗れば,乗ろう,乗って,乗った,乗らなかった,乗られる,乗らせる,乗れる,乗れ
載る,のる,"to be printed, to be reported",godan,i,載らない,載ります,載れば,載ろう,載って,載った,載らなかった,載られる,載らせる,載れる,載れ
除く,のぞく,to exclude,godan,t,除かない,除きます,除けば,除こう,除いて,除いた,除かなかった,除かれる,除かせる,除ける,除け
のぞく,のぞく,to peep,godan,t,のぞかない,のぞきます,のぞけば,のぞこう,のぞいて,のぞいた,のぞかなかった,のぞかれる,のぞかせる,のぞける,のぞけ
脱ぐ,ぬぐ,"to undress, to take off (clothes)",godan,t,脱がない,脱ぎます,脱げば,脱ごう,脱いで,脱いだ,脱がなかった,脱がれる,脱がせる,脱げる,脱げ
抜く,ぬく,"to pull out, to extract",godan,i,抜かない,抜きます,抜けば,抜こう,抜いて,抜いた,抜かなかった,抜かれる,抜かせる,抜ける,抜け
濡らす,ぬらす,"to wet, to soak",godan,t,濡らさない,濡らします,濡らせば,濡らそう,濡らして,濡らした,濡らさなかった,濡らされる,濡らさせる,濡らせる,濡らせ
塗る,ぬる,to paint,godan,t,塗らない,塗ります,塗れば,塗ろう,塗って,塗った,塗らなかった,塗られる,塗らせる,塗れる,塗れ
盗む,ぬすむ,to steal,godan,t,盗まない,盗みます,盗めば,盗もう,盗んで,盗んだ,盗まなかった,盗まれる,盗ませる,盗める,盗め
縫う,ぬう,to sew,godan,t,縫わない,縫います,縫えば,縫おう,縫って,縫った,縫わなかった,縫われる,縫わせる,縫える,縫え
落ち着く,おちつく,to calm down,godan,i,落ち着かない,落ち着きます,落ち着けば,落ち着こう,落ち着いて,落ち着いた,落ち着かなかった,落ち着かれる,落ち着かせる,落ち着ける,落ち着け
脅かす,おどかす,to threaten,godan,i,脅かさない,脅かします,脅かせば,脅かそう,脅かして,脅かした,脅かさなかった,脅かされる,脅かさせる,脅かせる,脅かせ
驚く,おどろく,"to be surprised, to be shocked",godan,i,驚かない,驚きます,驚けば,驚こう,驚いて,驚いた,驚かなかった,驚かれる,驚かせる,驚ける,驚け
踊る,おどる,to dance,godan,i,踊らない,踊ります,踊れば,踊ろう,踊って,踊った,踊らなかった,踊られる,踊らせる,踊れる,踊れ
拝む,おがむ,to worship,godan,t,拝まない,拝みます,拝めば,拝もう,拝んで,拝んだ,拝まなかった,拝まれる,拝ませる,拝める,拝め
奢る,おごる,to treat (a person) to,godan,t,奢らない,奢ります,奢れば,奢ろう,奢って,奢った,奢らなかった,奢られる,奢らせる,奢れる,奢れ
追い越す,おいこす,to pass,godan,t,追い越さない,追い越します,追い越せば,追い越そう,追い越して,追い越した,追い越さなかった,追い越される,追い越させる,追い越せる,追い越せ
犯す,おかす,to commit (a crime),godan,t,犯さない,犯します,犯せば,犯そう,犯して,犯した,犯さなかった,犯される,犯させる,犯せる,犯せ
行う,おこなう,"to do, to conduct, to perform",godan,t,行わない,行います,行えば,行おう,行って,行った,行わなかった,行われる,行わせる,行える,行え
怒る,おこる,to get angry,godan,i,怒らない,怒ります,怒れば,怒ろう,怒って,怒った,怒らなかった,怒られる,怒らせる,怒れる,怒れ
起こる,おこる,to occur,godan,i,起こらない,起こります,起これば,起ころう,起こって,起こった,起こらなかった,起こられる,起こらせる,起これる,起これ
起こす,おこす,"to wake up, to cause",godan,t,起こさない,起こします,起こせば,起こそう,起こして,起こした,起こさなかった,起こされる,起こさせる,起こせる,起こせ
置く,おく,to put,godan,t,置かない,置きます,置けば,置こう,置いて,置いた,置かなかった,置かれる,置かせる,置ける,置け
送る,おくる,"to send, to see off",godan,t,送らない,送ります,送れば,送ろう,送って,送った,送らなかった,送られる,送らせる,送れる,送れ
思い出す,おもいだす,"to remember, to recall",godan,t,思い出さない,思い出します,思い出せば,思い出そう,思い出して,思い出した,思い出さなかった,思い出される,思い出させる,思い出せる,思い出せ
思う,おもう,to think,godan,t,思わない,思います,思えば,思おう,思って,思った,思わなかった,思われる,思わせる,思える,思え
下ろす,おろす,"to lower, to unload",godan,t,下ろさない,下ろします,下ろせば,下ろそう,下ろして,下ろした,下ろさなかった,下ろされる,下ろさせる,下ろせる,下ろせ
折る,おる,"to bend, to break, to fold",godan,t,折らない,折ります,折れば,折ろう,折って,折った,折らなかった,折られる,折らせる,折れる,折れ
治る,おさまる,"to subside, to quiet down",godan,i,治らない,治ります,治れば,治ろう,治って,治った,治らなかった,治られる,治らせる,治れる,治れ
襲う,おそう,"to attack, to invade",godan,t,襲わない,襲います,襲えば,襲おう,襲って,襲った,襲わなかった,襲われる,襲わせる,襲える,襲え
押す,おす,"to push, to press",godan,t,押さない,押します,押せば,押そう,押して,押した,押さなかった,押される,押させる,押せる,押せ
落とす,おとす,"to drop, to lose",godan,t,落とさない,落とします,落とせば,落とそう,落として,落とした,落とさなかった,落とされる,落とさせる,落とせる,落とせ
追う,おう,"to run after, to chase",godan,i,追わない,追います,追えば,追おう,追って,追った,追わなかった,追われる,追わせる,追える,追え
覆う,おおう,to cover,godan,t,覆わない,覆います,覆えば,覆おう,覆って,覆った,覆わなかった,覆われる,覆わせる,覆える,覆え
終わる,おわる,"to end, to finish",godan,i,終わらない,終わります,終われば,終わろう,終わって,終わった,終わらなかった,終わられる,終わらせる,終われる,終われ
及ぼす,およぼす,"to influence, to affect",godan,i,及ぼさない,及ぼします,及ぼせば,及ぼそう,及ぼして,及ぼした,及ぼさなかった,及ぼされる,及ぼさせる,及ぼせる,及ぼせ
泳ぐ,およぐ,to swim,godan,i,泳がない,泳ぎます,泳げば,泳ごう,泳いで,泳いだ,泳がなかった,泳がれる,泳がせる,泳げる,泳げ
下がる,さがる,"to fall, to drop, to hang",godan,i,下がらない,下がります,下がれば,下がろう,下がって,下がった,下がらなかった,下がられる,下がらせる,下がれる,下がれ
探す,さがす,"to look for, to search",godan,t,探さない,探します,探せば,探そう,探して,探した,探さなかった,探される,探させる,探せる,探せ
叫ぶ,さけぶ,to shout,godan,i,叫ばない,叫びます,叫べば,叫ぼう,叫んで,叫んだ,叫ばなかった,叫ばれる,叫ばせる,叫べる,叫べ
咲く,さく,to bloom,godan,i,咲かない,咲きます,咲けば,咲こう,咲いて,咲いた,咲かなかった,咲かれる,咲かせる,咲ける,咲け
裂く,さく,"to tear, to split",godan,t,裂かない,裂きます,裂けば,裂こう,裂いて,裂いた,裂かなかった,裂かれる,裂かせる,裂ける,裂け
冷ます,さます,to cool,godan,t,冷まさない,冷まします,冷ませば,冷まそう,冷まして,冷ました,冷まさなかった,冷まされる,冷まさせる,冷ませる,冷ませ
覚ます,さます,"to awake, to wake up",godan,t,覚まさない,覚まします,覚ませば,覚まそう,覚まして,覚ました,覚まさなかった,覚まされる,覚まさせる,覚ませる,覚ませ
去る,さる,"to leave, to go away",godan,i,去らない,去ります,去れば,去ろう,去って,去った,去らなかった,去られる,去らせる,去れる,去れ
囁く,ささやく,to whisper,godan,i,囁かない,囁きます,囁けば,囁こう,囁いて,囁いた,囁かなかった,囁かれる,囁かせる,囁ける,囁け
誘う,さそう,to invite,godan,t,誘わない,誘います,誘えば,誘おう,誘って,誘った,誘わなかった,誘われる,誘わせる,誘える,誘え
指す,さす,"to point to, to indicate",godan,t,指さない,指します,指せば,指そう,指して,指した,指さなかった,指される,指させる,指せる,指せ
差す,さす,"to shine upon, to hold up (an umbrella)",godan,"i,t",差さない,差します,差せば,差そう,差して,差した,差さなかった,差される,差させる,差せる,差せ
刺す,さす,"to stab, to pierce",godan,t,刺さない,刺します,刺せば,刺そう,刺して,刺した,刺さなかった,刺される,刺させる,刺せる,刺せ
悟る,さとる,"to realize, to understand",godan,t,悟らない,悟ります,悟れば,悟ろう,悟って,悟った,悟らなかった,悟られる,悟らせる,悟れる,悟れ
騒ぐ,さわぐ,to make noise,godan,i,騒がない,騒ぎます,騒げば,騒ごう,騒いで,騒いだ,騒がなかった,騒がれる,騒がせる,騒げる,騒げ
触る,さわる,to touch,godan,i,触らない,触ります,触れば,触ろう,触って,触った,触らなかった,触られる,触らせる,触れる,触れ
喋る,しゃべる,"to chat, to talk",godan,t,喋らない,喋ります,喋れば,喋ろう,喋って,喋った,喋らなかった,喋られる,喋らせる,喋れる,喋れ
縛る,しばる,"to tie, to bind",godan,t,縛らない,縛ります,縛れば,縛ろう,縛って,縛った,縛らなかった,縛られる,縛らせる,縛れる,縛れ
叱る,しかる,to scold,godan,t,叱らない,叱ります,叱れば,叱ろう,叱って,叱った,叱らなかった,叱られる,叱らせる,叱れる,叱れ
敷く,しく,"to lay, to pave, to spead (a mat)",godan,t,敷かない,敷きます,敷けば,敷こう,敷いて,敷いた,敷かなかった,敷かれる,敷かせる,敷ける,敷け
閉まる,しまる,"to be closed, to be shut",godan,i,閉まらない,閉まります,閉まれば,閉まろう,閉まって,閉まった,閉まらなかった,閉まられる,閉まらせる,閉まれる,閉まれ
締まる,しまる,to be tightened,godan,i,締まらない,締まります,締まれば,締まろう,締まって,締まった,締まらなかった,締まられる,締まらせる,締まれる,締まれ
しまう,しまう,to put away,godan,t,しまわない,しまいます,しまえば,しまおう,しまって,しまった,しまわなかった,しまわれる,しまわせる,しまえる,しまえ
示す,しめす,"to show, to point out",godan,t,示さない,示します,示せば,示そう,示して,示した,示さなかった,示される,示させる,示せる,示せ
死ぬ,しぬ,to die,godan,i,死なない,死にます,死ねば,死のう,死んで,死んだ,死ななかった,死なれる,死なせる,死ねる,死ね
知る,しる,to know,godan,t,知らない,知ります,知れば,知ろう,知って,知った,知らなかった,知られる,知らせる,知れる,知れ
従う,したがう,"to follow, to obey",godan,i,従わない,従います,従えば,従おう,従って,従った,従わなかった,従われる,従わせる,従える,従え
沈む,しずむ,to sink,godan,i,沈まない,沈みます,沈めば,沈もう,沈んで,沈んだ,沈まなかった,沈まれる,沈ませる,沈める,沈め
育つ,そだつ,to grow,godan,i,育たない,育ちます,育てば,育とう,育って,育った,育たなかった,育たれる,育たせる,育てる,育て
染まる,そまる,to dye,godan,i,染まらない,染まります,染まれば,染まろう,染まって,染まった,染まらなかった,染まられる,染まらせる,染まれる,染まれ
背く,そむく,to disobey,godan,i,背かない,背きます,背けば,背こう,背いて,背いた,背かなかった,背かれる,背かせる,背ける,背け
剃る,そる,to shave,godan,t,剃らない,剃ります,剃れば,剃ろう,剃って,剃った,剃らなかった,剃られる,剃らせる,剃れる,剃れ
反る,そる,to wrap,godan,i,反らない,反ります,反れば,反ろう,反って,反った,反らなかった,反られる,反らせる,反れる,反れ
滑る,すべる,"to slide, to slip, to skate",godan,i,滑らない,滑ります,滑れば,滑ろう,滑って,滑った,滑らなかった,滑られる,滑らせる,滑れる,滑れ
過ごす,すごす,to spend (one's time),godan,t,過ごさない,過ごします,過ごせば,過ごそう,過ごして,過ごした,過ごさなかった,過ごされる,過ごさせる,過ごせる,過ごせ
好く,すく,to like,godan,t,好かない,好きます,好けば,好こう,好いて,好いた,好かなかった,好かれる,好かせる,好ける,好け
空く,すく,to become empty,godan,i,空かない,空きます,空けば,空こう,空いて,空いた,空かなかった,空かれる,空かせる,空ける,空け
救う,すくう,to rescue,godan,t,救わない,救います,救えば,救おう,救って,救った,救わなかった,救われる,救わせる,救える,救え
住む,すむ,"to live, to reside",godan,i,住まない,住みます,住めば,住もう,住んで,住んだ,住まなかった,住まれる,住ませる,住める,住め
済む,すむ,to end,godan,i,済まない,済みます,済めば,済もう,済んで,済んだ,済まなかった,済まれる,済ませる,済める,済め
進む,すすむ,to advance,godan,i,進まない,進みます,進めば,進もう,進んで,進んだ,進まなかった,進まれる,進ませる,進める,進め
吸う,すう,"to inhale, to suck, to smoke",godan,t,吸わない,吸います,吸えば,吸おう,吸って,吸った,吸わなかった,吸われる,吸わせる,吸える,吸え
座る,すわる,to sit,godan,i,座らない,座ります,座れば,座ろう,座って,座った,座らなかった,座られる,座らせる,座れる,座れ
正す,ただす,to correct,godan,t,正さない,正します,正せば,正そう,正して,正した,正さなかった,正される,正させる,正せる,正せ
炊く,たく,to boil,godan,t,炊かない,炊きます,炊けば,炊こう,炊いて,炊いた,炊かなかった,炊かれる,炊かせる,炊ける,炊け
企む,たくらむ,"to plot, to scheme",godan,t,企まない,企みます,企めば,企もう,企んで,企んだ,企まなかった,企まれる,企ませる,企める,企め
託す,たくす,to entrust,godan,i,託さない,託します,託せば,託そう,託して,託した,託さなかった,託される,託させる,託せる,託せ
貯まる,たまる,to accumulate,godan,i,貯まらない,貯まります,貯まれば,貯まろう,貯まって,貯まった,貯まらなかった,貯まられる,貯まらせる,貯まれる,貯まれ
試す,ためす,"to try, to test",godan,t,試さない,試します,試せば,試そう,試して,試した,試さなかった,試される,試させる,試せる,試せ
保つ,たもつ,"to keep, to maintain",godan,t,保たない,保ちます,保てば,保とう,保って,保った,保たなかった,保たれる,保たせる,保てる,保て
頼む,たのむ,"to ask, to request",godan,t,頼まない,頼みます,頼めば,頼もう,頼んで,頼んだ,頼まなかった,頼まれる,頼ませる,頼める,頼め
楽しむ,たのしむ,to enjoy,godan,t,楽しまない,楽しみます,楽しめば,楽しもう,楽しんで,楽しんだ,楽しまなかった,楽しまれる,楽しませる,楽しめる,楽しめ
倒す,たおす,"to knock down, to defeat",godan,t,倒さない,倒します,倒せば,倒そう,倒して,倒した,倒さなかった,倒される,倒させる,倒せる,倒せ
垂らす,たらす,"to hang down, to drip",godan,t,垂らさない,垂らします,垂らせば,垂らそう,垂らして,垂らした,垂らさなかった,垂らされる,垂らさせる,垂らせる,垂らせ
弛む,たるむ,to loosen,godan,i,弛まない,弛みます,弛めば,弛もう,弛んで,弛んだ,弛まなかった,弛まれる,弛ませる,弛める,弛め
助かる,たすかる,"to be saved, to be rescured",godan,i,助からない,助かります,助かれば,助かろう,助かって,助かった,助からなかった,助かられる,助からせる,助かれる,助かれ
戦う,たたかう,"to fight, to struggle",godan,i,戦わない,戦います,戦えば,戦おう,戦って,戦った,戦わなかった,戦われる,戦わせる,戦える,戦え
叩く,たたく,"to hit, to strike, to slap",godan,t,叩かない,叩きます,叩けば,叩こう,叩いて,叩いた,叩かなかった,叩かれる,叩かせる,叩ける,叩け
立つ,たつ,"to stand, to rise",godan,i,立たない,立ちます,立てば,立とう,立って,立った,立たなかった,立たれる,立たせる,立てる,立て
建つ,たつ,to be built,godan,i,建たない,建ちます,建てば,建とう,建って,建った,建たなかった,建たれる,建たせる,建てる,建て
経つ,たつ,"to pass, to elapse",godan,i,経たない,経ちます,経てば,経とう,経って,経った,経たなかった,経たれる,経たせる,経てる,経て
頼る,たよる,"to depend on, to rely on",godan,i,頼らない,頼ります,頼れば,頼ろう,頼って,頼った,頼らなかった,頼られる,頼らせる,頼れる,頼れ
照らす,てらす,"to light up, to illuminate",godan,t,照らさない,照らします,照らせば,照らそう,照らして,照らした,照らさなかった,照らされる,照らさせる,照らせる,照らせ
照る,てる,to shine,godan,i,照らない,照ります,照れば,照ろう,照って,照った,照らなかった,照られる,照らせる,照れる,照れ
手伝う,てつだう,"to help, to assist",godan,i,手伝わない,手伝います,手伝えば,手伝おう,手伝って,手伝った,手伝わなかった,手伝われる,手伝わせる,手伝える,手伝え
飛ばす,とばす,to let fly,godan,t,飛ばさない,飛ばします,飛ばせば,飛ばそう,飛ばして,飛ばした,飛ばさなかった,飛ばされる,飛ばさせる,飛ばせる,飛ばせ
飛ぶ,とぶ,to fly,godan,i,飛ばない,飛びます,飛べば,飛ぼう,飛んで,飛んだ,飛ばなかった,飛ばれる,飛ばせる,飛べる,飛べ
跳ぶ,とぶ,to jump,godan,i,跳ばない,跳びます,跳べば,跳ぼう,跳んで,跳んだ,跳ばなかった,跳ばれる,跳ばせる,跳べる,跳べ
届く,とどく,"to be delivered, to arrive, to reach",godan,i,届かない,届きます,届けば,届こう,届いて,届いた,届かなかった,届かれる,届かせる,届ける,届け
尖る,とがる,to become sharp,godan,i,尖らない,尖ります,尖れば,尖ろう,尖って,尖った,尖らなかった,尖られる,尖らせる,尖れる,尖れ
研ぐ,とぐ,"to sharpen, to whet",godan,i,研がない,研ぎます,研げば,研ごう,研いで,研いだ,研がなかった,研がれる,研がせる,研げる,研げ
溶かす,とかす,"to melt, to dissolve",godan,t,溶かさない,溶かします,溶かせば,溶かそう,溶かして,溶かした,溶かさなかった,溶かされる,溶かさせる,溶かせる,溶かせ
解く,とく,"to untie, to solve",godan,t,解かない,解きます,解けば,解こう,解いて,解いた,解かなかった,解かれる,解かせる,解ける,解け
溶く,とく,"to melt, to dissolve",godan,t,溶かない,溶きます,溶けば,溶こう,溶いて,溶いた,溶かなかった,溶かれる,溶かせる,溶ける,溶け
止まる,とまる,"to stop, to be parked",godan,i,止まらない,止まります,止まれば,止まろう,止まって,止まった,止まらなかった,止まられる,止まらせる,止まれる,止まれ
泊まる,とまる,"to lodge, to stay the night",godan,i,泊まらない,泊まります,泊まれば,泊まろう,泊まって,泊まった,泊まらなかった,泊まられる,泊まらせる,泊まれる,泊まれ
取る,とる,"to get, to take, to catch",godan,t,取らない,取ります,取れば,取ろう,取って,取った,取らなかった,取られる,取らせる,取れる,取れ
通る,とおる,to pass,godan,i,通らない,通ります,通れば,通ろう,通って,通った,通らなかった,通られる,通らせる,通れる,通れ
通す,とおす,to let (a person) pass,godan,t,通さない,通します,通せば,通そう,通して,通した,通さなかった,通される,通させる,通せる,通せ
潰す,つぶす,"to smash, to scrap",godan,t,潰さない,潰します,潰せば,潰そう,潰して,潰した,潰さなかった,潰される,潰させる,潰せる,潰せ
償う,つぐなう,to compensate,godan,t,償わない,償います,償えば,償おう,償って,償った,償わなかった,償われる,償わせる,償える,償え
掴む,つかむ,"to grasp, to hold, to grip",godan,t,掴まない,掴みます,掴めば,掴もう,掴んで,掴んだ,掴まなかった,掴まれる,掴ませる,掴める,掴め
使う,つかう,"to use, to spend",godan,t,使わない,使います,使えば,使おう,使って,使った,使わなかった,使われる,使わせる,使える,使え
付き合う,つきあう,to associate,godan,i,付き合わない,付き合います,付き合えば,付き合おう,付き合って,付き合った,付き合わなかった,付き合われる,付き合わせる,付き合える,付き合え
付く,つく,"to stick, to be installed",godan,i,付かない,付きます,付けば,付こう,付いて,付いた,付かなかった,付かれる,付かせる,付ける,付け
着く,つく,to arrive,godan,i,着かない,着きます,着けば,着こう,着いて,着いた,着かなかった,着かれる,着かせる,着ける,着け
つく,つく,to be lighted,godan,i,つかない,つきます,つけば,つこう,ついて,ついた,つかなかった,つかれる,つかせる,つける,つけ
繕う,つくろう,"to patch, to repair",godan,t,繕わない,繕います,繕えば,繕おう,繕って,繕った,繕わなかった,繕われる,繕わせる,繕える,繕え
作る,つくる,"to make, to produce",godan,t,作らない,作ります,作れば,作ろう,作って,作った,作らなかった,作られる,作らせる,作れる,作れ
つまる,つまる,to pick,godan,t,つまらない,つまります,つまれば,つまろう,つまって,つまった,つまらなかった,つまられる,つまらせる,つまれる,つまれ
詰まる,つまる,to be blocked,godan,i,詰まらない,詰まります,詰まれば,詰まろう,詰まって,詰まった,詰まらなかった,詰まられる,詰まらせる,詰まれる,詰まれ
積もる,つもる,to be piled up,godan,i,積もらない,積もります,積もれば,積もろう,積もって,積もった,積もらなかった,積もられる,積もらせる,積もれる,積もれ
積む,つむ,to pile up,godan,t,積まない,積みます,積めば,積もう,積んで,積んだ,積まなかった,積まれる,積ませる,積める,積め
摘む,つむ,"to pick, to trim",godan,t,摘まない,摘みます,摘めば,摘もう,摘んで,摘んだ,摘まなかった,摘まれる,摘ませる,摘める,摘め
繋がる,つながる,to be connected,godan,i,繋がらない,繋がります,繋がれば,繋がろう,繋がって,繋がった,繋がらなかった,繋がられる,繋がらせる,繋がれる,繋がれ
繋ぐ,つなぐ,"to connect, to link",godan,t,繋がない,繋ぎます,繋げば,繋ごう,繋いで,繋いだ,繋がなかった,繋がれる,繋がせる,繋げる,繋げ
連れて行く,つれていく,to take (a person),godan,t,連れて行かない,連れて行きます,連れて行けば,連れて行こう,連れて行って,連れて行った,連れて行かなかった,連れて行かれる,連れて行かせる,連れて行ける,連れて行け
吊る,つる,to fish,godan,t,吊らない,吊ります,吊れば,吊ろう,吊って,吊った,吊らなかった,吊られる,吊らせる,吊れる,吊れ
伝わる,つたわる,to transmitted,godan,i,伝わらない,伝わります,伝われば,伝わろう,伝わって,伝わった,伝わらなかった,伝わられる,伝わらせる,伝われる,伝われ
包む,つつむ,"to wrap, to envelop",godan,t,包まない,包みます,包めば,包もう,包んで,包んだ,包まなかった,包まれる,包ませる,包める,包め
続く,つづく,"to continue, to last",godan,i,続かない,続きます,続けば,続こう,続いて,続いた,続かなかった,続かれる,続かせる,続ける,続け
奪う,うばう,"to snatch, to rob",godan,t,奪わない,奪います,奪えば,奪おう,奪って,奪った,奪わなかった,奪われる,奪わせる,奪える,奪え
動かす,うごかす,"to move, to run (a machine)",godan,t,動かさない,動かします,動かせば,動かそう,動かして,動かした,動かさなかった,動かされる,動かさせる,動かせる,動かせ
動く,うごく,"to move, to run",godan,i,動かない,動きます,動けば,動こう,動いて,動いた,動かなかった,動かれる,動かせる,動ける,動け
浮かぶ,うかぶ,to float,godan,i,浮かばない,浮かびます,浮かべば,浮かぼう,浮かんで,浮かんだ,浮かばなかった,浮かばれる,浮かばせる,浮かべる,浮かべ
受け持つ,うけもつ,to take charge,godan,t,受け持たない,受け持ちます,受け持てば,受け持とう,受け持って,受け持った,受け持たなかった,受け持たれる,受け持たせる,受け持てる,受け持て
受け取る,うけとる,"to get, to receive",godan,t,受け取らない,受け取ります,受け取れば,受け取ろう,受け取って,受け取った,受け取らなかった,受け取られる,受け取らせる,受け取れる,受け取れ
生む,うむ,to give birth,godan,t,生まない,生みます,生めば,生もう,生んで,生んだ,生まなかった,生まれる,生ませる,生める,生め
裏返す,うらがえす,"to overturn, to reverse",godan,t,裏返さない,裏返します,裏返せば,裏返そう,裏返して,裏返した,裏返さなかった,裏返される,裏返させる,裏返せる,裏返せ
恨む,うらむ,"to resent, to hold a grudge",godan,t,恨まない,恨みます,恨めば,恨もう,恨んで,恨んだ,恨まなかった,恨まれる,恨ませる,恨める,恨め
占う,うらなう,"to tell fortunes, to divine",godan,t,占わない,占います,占えば,占おう,占って,占った,占わなかった,占われる,占わせる,占える,占え
羨む,うらやむ,to envy,godan,t,羨まない,羨みます,羨めば,羨もう,羨んで,羨んだ,羨まなかった,羨まれる,羨ませる,羨める,羨め
売る,うる,to sell,godan,t,売らない,売ります,売れば,売ろう,売って,売った,売らなかった,売られる,売らせる,売れる,売れ
疑う,うたがう,"to doubt, to suspect",godan,t,疑わない,疑います,疑えば,疑おう,疑って,疑った,疑わなかった,疑われる,疑わせる,疑える,疑え
歌う,うたう,to sing,godan,t,歌わない,歌います,歌えば,歌おう,歌って,歌った,歌わなかった,歌われる,歌わせる,歌える,歌え
打つ,うつ,"to beat, to hit, to strike",godan,t,打たない,打ちます,打てば,打とう,打って,打った,打たなかった,打たれる,打たせる,打てる,打て
移る,うつる,"to move, to transfer",godan,i,移らない,移ります,移れば,移ろう,移って,移った,移らなかった,移られる,移らせる,移れる,移れ
映る,うつる,to be reflected,godan,i,映らない,映ります,映れば,映ろう,映って,映った,映らなかった,映られる,映らせる,映れる,映れ
写る,うつる,"to be copied, to be photographed",godan,i,写らない,写ります,写れば,写ろう,写って,写った,写らなかった,写られる,写らせる,写れる,写れ
移す,うつす,"to move, to transfer",godan,t,移さない,移します,移せば,移そう,移して,移した,移さなかった,移される,移させる,移せる,移せ
映す,うつす,to be reflected,godan,t,映さない,映します,映せば,映そう,映して,映した,映さなかった,映される,映させる,映せる,映せ
写す,うつす,"to be copied, to be in a picture",godan,i,写さない,写します,写せば,写そう,写して,写した,写さなかった,写される,写させる,写せる,写せ
分かる,わかる,"to understand, to know",godan,i,分からない,分かります,分かれば,分かろう,分かって,分かった,分からなかった,分かられる,分からせる,分かれる,分かれ
笑う,わらう,"to laugh, to smile",godan,i,笑わない,笑います,笑えば,笑おう,笑って,笑った,笑わなかった,笑われる,笑わせる,笑える,笑え
割る,わる,"to break, to split, to divide",godan,t,割らない,割ります,割れば,割ろう,割って,割った,割らなかった,割られる,割らせる,割れる,割れ
渡る,わたる,to across,godan,i,渡らない,渡ります,渡れば,渡ろう,渡って,渡った,渡らなかった,渡られる,渡らせる,渡れる,渡れ
渡す,わたす,to hand over,godan,t,渡さない,渡します,渡せば,渡そう,渡して,渡した,渡さなかった,渡される,渡させる,渡せる,渡せ
破る,やぶる,"to tear, to break",godan,t,破らない,破ります,破れば,破ろう,破って,破った,破らなかった,破られる,破らせる,破れる,破れ
焼く,やく,"to burn, to bake, to roast",godan,i,焼かない,焼きます,焼けば,焼こう,焼いて,焼いた,焼かなかった,焼かれる,焼かせる,焼ける,焼け
訳す,やくす,to translate,godan,t,訳さない,訳します,訳せば,訳そう,訳して,訳した,訳さなかった,訳される,訳させる,訳せる,訳せ
やむ,やむ,"to stop, to cease",godan,i,やまない,やみます,やめば,やもう,やんで,やんだ,やまなかった,やまれる,やませる,やめる,やめ
やる,やる,"to do, to give",godan,i,やらない,やります,やれば,やろう,やって,やった,やらなかった,やられる,やらせる,やれる,やれ
休む,やすむ,"to rest, to be absent",godan,i,休まない,休みます,休めば,休もう,休んで,休んだ,休まなかった,休まれる,休ませる,休める,休め
雇う,やとう,"to employ, to hire",godan,t,雇わない,雇います,雇えば,雇おう,雇って,雇った,雇わなかった,雇われる,雇わせる,雇える,雇え
呼ぶ,よぶ,"to call, to invite",godan,t,呼ばない,呼びます,呼べば,呼ぼう,呼んで,呼んだ,呼ばなかった,呼ばれる,呼ばせる,呼べる,呼べ
汚す,よごす,"to stain, to dirty",godan,t,汚さない,汚します,汚せば,汚そう,汚して,汚した,汚さなかった,汚される,汚させる,汚せる,汚せ
読む,よむ,to read,godan,t,読まない,読みます,読めば,読もう,読んで,読んだ,読まなかった,読まれる,読ませる,読める,読め
喜ぶ,よろこぶ,"to be glad, to be delighted",godan,i,喜ばない,喜びます,喜べば,喜ぼう,喜んで,喜んだ,喜ばなかった,喜ばれる,喜ばせる,喜べる,喜べ
寄る,よる,"to visit, to drop in",godan,i,寄らない,寄ります,寄れば,寄ろう,寄って,寄った,寄らなかった,寄られる,寄らせる,寄れる,寄れ
酔う,よう,to get drunk,godan,i,酔わない,酔います,酔えば,酔おう,酔って,酔った,酔わなかった,酔われる,酔わせる,酔える,酔え
歪む,ゆがむ,"to distorted, to wrap",godan,i,歪まない,歪みます,歪めば,歪もう,歪んで,歪んだ,歪まなかった,歪まれる,歪ませる,歪める,歪め
緩む,ゆるむ,"to slacken, to lossen",godan,i,緩まない,緩みます,緩めば,緩もう,緩んで,緩んだ,緩まなかった,緩まれる,緩ませる,緩める,緩め
許す,ゆるす,"to forgive, to permit",godan,t,許さない,許します,許せば,許そう,許して,許した,許さなかった,許される,許させる,許せる,許せ
揺する,ゆする,"to shake, to swing",godan,t,揺すらない,揺すります,揺すれば,揺すろう,揺すって,揺すった,揺すらなかった,揺すられる,揺すらせる,揺すれる,揺すれ
譲る,ゆずる,"to conside, to hand over",godan,t,譲らない,譲ります,譲れば,譲ろう,譲って,譲った,譲らなかった,譲られる,譲らせる,譲れる,譲れ
暴れる,あばれる,"to rage, to storm",ichidan,-,暴れない,暴れます,暴れれば,暴れよう,暴れて,暴れた,暴れなかった,暴れなれる,暴れさせる,暴れられる,暴れろ
浴びる,あびる,"to bathe, to take (a shower)",ichidan,-,浴びない,浴びます,浴びれば,浴びよう,浴びて,浴びた,浴びなかった,浴びなれる,浴びさせる,浴びられる,浴びろ
浴びせる,あびせる,to pour on,ichidan,-,浴びせない,浴びせます,浴びせれば,浴びせよう,浴びせて,浴びせた,浴びせなかった,浴びせなれる,浴びせさせる,浴びせられる,浴びせろ
あふれる,あふれる,to overflow,ichidan,-,あふれない,あふれます,あふれれば,あふれよう,あふれて,あふれた,あふれなかった,あふれなれる,あふれさせる,あふれられる,あふれろ
上げる,あげる,"to raise, to lift",ichidan,-,上げない,上げます,上げれば,上げよう,上げて,上げた,上げなかった,上げなれる,上げさせる,上げられる,上げろ
開ける,あける,to open,ichidan,-,開けない,開けます,開ければ,開けよう,開けて,開けた,開けなかった,開けなれる,開けさせる,開けられる,開けろ
空ける,あける,to empty,ichidan,-,空けない,空けます,空ければ,空けよう,空けて,空けた,空けなかった,空けなれる,空けさせる,空けられる,空けろ
明ける,あける,"to dawn, to day breaks",ichidan,-,明けない,明けます,明ければ,明けよう,明けて,明けた,明けなかった,明けなれる,明けさせる,明けられる,明けろ
諦める,あきらめる,to give up,ichidan,-,諦めない,諦めます,諦めれば,諦めよう,諦めて,諦めた,諦めなかった,諦めなれる,諦めさせる,諦められる,諦めろ
飽きる,あきる,to get tired of,ichidan,-,飽きない,飽きます,飽きれば,飽きよう,飽きて,飽きた,飽きなかった,飽きなれる,飽きさせる,飽きられる,飽きろ
現れる,あらわれる,to appear,ichidan,-,現れない,現れます,現れれば,現れよう,現れて,現れた,現れなかった,現れなれる,現れさせる,現れられる,現れろ
暖める,あたためる,"to heat, to warm",ichidan,-,暖めない,暖めます,暖めれば,暖めよう,暖めて,暖めた,暖めなかった,暖めなれる,暖めさせる,暖められる,暖めろ
当てる,あてる,"to hit, to strike",ichidan,-,当てない,当てます,当てれば,当てよう,当てて,当てた,当てなかった,当てなれる,当てさせる,当てられる,当てろ
集める,あつめる,"to assemble, to collect",ichidan,-,集めない,集めます,集めれば,集めよう,集めて,集めた,集めなかった,集めなれる,集めさせる,集められる,集めろ
合わせる,あわせる,to combine,ichidan,-,合わせない,合わせます,合わせれば,合わせよう,合わせて,合わせた,合わせなかった,合わせなれる,合わせさせる,合わせられる,合わせろ
慌てる,あわてる,"to panic, to be in rush",ichidan,-,慌てない,慌てます,慌てれば,慌てよう,慌てて,慌てた,慌てなかった,慌てなれる,慌てさせる,慌てられる,慌てろ
預ける,あずける,to deposit,ichidan,-,預けない,預けます,預ければ,預けよう,預けて,預けた,預けなかった,預けなれる,預けさせる,預けられる,預けろ
ぶつける,ぶつける,"to hit, to throw",ichidan,-,ぶつけない,ぶつけます,ぶつければ,ぶつけよう,ぶつけて,ぶつけた,ぶつけなかった,ぶつけなれる,ぶつけさせる,ぶつけられる,ぶつけろ
縮める,ちじめる,"to shorten, to shrink",ichidan,-,縮めない,縮めます,縮めれば,縮めよう,縮めて,縮めた,縮めなかった,縮めなれる,縮めさせる,縮められる,縮めろ
出かける,でかける,"to go out, to depart",ichidan,-,出かけない,出かけます,出かければ,出かけよう,出かけて,出かけた,出かけなかった,出かけなれる,出かけさせる,出かけられる,出かけろ
出来る,できる,"to can, to be compleyed",ichidan,-,出来ない,出来ます,出来れば,出来よう,出来て,出来た,出来なかった,出来なれる,出来させる,出来られる,出来ろ
出る,でる,"to leave, to come out",ichidan,-,出ない,出ます,出れば,出よう,出て,出た,出なかった,出なれる,出させる,出られる,出ろ
得る,える,"to get, to obtain",ichidan,-,得ない,得ます,得れば,得よう,得て,得た,得なかった,得なれる,得させる,得られる,得ろ
増える,ふえる,to increase,ichidan,-,増えない,増えます,増えれば,増えよう,増えて,増えた,増えなかった,増えなれる,増えさせる,増えられる,増えろ
含める,ふくめる,"to include, to contain",ichidan,-,含めない,含めます,含めれば,含めよう,含めて,含めた,含めなかった,含めなれる,含めさせる,含められる,含めろ
触れる,ふれる,to touch,ichidan,-,触れない,触れます,触れれば,触れよう,触れて,触れた,触れなかった,触れなれる,触れさせる,触れられる,触れろ
ふざける,ふざける,"to joke, to play pranks",ichidan,-,ふざけない,ふざけます,ふざければ,ふざけよう,ふざけて,ふざけた,ふざけなかった,ふざけなれる,ふざけさせる,ふざけられる,ふざけろ
生える,はえる,"to grow, to sprout",ichidan,-,生えない,生えます,生えれば,生えよう,生えて,生えた,生えなかった,生えなれる,生えさせる,生えられる,生えろ
映える,はえる,"to shine, to glow",ichidan,-,映えない,映えます,映えれば,映えよう,映えて,映えた,映えなかった,映えなれる,映えさせる,映えられる,映えろ
始める,はじめる,"to start, to begin",ichidan,-,始めない,始めます,始めれば,始めよう,始めて,始めた,始めなかった,始めなれる,始めさせる,始められる,始めろ
はめる,はめる,to wear (a ring),ichidan,-,はめない,はめます,はめれば,はめよう,はめて,はめた,はめなかった,はめなれる,はめさせる,はめられる,はめろ
離れる,はなれる,to be sparated,ichidan,-,離れない,離れます,離れれば,離れよう,離れて,離れた,離れなかった,離れなれる,離れさせる,離れられる,離れろ
跳ねる,はねる,to jump,ichidan,-,跳ねない,跳ねます,跳ねれば,跳ねよう,跳ねて,跳ねた,跳ねなかった,跳ねなれる,跳ねさせる,跳ねられる,跳ねろ
晴れる,はれる,to clear up,ichidan,-,晴れない,晴れます,晴れれば,晴れよう,晴れて,晴れた,晴れなかった,晴れなれる,晴れさせる,晴れられる,晴れろ
腫れる,はれる,to swell,ichidan,-,腫れない,腫れます,腫れれば,腫れよう,腫れて,腫れた,腫れなかった,腫れなれる,腫れさせる,腫れられる,腫れろ
外れる,はずれる,to miss,ichidan,-,外れない,外れます,外れれば,外れよう,外れて,外れた,外れなかった,外れなれる,外れさせる,外れられる,外れろ
冷える,ひえる,"to get cold, to cool down",ichidan,-,冷えない,冷えます,冷えれば,冷えよう,冷えて,冷えた,冷えなかった,冷えなれる,冷えさせる,冷えられる,冷えろ
引き受ける,ひきうける,"to undertake, to take charge",ichidan,-,引き受けない,引き受けます,引き受ければ,引き受けよう,引き受けて,引き受けた,引き受けなかった,引き受けなれる,引き受けさせる,引き受けられる,引き受けろ
広げる,ひろげる,"to spread, to extend",ichidan,-,広げない,広げます,広げれば,広げよう,広げて,広げた,広げなかった,広げなれる,広げさせる,広げられる,広げろ
吠える,ほえる,"to bark, to howl",ichidan,-,吠えない,吠えます,吠えれば,吠えよう,吠えて,吠えた,吠えなかった,吠えなれる,吠えさせる,吠えられる,吠えろ
褒める,ほめる,to praise,ichidan,-,褒めない,褒めます,褒めれば,褒めよう,褒めて,褒めた,褒めなかった,褒めなれる,褒めさせる,褒められる,褒めろ
虐める,いじめる,"to tease, to bully",ichidan,-,虐めない,虐めます,虐めれば,虐めよう,虐めて,虐めた,虐めなかった,虐めなれる,虐めさせる,虐められる,虐めろ
生ける,いける,to arrange (flowers),ichidan,-,生けない,生けます,生ければ,生けよう,生けて,生けた,生けなかった,生けなれる,生けさせる,生けられる,生けろ
生きる,いきる,to live,ichidan,-,生きない,生きます,生きれば,生きよう,生きて,生きた,生きなかった,生きなれる,生きさせる,生きられる,生きろ
入れる,いれる,"to put in, to include",ichidan,-,入れない,入れます,入れれば,入れよう,入れて,入れた,入れなかった,入れなれる,入れさせる,入れられる,入れろ
いる,いる,"to be, to stay",ichidan,-,いない,います,いれば,いよう,いて,いた,いなかった,いなれる,いさせる,いられる,いろ
変える,かえる,to change,ichidan,-,変えない,変えます,変えれば,変えよう,変えて,変えた,変えなかった,変えなれる,変えさせる,変えられる,変えろ
代える,かえる,"to substitute, to replace",ichidan,-,代えない,代えます,代えれば,代えよう,代えて,代えた,代えなかった,代えなれる,代えさせる,代えられる,代えろ
抱える,かかえる,to hold,ichidan,-,抱えない,抱えます,抱えれば,抱えよう,抱えて,抱えた,抱えなかった,抱えなれる,抱えさせる,抱えられる,抱えろ
隠れる,かくれる,to hide,ichidan,-,隠れない,隠れます,隠れれば,隠れよう,隠れて,隠れた,隠れなかった,隠れなれる,隠れさせる,隠れられる,隠れろ
考える,かんがえる,"to think, to consider",ichidan,-,考えない,考えます,考えれば,考えよう,考えて,考えた,考えなかった,考えなれる,考えさせる,考えられる,考えろ
感じる,かんじる,to feel,ichidan,-,感じない,感じます,感じれば,感じよう,感じて,感じた,感じなかった,感じなれる,感じさせる,感じられる,感じろ
枯れる,かれる,to wither,ichidan,-,枯れない,枯れます,枯れれば,枯れよう,枯れて,枯れた,枯れなかった,枯れなれる,枯れさせる,枯れられる,枯れろ
借りる,かりる,"to borrow, to rent",ichidan,-,借りない,借ります,借りれば,借りよう,借りて,借りた,借りなかった,借りなれる,借りさせる,借りられる,借りろ
重ねる,かさねる,to pile up,ichidan,-,重ねない,重ねます,重ねれば,重ねよう,重ねて,重ねた,重ねなかった,重ねなれる,重ねさせる,重ねられる,重ねろ
片付ける,かたずける,"to put in order, to tidy up",ichidan,-,片付けない,片付けます,片付ければ,片付けよう,片付けて,片付けた,片付けなかった,片付けなれる,片付けさせる,片付けられる,片付けろ
数える,かぞえる,to count,ichidan,-,数えない,数えます,数えれば,数えよう,数えて,数えた,数えなかった,数えなれる,数えさせる,数えられる,数えろ
消える,きえる,"to go out, to disappear",ichidan,-,消えない,消えます,消えれば,消えよう,消えて,消えた,消えなかった,消えなれる,消えさせる,消えられる,消えろ
聞こえる,きこえる,"to can hear, to audible",ichidan,-,聞こえない,聞こえます,聞こえれば,聞こえよう,聞こえて,聞こえた,聞こえなかった,聞こえなれる,聞こえさせる,聞こえられる,聞こえろ
決める,きめる,"to decide, to choice",ichidan,-,決めない,決めます,決めれば,決めよう,決めて,決めた,決めなかった,決めなれる,決めさせる,決められる,決めろ
切れる,きれる,"to cut off, to expire, to  be sharp",ichidan,-,切れない,切れます,切れれば,切れよう,切れて,切れた,切れなかった,切れなれる,切れさせる,切れられる,切れろ
着る,きる,"to wear, to put on",ichidan,-,着ない,着ます,着れば,着よう,着て,着た,着なかった,着なれる,着させる,着られる,着ろ
越える,こえる,"to cross, to pass",ichidan,-,越えない,越えます,越えれば,越えよう,越えて,越えた,越えなかった,越えなれる,越えさせる,越えられる,越えろ
肥える,こえる,"to be fertile, to get fat",ichidan,-,肥えない,肥えます,肥えれば,肥えよう,肥えて,肥えた,肥えなかった,肥えなれる,肥えさせる,肥えられる,肥えろ
焦げる,こげる,to burn,ichidan,-,焦げない,焦げます,焦げれば,焦げよう,焦げて,焦げた,焦げなかった,焦げなれる,焦げさせる,焦げられる,焦げろ
答える,こたえる,to answer,ichidan,-,答えない,答えます,答えれば,答えよう,答えて,答えた,答えなかった,答えなれる,答えさせる,答えられる,答えろ
壊れる,こわれる,to break,ichidan,-,壊れない,壊れます,壊れれば,壊れよう,壊れて,壊れた,壊れなかった,壊れなれる,壊れさせる,壊れられる,壊れろ
砕ける,くだける,"to be smashed, to be crushed",ichidan,-,砕けない,砕けます,砕ければ,砕けよう,砕けて,砕けた,砕けなかった,砕けなれる,砕けさせる,砕けられる,砕けろ
組み合わせる,くみあわせる,to combine,ichidan,-,組み合わせない,組み合わせます,組み合わせれば,組み合わせよう,組み合わせて,組み合わせた,組み合わせなかった,組み合わせなれる,組み合わせさせる,組み合わせられる,組み合わせろ
組み立てる,くみたてる,to assemble,ichidan,-,組み立てない,組み立てます,組み立てれば,組み立てよう,組み立てて,組み立てた,組み立てなかった,組み立てなれる,組み立てさせる,組み立てられる,組み立てろ
比べる,くらべる,to compare,ichidan,-,比べない,比べます,比べれば,比べよう,比べて,比べた,比べなかった,比べなれる,比べさせる,比べられる,比べろ
くれる,くれる,to give,ichidan,-,くれない,くれます,くれれば,くれよう,くれて,くれた,くれなかった,くれなれる,くれさせる,くれられる,くれろ
暮れる,くれる,to get dark,ichidan,-,暮れない,暮れます,暮れれば,暮れよう,暮れて,暮れた,暮れなかった,暮れなれる,暮れさせる,暮れられる,暮れろ
苦しめる,くるしめる,"to torment, to torture",ichidan,-,苦しめない,苦しめます,苦しめれば,苦しめよう,苦しめて,苦しめた,苦しめなかった,苦しめなれる,苦しめさせる,苦しめられる,苦しめろ
くたびれる,くたびれる,to be tired,ichidan,-,くたびれない,くたびれます,くたびれれば,くたびれよう,くたびれて,くたびれた,くたびれなかった,くたびれなれる,くたびれさせる,くたびれられる,くたびれろ
加える,くわえる,"to add, to increase",ichidan,-,加えない,加えます,加えれば,加えよう,加えて,加えた,加えなかった,加えなれる,加えさせる,加えられる,加えろ
咥える,くわえる,to chewing,ichidan,-,咥えない,咥えます,咥えれば,咥えよう,咥えて,咥えた,咥えなかった,咥えなれる,咥えさせる,咥えられる,咥えろ
崩れる,くずれる,to collapse,ichidan,-,崩れない,崩れます,崩れれば,崩れよう,崩れて,崩れた,崩れなかった,崩れなれる,崩れさせる,崩れられる,崩れろ
間違える,まちがえる,"to err, to make a mistake",ichidan,-,間違えない,間違えます,間違えれば,間違えよう,間違えて,間違えた,間違えなかった,間違えなれる,間違えさせる,間違えられる,間違えろ
曲げる,まげる,to bend,ichidan,-,曲げない,曲げます,曲げれば,曲げよう,曲げて,曲げた,曲げなかった,曲げなれる,曲げさせる,曲げられる,曲げろ
任せる,まかせる,to entrust,ichidan,-,任せない,任せます,任せれば,任せよう,任せて,任せた,任せなかった,任せなれる,任せさせる,任せられる,任せろ
負ける,まける,"to be defeated, to lose (a game)",ichidan,-,負けない,負けます,負ければ,負けよう,負けて,負けた,負けなかった,負けなれる,負けさせる,負けられる,負けろ
まとめる,まとめる,"to put together, to unify",ichidan,-,まとめない,まとめます,まとめれば,まとめよう,まとめて,まとめた,まとめなかった,まとめなれる,まとめさせる,まとめられる,まとめろ
混ぜる,まぜる,"to mix, to blend",ichidan,-,混ぜない,混ぜます,混ぜれば,混ぜよう,混ぜて,混ぜた,混ぜなかった,混ぜなれる,混ぜさせる,混ぜられる,混ぜろ
乱れる,みだれる,"to go out of order, to be corrupt",ichidan,-,乱れない,乱れます,乱れれば,乱れよう,乱れて,乱れた,乱れなかった,乱れなれる,乱れさせる,乱れられる,乱れろ
見える,みえる,"to be seen, to can see",ichidan,-,見えない,見えます,見えれば,見えよう,見えて,見えた,見えなかった,見えなれる,見えさせる,見えられる,見えろ
見る,みる,"to see, to look",ichidan,-,見ない,見ます,見れば,見よう,見て,見た,見なかった,見なれる,見させる,見られる,見ろ
見せる,みせる,to show,ichidan,-,見せない,見せます,見せれば,見せよう,見せて,見せた,見せなかった,見せなれる,見せさせる,見せられる,見せろ
認める,みとめる,to approve,ichidan,-,認めない,認めます,認めれば,認めよう,認めて,認めた,認めなかった,認めなれる,認めさせる,認められる,認めろ
見付ける,みつける,"to find, to discover",ichidan,-,見付けない,見付けます,見付ければ,見付けよう,見付けて,見付けた,見付けなかった,見付けなれる,見付けさせる,見付けられる,見付けろ
燃える,もえる,to burn,ichidan,-,燃えない,燃えます,燃えれば,燃えよう,燃えて,燃えた,燃えなかった,燃えなれる,燃えさせる,燃えられる,燃えろ
儲ける,もうける,"to earn, to make a profit",ichidan,-,儲けない,儲けます,儲ければ,儲けよう,儲けて,儲けた,儲けなかった,儲けなれる,儲けさせる,儲けられる,儲けろ
漏れる,もれる,to leak,ichidan,-,漏れない,漏れます,漏れれば,漏れよう,漏れて,漏れた,漏れなかった,漏れなれる,漏れさせる,漏れられる,漏れろ
持てる,もてる,to be popular with,ichidan,-,持てない,持てます,持てれば,持てよう,持てて,持てた,持てなかった,持てなれる,持てさせる,持てられる,持てろ
求める,もとめる,"to demand, to request",ichidan,-,求めない,求めます,求めれば,求めよう,求めて,求めた,求めなかった,求めなれる,求めさせる,求められる,求めろ
向ける,むける,to turn (something) to,ichidan,-,向けない,向けます,向ければ,向けよう,向けて,向けた,向けなかった,向けなれる,向けさせる,向けられる,向けろ
撫でる,なでる,to smooth down,ichidan,-,撫でない,撫でます,撫でれば,撫でよう,撫でて,撫でた,撫でなかった,撫でなれる,撫でさせる,撫でられる,撫でろ
流れる,ながれる,"to stream, to float",ichidan,-,流れない,流れます,流れれば,流れよう,流れて,流れた,流れなかった,流れなれる,流れさせる,流れられる,流れろ
投げる,なげる,"to throw, to pitch",ichidan,-,投げない,投げます,投げれば,投げよう,投げて,投げた,投げなかった,投げなれる,投げさせる,投げられる,投げろ
並べる,ならべる,"to put (things) in order, to display",ichidan,-,並べない,並べます,並べれば,並べよう,並べて,並べた,並べなかった,並べなれる,並べさせる,並べられる,並べろ
慣れる,なれる,to get used to,ichidan,-,慣れない,慣れます,慣れれば,慣れよう,慣れて,慣れた,慣れなかった,慣れなれる,慣れさせる,慣れられる,慣れろ
ねじる,ねじる,"to twist, to wrench",ichidan,-,ねじない,ねじます,ねじれば,ねじよう,ねじて,ねじた,ねじなかった,ねじなれる,ねじさせる,ねじられる,ねじろ
寝る,ねる,"to sleep, to lie down",ichidan,-,寝ない,寝ます,寝れば,寝よう,寝て,寝た,寝なかった,寝なれる,寝させる,寝られる,寝ろ
逃げる,にげる,"to flee, to escape",ichidan,-,逃げない,逃げます,逃げれば,逃げよう,逃げて,逃げた,逃げなかった,逃げなれる,逃げさせる,逃げられる,逃げろ
煮る,にる,to boil,ichidan,-,煮ない,煮ます,煮れば,煮よう,煮て,煮た,煮なかった,煮なれる,煮させる,煮られる,煮ろ
似る,にる,"to resemble, to look like",ichidan,-,似ない,似ます,似れば,似よう,似て,似た,似なかった,似なれる,似させる,似られる,似ろ
延びる,のびる,to be postponed,ichidan,-,延びない,延びます,延びれば,延びよう,延びて,延びた,延びなかった,延びなれる,延びさせる,延びられる,延びろ
伸びる,のびる,"to extend, to lengthen",ichidan,-,伸びない,伸びます,伸びれば,伸びよう,伸びて,伸びた,伸びなかった,伸びなれる,伸びさせる,伸びられる,伸びろ
乗り換える,のりかえる,to change (trains),ichidan,-,乗り換えない,乗り換えます,乗り換えれば,乗り換えよう,乗り換えて,乗り換えた,乗り換えなかった,乗り換えなれる,乗り換えさせる,乗り換えられる,乗り換えろ
載せる,のせる,"to publish, to print",ichidan,-,載せない,載せます,載せれば,載せよう,載せて,載せた,載せなかった,載せなれる,載せさせる,載せられる,載せろ
濡れる,ぬれる,to get wet,ichidan,-,濡れない,濡れます,濡れれば,濡れよう,濡れて,濡れた,濡れなかった,濡れなれる,濡れさせる,濡れられる,濡れろ
怯える,おびえる,"to be frightened, to be sacred",ichidan,-,怯えない,怯えます,怯えれば,怯えよう,怯えて,怯えた,怯えなかった,怯えなれる,怯えさせる,怯えられる,怯えろ
覚える,おぼえる,"to memorize, to learn",ichidan,-,覚えない,覚えます,覚えれば,覚えよう,覚えて,覚えた,覚えなかった,覚えなれる,覚えさせる,覚えられる,覚えろ
落ちる,おちる,to fall,ichidan,-,落ちない,落ちます,落ちれば,落ちよう,落ちて,落ちた,落ちなかった,落ちなれる,落ちさせる,落ちられる,落ちろ
追いかける,おいかける,"to chase, to run after",ichidan,-,追いかけない,追いかけます,追いかければ,追いかけよう,追いかけて,追いかけた,追いかけなかった,追いかけなれる,追いかけさせる,追いかけられる,追いかけろ
起きる,おきる,"to get up, to wake up",ichidan,-,起きない,起きます,起きれば,起きよう,起きて,起きた,起きなかった,起きなれる,起きさせる,起きられる,起きろ
遅れる,おくれる,"to be late, to be behind",ichidan,-,遅れない,遅れます,遅れれば,遅れよう,遅れて,遅れた,遅れなかった,遅れなれる,遅れさせる,遅れられる,遅れろ
折れる,おれる,"to break, to bend",ichidan,-,折れない,折れます,折れれば,折れよう,折れて,折れた,折れなかった,折れなれる,折れさせる,折れられる,折れろ
降りる,おりる,"to descend, to get off",ichidan,-,降りない,降ります,降りれば,降りよう,降りて,降りた,降りなかった,降りなれる,降りさせる,降りられる,降りろ
下りる,おりる,to go down,ichidan,-,下りない,下ります,下りれば,下りよう,下りて,下りた,下りなかった,下りなれる,下りさせる,下りられる,下りろ
抑える,おさえる,to suppress,ichidan,-,抑えない,抑えます,抑えれば,抑えよう,抑えて,抑えた,抑えなかった,抑えなれる,抑えさせる,抑えられる,抑えろ
治める,おさめる,to govern,ichidan,-,治めない,治めます,治めれば,治めよう,治めて,治めた,治めなかった,治めなれる,治めさせる,治められる,治めろ
教える,おしえる,"to teach, to tell",ichidan,-,教えない,教えます,教えれば,教えよう,教えて,教えた,教えなかった,教えなれる,教えさせる,教えられる,教えろ
錆びる,さびる,to get rusty,ichidan,-,錆びない,錆びます,錆びれば,錆びよう,錆びて,錆びた,錆びなかった,錆びなれる,錆びさせる,錆びられる,錆びろ
下げる,さげる,"to lower, to hang",ichidan,-,下げない,下げます,下げれば,下げよう,下げて,下げた,下げなかった,下げなれる,下げさせる,下げられる,下げろ
栄える,さかえる,"to flourish, to prosper",ichidan,-,栄えない,栄えます,栄えれば,栄えよう,栄えて,栄えた,栄えなかった,栄えなれる,栄えさせる,栄えられる,栄えろ
裂ける,さける,"to tear, to split",ichidan,-,裂けない,裂けます,裂ければ,裂けよう,裂けて,裂けた,裂けなかった,裂けなれる,裂けさせる,裂けられる,裂けろ
避ける,さける,to avoid,ichidan,-,避けない,避けます,避ければ,避けよう,避けて,避けた,避けなかった,避けなれる,避けさせる,避けられる,避けろ
支える,ささえる,"to support, to prop up",ichidan,-,支えない,支えます,支えれば,支えよう,支えて,支えた,支えなかった,支えなれる,支えさせる,支えられる,支えろ
攻める,せめる,to attack,ichidan,-,攻めない,攻めます,攻めれば,攻めよう,攻めて,攻めた,攻めなかった,攻めなれる,攻めさせる,攻められる,攻めろ
責める,せめる,to blame,ichidan,-,責めない,責めます,責めれば,責めよう,責めて,責めた,責めなかった,責めなれる,責めさせる,責められる,責めろ
痺れる,しびれる,to become numb,ichidan,-,痺れない,痺れます,痺れれば,痺れよう,痺れて,痺れた,痺れなかった,痺れなれる,痺れさせる,痺れられる,痺れろ
仕入れる,しいれる,to stock,ichidan,-,仕入れない,仕入れます,仕入れれば,仕入れよう,仕入れて,仕入れた,仕入れなかった,仕入れなれる,仕入れさせる,仕入れられる,仕入れろ
閉める,しめる,to close,ichidan,-,閉めない,閉めます,閉めれば,閉めよう,閉めて,閉めた,閉めなかった,閉めなれる,閉めさせる,閉められる,閉めろ
締める,しめる,"to tie, to fasten",ichidan,-,締めない,締めます,締めれば,締めよう,締めて,締めた,締めなかった,締めなれる,締めさせる,締められる,締めろ
染みる,しみる,to penetrate,ichidan,-,染みない,染みます,染みれば,染みよう,染みて,染みた,染みなかった,染みなれる,染みさせる,染みられる,染みろ
信じる,しんじる,to believe,ichidan,-,信じない,信じます,信じれば,信じよう,信じて,信じた,信じなかった,信じなれる,信じさせる,信じられる,信じろ
調べる,しらべる,"to check, to investigate",ichidan,-,調べない,調べます,調べれば,調べよう,調べて,調べた,調べなかった,調べなれる,調べさせる,調べられる,調べろ
知らせる,しらせる,to inform,ichidan,-,知らせない,知らせます,知らせれば,知らせよう,知らせて,知らせた,知らせなかった,知らせなれる,知らせさせる,知らせられる,知らせろ
沈める,しずめる,to sink,ichidan,-,沈めない,沈めます,沈めれば,沈めよう,沈めて,沈めた,沈めなかった,沈めなれる,沈めさせる,沈められる,沈めろ
静める,しずめる,"to calm, to quiet",ichidan,-,静めない,静めます,静めれば,静めよう,静めて,静めた,静めなかった,静めなれる,静めさせる,静められる,静めろ
育てる,そだてる,"to bring up, to raise",ichidan,-,育てない,育てます,育てれば,育てよう,育てて,育てた,育てなかった,育てなれる,育てさせる,育てられる,育てろ
添える,そえる,"to attach, to garnish",ichidan,-,添えない,添えます,添えれば,添えよう,添えて,添えた,添えなかった,添えなれる,添えさせる,添えられる,添えろ
染める,そめる,"to dye, to color",ichidan,-,染めない,染めます,染めれば,染めよう,染めて,染めた,染めなかった,染めなれる,染めさせる,染められる,染めろ
背ける,そむける,to turn (one's face) away,ichidan,-,背けない,背けます,背ければ,背けよう,背けて,背けた,背けなかった,背けなれる,背けさせる,背けられる,背けろ
供える,そなえる,to offer (to a god),ichidan,-,供えない,供えます,供えれば,供えよう,供えて,供えた,供えなかった,供えなれる,供えさせる,供えられる,供えろ
備える,そなえる,"to prepare, to be furnished with",ichidan,-,備えない,備えます,備えれば,備えよう,備えて,備えた,備えなかった,備えなれる,備えさせる,備えられる,備えろ
過ぎる,すぎる,"to pass, to exceed",ichidan,-,過ぎない,過ぎます,過ぎれば,過ぎよう,過ぎて,過ぎた,過ぎなかった,過ぎなれる,過ぎさせる,過ぎられる,過ぎろ
優れる,すぐれる,to be excellent,ichidan,-,優れない,優れます,優れれば,優れよう,優れて,優れた,優れなかった,優れなれる,優れさせる,優れられる,優れろ
擦り切れる,すりきれる,to be worn out,ichidan,-,擦り切れない,擦り切れます,擦り切れれば,擦り切れよう,擦り切れて,擦り切れた,擦り切れなかった,擦り切れなれる,擦り切れさせる,擦り切れられる,擦り切れろ
進める,すすめる,to advance,ichidan,-,進めない,進めます,進めれば,進めよう,進めて,進めた,進めなかった,進めなれる,進めさせる,進められる,進めろ
勧める,すすめる,to recommend,ichidan,-,勧めない,勧めます,勧めれば,勧めよう,勧めて,勧めた,勧めなかった,勧めなれる,勧めさせる,勧められる,勧めろ
捨てる,すてる,"to throw away, to abadon",ichidan,-,捨てない,捨てます,捨てれば,捨てよう,捨てて,捨てた,捨てなかった,捨てなれる,捨てさせる,捨てられる,捨てろ
食べる,たべる,to eat,ichidan,-,食べない,食べます,食べれば,食べよう,食べて,食べた,食べなかった,食べなれる,食べさせる,食べられる,食べろ
耐える,たえる,"to bear, to endure",ichidan,-,耐えない,耐えます,耐えれば,耐えよう,耐えて,耐えた,耐えなかった,耐えなれる,耐えさせる,耐えられる,耐えろ
高める,たかめる,"to raise, to lift",ichidan,-,高めない,高めます,高めれば,高めよう,高めて,高めた,高めなかった,高めなれる,高めさせる,高められる,高めろ
蓄える,たくわえる,"to store, to save",ichidan,-,蓄えない,蓄えます,蓄えれば,蓄えよう,蓄えて,蓄えた,蓄えなかった,蓄えなれる,蓄えさせる,蓄えられる,蓄えろ
貯める,ためる,"to save, to accumulate",ichidan,-,貯めない,貯めます,貯めれば,貯めよう,貯めて,貯めた,貯めなかった,貯めなれる,貯めさせる,貯められる,貯めろ
倒れる,たおれる,"to fall down, to collapse",ichidan,-,倒れない,倒れます,倒れれば,倒れよう,倒れて,倒れた,倒れなかった,倒れなれる,倒れさせる,倒れられる,倒れろ
足りる,たりる,"to be enough, to suffice",ichidan,-,足りない,足ります,足りれば,足りよう,足りて,足りた,足りなかった,足りなれる,足りさせる,足りられる,足りろ
確かめる,たしかめる,to confirm,ichidan,-,確かめない,確かめます,確かめれば,確かめよう,確かめて,確かめた,確かめなかった,確かめなれる,確かめさせる,確かめられる,確かめろ
助ける,たすける,"to help, to save",ichidan,-,助けない,助けます,助ければ,助けよう,助けて,助けた,助けなかった,助けなれる,助けさせる,助けられる,助けろ
立てる,たてる,"to stand, to erect",ichidan,-,立てない,立てます,立てれば,立てよう,立てて,立てた,立てなかった,立てなれる,立てさせる,立てられる,立てろ
建てる,たてる,to build,ichidan,-,建てない,建てます,建てれば,建てよう,建てて,建てた,建てなかった,建てなれる,建てさせる,建てられる,建てろ
尋ねる,たずねる,to ask,ichidan,-,尋ねない,尋ねます,尋ねれば,尋ねよう,尋ねて,尋ねた,尋ねなかった,尋ねなれる,尋ねさせる,尋ねられる,尋ねろ
訪ねる,たずねる,to visit,ichidan,-,訪ねない,訪ねます,訪ねれば,訪ねよう,訪ねて,訪ねた,訪ねなかった,訪ねなれる,訪ねさせる,訪ねられる,訪ねろ
届ける,とどける,to deliver,ichidan,-,届けない,届けます,届ければ,届けよう,届けて,届けた,届けなかった,届けなれる,届けさせる,届けられる,届けろ
閉じる,とじる,"to shut, to close",ichidan,-,閉じない,閉じます,閉じれば,閉じよう,閉じて,閉じた,閉じなかった,閉じなれる,閉じさせる,閉じられる,閉じろ
溶ける,とける,"to melt, to dissolve",ichidan,-,溶けない,溶けます,溶ければ,溶けよう,溶けて,溶けた,溶けなかった,溶けなれる,溶けさせる,溶けられる,溶けろ
解ける,とける,"to be solved, to become untied",ichidan,-,解けない,解けます,解ければ,解けよう,解けて,解けた,解けなかった,解けなれる,解けさせる,解けられる,解けろ
止める,とめる,"to stop, to turn off",ichidan,-,止めない,止めます,止めれば,止めよう,止めて,止めた,止めなかった,止めなれる,止めさせる,止められる,止めろ
泊める,とめる,"to lodge, to give lodging",ichidan,-,泊めない,泊めます,泊めれば,泊めよう,泊めて,泊めた,泊めなかった,泊めなれる,泊めさせる,泊められる,泊めろ
留める,とめる,"to fasten, to detain",ichidan,-,留めない,留めます,留めれば,留めよう,留めて,留めた,留めなかった,留めなれる,留めさせる,留められる,留めろ
捕らえる,とらえる,"to catch, to capture",ichidan,-,捕らえない,捕らえます,捕らえれば,捕らえよう,捕らえて,捕らえた,捕らえなかった,捕らえなれる,捕らえさせる,捕らえられる,捕らえろ
取れる,とれる,"to come off, to be caugh",ichidan,-,取れない,取れます,取れれば,取れよう,取れて,取れた,取れなかった,取れなれる,取れさせる,取れられる,取れろ
取り入れる,とりいれる,to adopt,ichidan,-,取り入れない,取り入れます,取り入れれば,取り入れよう,取り入れて,取り入れた,取り入れなかった,取り入れなれる,取り入れさせる,取り入れられる,取り入れろ
取り替える,とりかえる,"to exchange, to renew",ichidan,-,取り替えない,取り替えます,取り替えれば,取り替えよう,取り替えて,取り替えた,取り替えなかった,取り替えなれる,取り替えさせる,取り替えられる,取り替えろ
整える,ととのえる,"to arrange, to put in order",ichidan,-,整えない,整えます,整えれば,整えよう,整えて,整えた,整えなかった,整えなれる,整えさせる,整えられる,整えろ
潰れる,つぶれる,to go bankrupt,ichidan,-,潰れない,潰れます,潰れれば,潰れよう,潰れて,潰れた,潰れなかった,潰れなれる,潰れさせる,潰れられる,潰れろ
通じる,つうじる,"to be laid, to be understood",ichidan,-,通じない,通じます,通じれば,通じよう,通じて,通じた,通じなかった,通じなれる,通じさせる,通じられる,通じろ
捕まえる,つかまえる,"to catch, to arrest",ichidan,-,捕まえない,捕まえます,捕まえれば,捕まえよう,捕まえて,捕まえた,捕まえなかった,捕まえなれる,捕まえさせる,捕まえられる,捕まえろ
疲れる,つかれる,to be tired,ichidan,-,疲れない,疲れます,疲れれば,疲れよう,疲れて,疲れた,疲れなかった,疲れなれる,疲れさせる,疲れられる,疲れろ
付ける,つける,"to attach, to install",ichidan,-,付けない,付けます,付ければ,付けよう,付けて,付けた,付けなかった,付けなれる,付けさせる,付けられる,付けろ
つける,つける,to turn on,ichidan,-,つけない,つけます,つければ,つけよう,つけて,つけた,つけなかった,つけなれる,つけさせる,つけられる,つけろ
伝える,つたえる,"to report, to tell",ichidan,-,伝えない,伝えます,伝えれば,伝えよう,伝えて,伝えた,伝えなかった,伝えなれる,伝えさせる,伝えられる,伝えろ
勤める,つとめる,"to work for, to be employed",ichidan,-,勤めない,勤めます,勤めれば,勤めよう,勤めて,勤めた,勤めなかった,勤めなれる,勤めさせる,勤められる,勤めろ
努める,つとめる,to make efforts,ichidan,-,努めない,努めます,努めれば,努めよう,努めて,努めた,努めなかった,努めなれる,努めさせる,努められる,努めろ
続ける,つずける,"to continue, to proceed",ichidan,-,続けない,続けます,続ければ,続けよう,続けて,続けた,続けなかった,続けなれる,続けさせる,続けられる,続けろ
植える,うえる,to plant,ichidan,-,植えない,植えます,植えれば,植えよう,植えて,植えた,植えなかった,植えなれる,植えさせる,植えられる,植えろ
浮かべる,うかべる,"to float, to set afloat",ichidan,-,浮かべない,浮かべます,浮かべれば,浮かべよう,浮かべて,浮かべた,浮かべなかった,浮かべなれる,浮かべさせる,浮かべられる,浮かべろ
受け入れる,うけいれる,to accept,ichidan,-,受け入れない,受け入れます,受け入れれば,受け入れよう,受け入れて,受け入れた,受け入れなかった,受け入れなれる,受け入れさせる,受け入れられる,受け入れろ
受ける,うける,"to get, to receive",ichidan,-,受けない,受けます,受ければ,受けよう,受けて,受けた,受けなかった,受けなれる,受けさせる,受けられる,受けろ
受け付ける,うけつける,to accept,ichidan,-,受け付けない,受け付けます,受け付ければ,受け付けよう,受け付けて,受け付けた,受け付けなかった,受け付けなれる,受け付けさせる,受け付けられる,受け付けろ
生まれる,うまれる,to be born,ichidan,-,生まれない,生まれます,生まれれば,生まれよう,生まれて,生まれた,生まれなかった,生まれなれる,生まれさせる,生まれられる,生まれろ
売れる,うれる,to sell,ichidan,-,売れない,売れます,売れれば,売れよう,売れて,売れた,売れなかった,売れなれる,売れさせる,売れられる,売れろ
売り切れる,うりきれる,to be sold out,ichidan,-,売り切れない,売り切れます,売り切れれば,売り切れよう,売り切れて,売り切れた,売り切れなかった,売り切れなれる,売り切れさせる,売り切れられる,売り切れろ
訴える,うったえる,"to appeal, to complain",ichidan,-,訴えない,訴えます,訴えれば,訴えよう,訴えて,訴えた,訴えなかった,訴えなれる,訴えさせる,訴えられる,訴えろ
分かれる,わかれる,to be devided,ichidan,-,分かれない,分かれます,分かれれば,分かれよう,分かれて,分かれた,分かれなかった,分かれなれる,分かれさせる,分かれられる,分かれろ
別れる,わかれる,"to part from, to separate from",ichidan,-,別れない,別れます,別れれば,別れよう,別れて,別れた,別れなかった,別れなれる,別れさせる,別れられる,別れろ
分ける,わける,to divide,ichidan,-,分けない,分けます,分ければ,分けよう,分けて,分けた,分けなかった,分けなれる,分けさせる,分けられる,分けろ
割れる,われる,"to break, to split",ichidan,-,割れない,割れます,割れれば,割れよう,割れて,割れた,割れなかった,割れなれる,割れさせる,割れられる,割れろ
忘れる,わすれる,"to forget, to leave (a thing) behind",ichidan,-,忘れない,忘れます,忘れれば,忘れよう,忘れて,忘れた,忘れなかった,忘れなれる,忘れさせる,忘れられる,忘れろ
破れる,やぶれる,to tear,ichidan,-,破れない,破れます,破れれば,破れよう,破れて,破れた,破れなかった,破れなれる,破れさせる,破れられる,破れろ
敗れる,やぶれる,"to be defeated, to lose (a game)",ichidan,-,敗れない,敗れます,敗れれば,敗れよう,敗れて,敗れた,敗れなかった,敗れなれる,敗れさせる,敗れられる,敗れろ
焼ける,やける,"to be burnt, to lose",ichidan,-,焼けない,焼けます,焼ければ,焼けよう,焼けて,焼けた,焼けなかった,焼けなれる,焼けさせる,焼けられる,焼けろ
やめる,やめる,"to quit, to stop",ichidan,-,やめない,やめます,やめれば,やめよう,やめて,やめた,やめなかった,やめなれる,やめさせる,やめられる,やめろ
辞める,やめる,to resign,ichidan,-,辞めない,辞めます,辞めれば,辞めよう,辞めて,辞めた,辞めなかった,辞めなれる,辞めさせる,辞められる,辞めろ
痩せる,やせる,"to lose weight, to become thin",ichidan,-,痩せない,痩せます,痩せれば,痩せよう,痩せて,痩せた,痩せなかった,痩せなれる,痩せさせる,痩せられる,痩せろ
汚れる,よごれる,to get dirty,ichidan,-,汚れない,汚れます,汚れれば,汚れよう,汚れて,汚れた,汚れなかった,汚れなれる,汚れさせる,汚れられる,汚れろ
寄せる,よせる,to gather,ichidan,-,寄せない,寄せます,寄せれば,寄せよう,寄せて,寄せた,寄せなかった,寄せなれる,寄せさせる,寄せられる,寄せろ
茹でる,ゆでる,to boil,ichidan,-,茹でない,茹でます,茹でれば,茹でよう,茹でて,茹でた,茹でなかった,茹でなれる,茹でさせる,茹でられる,茹でろ
揺れる,ゆれる,to shake,ichidan,-,揺れない,揺れます,揺れれば,揺れよう,揺れて,揺れた,揺れなかった,揺れなれる,揺れさせる,揺れられる,揺れろ
緩める,ゆるめる,to loosen,ichidan,-,緩めない,緩めます,緩めれば,緩めよう,緩めて,緩めた,緩めなかった,緩めなれる,緩めさせる,緩められる,緩めろ
ずれる,ずれる,"to slip, to slide",ichidan,-,ずれない,ずれます,ずれれば,ずれよう,ずれて,ずれた,ずれなかった,ずれなれる,ずれさせる,ずれられる,ずれろ
来る,くる,to come,irregular,-,こない,きまる,くれば,こよう,来て,来た,こんなかった,こられる,こさせる,こられる,こい
持って来る,もってくる,to bring (a thing),irregular,-,持ってこない,持ってきまる,持ってくれば,持ってこよう,持って来て,持って来た,持ってこんなかった,持ってこられる,持ってこさせる,持ってこられる,持ってこい
連れてくる,つれてくる,to bring (a person),irregular,-,連れてこない,連れてきまる,連れてくれば,連れてこよう,連れて来て,連れて来た,連れてこんなかった,連れてこられる,連れてこさせる,連れてこられる,連れてこい
する,する,"to do, to play",irregular,-,しない,します,すれば,しよう,して,した,しなかった,される,させる,できる,しろ
アドバイスする,アドバイスする,to advise,irregular,-,アドバイスしない,アドバイスします,アドバイスすれば,アドバイスしよう,アドバイスして,アドバイスした,アドバイスしなかった,アドバイスされる,アドバイスさせる,アドバイスできる,アドバイスしろ
あいさつする,あいさつする,to greet,irregular,-,あいさつしない,あいさつします,あいさつすれば,あいさつしよう,あいさつして,あいさつした,あいさつしなかった,あいさつされる,あいさつさせる,あいさつできる,あいさつしろ
握手する,あくしゅする,to shake hands,irregular,-,握手しない,握手します,握手すれば,握手しよう,握手して,握手した,握手しなかった,握手される,握手させる,握手できる,握手しろ
悪用する,あくようする,"to misuse, to abuse",irregular,-,悪用しない,悪用します,悪用すれば,悪用しよう,悪用して,悪用した,悪用しなかった,悪用される,悪用させる,悪用できる,悪用しろ
アナウンサーする,アナウンサーする,to announce,irregular,-,アナウンサーしない,アナウンサーします,アナウンサーすれば,アナウンサーしよう,アナウンサーして,アナウンサーした,アナウンサーしなかった,アナウンサーされる,アナウンサーさせる,アナウンサーできる,アナウンサーしろ
暗記する,あんきする,"to memorize, to learn by heart",irregular,-,暗記しない,暗記します,暗記すれば,暗記しよう,暗記して,暗記した,暗記しなかった,暗記される,暗記させる,暗記できる,暗記しろ
案内する,あんないする,to guide,irregular,-,案内しない,案内します,案内すれば,案内しよう,案内して,案内した,案内しなかった,案内される,案内させる,案内できる,案内しろ
安心する,あんしんする,to feet at ease,irregular,-,安心しない,安心します,安心すれば,安心しよう,安心して,安心した,安心しなかった,安心される,安心させる,安心できる,安心しろ
安定する,あんていする,to become stable,irregular,-,安定しない,安定します,安定すれば,安定しよう,安定して,安定した,安定しなかった,安定される,安定させる,安定できる,安定しろ
アピールする,アピールする,to appeal,irregular,-,アピールしない,アピールします,アピールすれば,アピールしよう,アピールして,アピールした,アピールしなかった,アピールされる,アピールさせる,アピールできる,アピールしろ
アタックする,アタックする,to attack,irregular,-,アタックしない,アタックします,アタックすれば,アタックしよう,アタックして,アタックした,アタックしなかった,アタックされる,アタックさせる,アタックできる,アタックしろ
爆発する,ばくはつする,to explode,irregular,-,爆発しない,爆発します,爆発すれば,爆発しよう,爆発して,爆発した,爆発しなかった,爆発される,爆発させる,爆発できる,爆発しろ
弁護する,べんごする,to defend,irregular,-,弁護しない,弁護します,弁護すれば,弁護しよう,弁護して,弁護した,弁護しなかった,弁護される,弁護させる,弁護できる,弁護しろ
勉強する,べんきょうする,to study,irregular,-,勉強しない,勉強します,勉強すれば,勉強しよう,勉強して,勉強した,勉強しなかった,勉強される,勉強させる,勉強できる,勉強しろ
妨害する,ぼうがいする,"to interrupt, to obstruct",irregular,-,妨害しない,妨害します,妨害すれば,妨害しよう,妨害して,妨害した,妨害しなかった,妨害される,妨害させる,妨害できる,妨害しろ
防止する,ぼうしする,to prevent,irregular,-,防止しない,防止します,防止すれば,防止しよう,防止して,防止した,防止しなかった,防止される,防止させる,防止できる,防止しろ
募集する,ぼうしゅうする,to recruit,irregular,-,募集しない,募集します,募集すれば,募集しよう,募集して,募集した,募集しなかった,募集される,募集させる,募集できる,募集しろ
分析する,ぶんせきする,to analyze,irregular,-,分析しない,分析します,分析すれば,分析しよう,分析して,分析した,分析しなかった,分析される,分析させる,分析できる,分析しろ
チャレンジする,チャレンジする,to challenge,irregular,-,チャレンジしない,チャレンジします,チャレンジすれば,チャレンジしよう,チャレンジして,チャレンジした,チャレンジしなかった,チャレンジされる,チャレンジさせる,チャレンジできる,チャレンジしろ
チェンジする,チェンジする,to check,irregular,-,チェンジしない,チェンジします,チェンジすれば,チェンジしよう,チェンジして,チェンジした,チェンジしなかった,チェンジされる,チェンジさせる,チェンジできる,チェンジしろ
遅刻する,ちこくする,to be late (for school),irregular,-,遅刻しない,遅刻します,遅刻すれば,遅刻しよう,遅刻して,遅刻した,遅刻しなかった,遅刻される,遅刻させる,遅刻できる,遅刻しろ
陳列する,ちんれつする,to display,irregular,-,陳列しない,陳列します,陳列すれば,陳列しよう,陳列して,陳列した,陳列しなかった,陳列される,陳列させる,陳列できる,陳列しろ
貯金する,ちょきんする,"to depost, to save money",irregular,-,貯金しない,貯金します,貯金すれば,貯金しよう,貯金して,貯金した,貯金しなかった,貯金される,貯金させる,貯金できる,貯金しろ
調査する,ちょうさする,to investigate,irregular,-,調査しない,調査します,調査すれば,調査しよう,調査して,調査した,調査しなかった,調査される,調査させる,調査できる,調査しろ
注意する,ちゅういする,"to pay attention, to warn",irregular,-,注意しない,注意します,注意すれば,注意しよう,注意して,注意した,注意しなかった,注意される,注意させる,注意できる,注意しろ
忠告する,ちゅうこくする,to advise,irregular,-,忠告しない,忠告します,忠告すれば,忠告しよう,忠告して,忠告した,忠告しなかった,忠告される,忠告させる,忠告できる,忠告しろ
注文する,ちゅうもんする,to order (goods),irregular,-,注文しない,注文します,注文すれば,注文しよう,注文して,注文した,注文しなかった,注文される,注文させる,注文できる,注文しろ
中止する,ちゅうしする,to cancel,irregular,-,中止しない,中止します,中止すれば,中止しよう,中止して,中止した,中止しなかった,中止される,中止させる,中止できる,中止しろ
代表する,だいひょうする,to represent,irregular,-,代表しない,代表します,代表すれば,代表しよう,代表して,代表した,代表しなかった,代表される,代表させる,代表できる,代表しろ
妥協する,だきょうする,to compromise,irregular,-,妥協しない,妥協します,妥協すれば,妥協しよう,妥協して,妥協した,妥協しなかった,妥協される,妥協させる,妥協できる,妥協しろ
ダンスする,ダンスする,to dance,irregular,-,ダンスしない,ダンスします,ダンスすれば,ダンスしよう,ダンスして,ダンスした,ダンスしなかった,ダンスされる,ダンスさせる,ダンスできる,ダンスしろ
デビューする,デビューする,to make one's debut,irregular,-,デビューしない,デビューします,デビューすれば,デビューしよう,デビューして,デビューした,デビューしなかった,デビューされる,デビューさせる,デビューできる,デビューしろ
電話する,でんわする,"to call, to phone",irregular,-,電話しない,電話します,電話すれば,電話しよう,電話して,電話した,電話しなかった,電話される,電話させる,電話できる,電話しろ
デートする,デートする,to date,irregular,-,デートしない,デートします,デートすれば,デートしよう,デートして,デートした,デートしなかった,デートされる,デートさせる,デートできる,デートしろ
ディスプレーする,ディスプレーする,to display,irregular,-,ディスプレーしない,ディスプレーします,ディスプレーすれば,ディスプレーしよう,ディスプレーして,ディスプレーした,ディスプレーしなかった,ディスプレーされる,ディスプレーさせる,ディスプレーできる,ディスプレーしろ
同意する,どういする,to agree,irregular,-,同意しない,同意します,同意すれば,同意しよう,同意して,同意した,同意しなかった,同意される,同意させる,同意できる,同意しろ
独立する,どくりつする,to become independent,irregular,-,独立しない,独立します,独立すれば,独立しよう,独立して,独立した,独立しなかった,独立される,独立させる,独立できる,独立しろ
努力する,どりょくする,to make efforts,irregular,-,努力しない,努力します,努力すれば,努力しよう,努力して,努力した,努力しなかった,努力される,努力させる,努力できる,努力しろ
営業する,えいぎょうする,to do business,irregular,-,営業しない,営業します,営業すれば,営業しよう,営業して,営業した,営業しなかった,営業される,営業させる,営業できる,営業しろ
援助する,えんじょする,"to aid, to assist",irregular,-,援助しない,援助します,援助すれば,援助しよう,援助して,援助した,援助しなかった,援助される,援助させる,援助できる,援助しろ
エンジョイする,エンジョイする,to enjoy,irregular,-,エンジョイしない,エンジョイします,エンジョイすれば,エンジョイしよう,エンジョイして,エンジョイした,エンジョイしなかった,エンジョイされる,エンジョイさせる,エンジョイできる,エンジョイしろ
延期する,えんきする,to postpone,irregular,-,延期しない,延期します,延期すれば,延期しよう,延期して,延期した,延期しなかった,延期される,延期させる,延期できる,延期しろ
演説する,えんぜつする,to make a speech,irregular,-,演説しない,演説します,演説すれば,演説しよう,演説して,演説した,演説しなかった,演説される,演説させる,演説できる,演説しろ
エスケープする,エスケープする,to escape,irregular,-,エスケープしない,エスケープします,エスケープすれば,エスケープしよう,エスケープして,エスケープした,エスケープしなかった,エスケープされる,エスケープさせる,エスケープできる,エスケープしろ
復習する,ふくしゅうする,to review,irregular,-,復習しない,復習します,復習すれば,復習しよう,復習して,復習した,復習しなかった,復習される,復習させる,復習できる,復習しろ
普及する,ふきゅうする,"to spread, to be popular",irregular,-,普及しない,普及します,普及すれば,普及しよう,普及して,普及した,普及しなかった,普及される,普及させる,普及できる,普及しろ
不足する,ふそくする,to be short of,irregular,-,不足しない,不足します,不足すれば,不足しよう,不足して,不足した,不足しなかった,不足される,不足させる,不足できる,不足しろ
負担する,ふたんする,to bear (expenses),irregular,-,負担しない,負担します,負担すれば,負担しよう,負担して,負担した,負担しなかった,負担される,負担させる,負担できる,負担しろ
外食する,がいしょくする,to eat out,irregular,-,外食しない,外食します,外食すれば,外食しよう,外食して,外食した,外食しなかった,外食される,外食させる,外食できる,外食しろ
外出する,がいしゅつする,to go out,irregular,-,外出しない,外出します,外出すれば,外出しよう,外出して,外出した,外出しなかった,外出される,外出させる,外出できる,外出しろ
我慢する,がまんする,to be patient,irregular,-,我慢しない,我慢します,我慢すれば,我慢しよう,我慢して,我慢した,我慢しなかった,我慢される,我慢させる,我慢できる,我慢しろ
減少する,げんしょする,to decrease,irregular,-,減少しない,減少します,減少すれば,減少しよう,減少して,減少した,減少しなかった,減少される,減少させる,減少できる,減少しろ
議論する,ぎろんする,"to argue, to debate",irregular,-,議論しない,議論します,議論すれば,議論しよう,議論して,議論した,議論しなかった,議論される,議論させる,議論できる,議論しろ
誤解する,ごかいする,to misunderstand,irregular,-,誤解しない,誤解します,誤解すれば,誤解しよう,誤解して,誤解した,誤解しなかった,誤解される,誤解させる,誤解できる,誤解しろ
合格する,ごうかくする,to pass (an exam),irregular,-,合格しない,合格します,合格すれば,合格しよう,合格して,合格した,合格しなかった,合格される,合格させる,合格できる,合格しろ
合計する,ごうけいする,"to add up, to total",irregular,-,合計しない,合計します,合計すれば,合計しよう,合計して,合計した,合計しなかった,合計される,合計させる,合計できる,合計しろ
廃止する,はいしする,to abolish,irregular,-,廃止しない,廃止します,廃止すれば,廃止しよう,廃止して,廃止した,廃止しなかった,廃止される,廃止させる,廃止できる,廃止しろ
配達する,はいたつする,to deliver,irregular,-,配達しない,配達します,配達すれば,配達しよう,配達して,配達した,配達しなかった,配達される,配達させる,配達できる,配達しろ
破壊する,はかいする,to destroy,irregular,-,破壊しない,破壊します,破壊すれば,破壊しよう,破壊して,破壊した,破壊しなかった,破壊される,破壊させる,破壊できる,破壊しろ
発行する,はっこうする,to publish,irregular,-,発行しない,発行します,発行すれば,発行しよう,発行して,発行した,発行しなかった,発行される,発行させる,発行できる,発行しろ
拍手する,はくする,"to applaud, to clap",irregular,-,拍手しない,拍手します,拍手すれば,拍手しよう,拍手して,拍手した,拍手しなかった,拍手される,拍手させる,拍手できる,拍手しろ
判断する,はんだんする,to judge,irregular,-,判断しない,判断します,判断すれば,判断しよう,判断して,判断した,判断しなかった,判断される,判断させる,判断できる,判断しろ
反応する,はんおうする,"to react, to respond",irregular,-,反応しない,反応します,反応すれば,反応しよう,反応して,反応した,反応しなかった,反応される,反応させる,反応できる,反応しろ
反射する,はんしゃする,to reflect,irregular,-,反射しない,反射します,反射すれば,反射しよう,反射して,反射した,反射しなかった,反射される,反射させる,反射できる,反射しろ
反対する,はんたいする,to oppose,irregular,-,反対しない,反対します,反対すれば,反対しよう,反対して,反対した,反対しなかった,反対される,反対させる,反対できる,反対しろ
発表する,はっぴょうする,to announce,irregular,-,発表しない,発表します,発表すれば,発表しよう,発表して,発表した,発表しなかった,発表される,発表させる,発表できる,発表しろ
破産する,はさんする,to go bankrupt,irregular,-,破産しない,破産します,破産すれば,破産しよう,破産して,破産した,破産しなかった,破産される,破産させる,破産できる,破産しろ
発送する,はっそうする,"to ship, to send out",irregular,-,発送しない,発送します,発送すれば,発送しよう,発送して,発送した,発送しなかった,発送される,発送させる,発送できる,発送しろ
発言する,はつげんする,to speak,irregular,-,発言しない,発言します,発言すれば,発言しよう,発言して,発言した,発言しなかった,発言される,発言させる,発言できる,発言しろ
発明する,はつめいする,to invent,irregular,-,発明しない,発明します,発明すれば,発明しよう,発明して,発明した,発明しなかった,発明される,発明させる,発明できる,発明しろ
発展する,はってんする,to develop,irregular,-,発展しない,発展します,発展すれば,発展しよう,発展して,発展した,発展しなかった,発展される,発展させる,発展できる,発展しろ
閉店する,へいてんする,to close a shop,irregular,-,閉店しない,閉店します,閉店すれば,閉店しよう,閉店して,閉店した,閉店しなかった,閉店される,閉店させる,閉店できる,閉店しろ
返事する,へんじする,"to answer, to reply",irregular,-,返事しない,返事します,返事すれば,返事しよう,返事して,返事した,返事しなかった,返事される,返事させる,返事できる,返事しろ
変化する,へんかする,to change,irregular,-,変化しない,変化します,変化すれば,変化しよう,変化して,変化した,変化しなかった,変化される,変化させる,変化できる,変化しろ
変更する,へんこうする,"to alter, to change",irregular,-,変更しない,変更します,変更すれば,変更しよう,変更して,変更した,変更しなかった,変更される,変更させる,変更できる,変更しろ
返品する,へんぴんする,to return goods,irregular,-,返品しない,返品します,返品すれば,返品しよう,返品して,返品した,返品しなかった,返品される,返品させる,返品できる,返品しろ
ヘルプする,ヘルプする,to help,irregular,-,ヘルプしない,ヘルプします,ヘルプすれば,ヘルプしよう,ヘルプして,ヘルプした,ヘルプしなかった,ヘルプされる,ヘルプさせる,ヘルプできる,ヘルプしろ
批判する,ひはんする,to criticize,irregular,-,批判しない,批判します,批判すれば,批判しよう,批判して,批判した,批判しなかった,批判される,批判させる,批判できる,批判しろ
批評する,ひひょうする,to criticize,irregular,-,批評しない,批評します,批評すれば,批評しよう,批評して,批評した,批評しなかった,批評される,批評させる,批評できる,批評しろ
否定する,ひていする,to deny,irregular,-,否定しない,否定します,否定すれば,否定しよう,否定して,否定した,否定しなかった,否定される,否定させる,否定できる,否定しろ
報告する,ほうこくする,to report,irregular,-,報告しない,報告します,報告すれば,報告しよう,報告して,報告した,報告しなかった,報告される,報告させる,報告できる,報告しろ
訪問する,ほうもんする,to visit,irregular,-,訪問しない,訪問します,訪問すれば,訪問しよう,訪問して,訪問した,訪問しなかった,訪問される,訪問させる,訪問できる,訪問しろ
翻訳する,ほんやくする,to translate,irregular,-,翻訳しない,翻訳します,翻訳すれば,翻訳しよう,翻訳して,翻訳した,翻訳しなかった,翻訳される,翻訳させる,翻訳できる,翻訳しろ
保証する,ほしょうする,"to gurantee, to pledge",irregular,-,保証しない,保証します,保証すれば,保証しよう,保証して,保証した,保証しなかった,保証される,保証させる,保証できる,保証しろ
放送する,ほうそうする,to broadcast,irregular,-,放送しない,放送します,放送すれば,放送しよう,放送して,放送した,放送しなかった,放送される,放送させる,放送できる,放送しろ
保存する,ほぞんする,to preserve,irregular,-,保存しない,保存します,保存すれば,保存しよう,保存して,保存した,保存しなかった,保存される,保存させる,保存できる,保存しろ
一位する,いちいする,to be located,irregular,-,一位しない,一位します,一位すれば,一位しよう,一位して,一位した,一位しなかった,一位される,一位させる,一位できる,一位しろ
移動する,いどうする,to move,irregular,-,移動しない,移動します,移動すれば,移動しよう,移動して,移動した,移動しなかった,移動される,移動させる,移動できる,移動しろ
違反する,いはんする,to violate,irregular,-,違反しない,違反します,違反すれば,違反しよう,違反して,違反した,違反しなかった,違反される,違反させる,違反できる,違反しろ
維持する,いじする,to maintain,irregular,-,維持しない,維持します,維持すれば,維持しよう,維持して,維持した,維持しなかった,維持される,維持させる,維持できる,維持しろ
印刷する,いんさつする,to print,irregular,-,印刷しない,印刷します,印刷すれば,印刷しよう,印刷して,印刷した,印刷しなかった,印刷される,印刷させる,印刷できる,印刷しろ
インタビューする,インタビューする,to interview,irregular,-,インタビューしない,インタビューします,インタビューすれば,インタビューしよう,インタビューして,インタビューした,インタビューしなかった,インタビューされる,インタビューさせる,インタビューできる,インタビューしろ
引退する,いんたいする,to retire,irregular,-,引退しない,引退します,引退すれば,引退しよう,引退して,引退した,引退しなかった,引退される,引退させる,引退できる,引退しろ
依頼する,いらいする,to request,irregular,-,依頼しない,依頼します,依頼すれば,依頼しよう,依頼して,依頼した,依頼しなかった,依頼される,依頼させる,依頼できる,依頼しろ
移植する,いしょくする,to transplant,irregular,-,移植しない,移植します,移植すれば,移植しよう,移植して,移植した,移植しなかった,移植される,移植させる,移植できる,移植しろ
移転する,いてんする,to move to,irregular,-,移転しない,移転します,移転すれば,移転しよう,移転して,移転した,移転しなかった,移転される,移転させる,移転できる,移転しろ
邪魔する,じゃまする,to interrupt,irregular,-,邪魔しない,邪魔します,邪魔すれば,邪魔しよう,邪魔して,邪魔した,邪魔しなかった,邪魔される,邪魔させる,邪魔できる,邪魔しろ
実験する,じっけんする,to experiment,irregular,-,実験しない,実験します,実験すれば,実験しよう,実験して,実験した,実験しなかった,実験される,実験させる,実験できる,実験しろ
自慢する,じまんする,"to boast, to be proud",irregular,-,自慢しない,自慢します,自慢すれば,自慢しよう,自慢して,自慢した,自慢しなかった,自慢される,自慢させる,自慢できる,自慢しろ
自立する,じりつする,to become independent,irregular,-,自立しない,自立します,自立すれば,自立しよう,自立して,自立した,自立しなかった,自立される,自立させる,自立できる,自立しろ
自殺する,じさつする,"to kill oneself, to commit suicide",irregular,-,自殺しない,自殺します,自殺すれば,自殺しよう,自殺して,自殺した,自殺しなかった,自殺される,自殺させる,自殺できる,自殺しろ
辞職する,じしょくする,to resign,irregular,-,辞職しない,辞職します,辞職すれば,辞職しよう,辞職して,辞職した,辞職しなかった,辞職される,辞職させる,辞職できる,辞職しろ
実現する,じつげんする,to realize,irregular,-,実現しない,実現します,実現すれば,実現しよう,実現して,実現した,実現しなかった,実現される,実現させる,実現できる,実現しろ
譲歩する,じょうほする,"to concede, to compromise",irregular,-,譲歩しない,譲歩します,譲歩すれば,譲歩しよう,譲歩して,譲歩した,譲歩しなかった,譲歩される,譲歩させる,譲歩できる,譲歩しろ
熟達する,じゅくたつする,to master,irregular,-,熟達しない,熟達します,熟達すれば,熟達しよう,熟達して,熟達した,熟達しなかった,熟達される,熟達させる,熟達できる,熟達しろ
準備する,じゅんびする,to prepare,irregular,-,準備しない,準備します,準備すれば,準備しよう,準備して,準備した,準備しなかった,準備される,準備させる,準備できる,準備しろ
カバーする,カバーする,to cover,irregular,-,カバーしない,カバーします,カバーすれば,カバーしよう,カバーして,カバーした,カバーしなかった,カバーされる,カバーさせる,カバーできる,カバーしろ
バーブする,バーブする,to curve,irregular,-,バーブしない,バーブします,バーブすれば,バーブしよう,バーブして,バーブした,バーブしなかった,バーブされる,バーブさせる,バーブできる,バーブしろ
改築する,かいちくする,to curve,irregular,-,改築しない,改築します,改築すれば,改築しよう,改築して,改築した,改築しなかった,改築される,改築させる,改築できる,改築しろ
回復する,かいふくする,"to get well, to recover",irregular,-,回復しない,回復します,回復すれば,回復しよう,回復して,回復した,回復しなかった,回復される,回復させる,回復できる,回復しろ
会議する,かいぎする,to hold a conference,irregular,-,会議しない,会議します,会議すれば,会議しよう,会議して,会議した,会議しなかった,会議される,会議させる,会議できる,会議しろ
開発する,かいはつする,"to develop, to exploit",irregular,-,開発しない,開発します,開発すれば,開発しよう,開発して,開発した,開発しなかった,開発される,開発させる,開発できる,開発しろ
改革する,かいかくする,to reform,irregular,-,改革しない,改革します,改革すれば,改革しよう,改革して,改革した,改革しなかった,改革される,改革させる,改革できる,改革しろ
解決する,かいけつする,to solve,irregular,-,解決しない,解決します,解決すれば,解決しよう,解決して,解決した,解決しなかった,解決される,解決させる,解決できる,解決しろ
開催する,かいさいする,to hold/open (an exhibition),irregular,-,開催しない,開催します,開催すれば,開催しよう,開催して,開催した,開催しなかった,開催される,開催させる,開催できる,開催しろ
解散する,かいさんする,"to break up, to dissolve",irregular,-,解散しない,解散します,解散すれば,解散しよう,解散して,解散した,解散しなかった,解散される,解散させる,解散できる,解散しろ
改訂する,かいていする,to revise,irregular,-,改訂しない,改訂します,改訂すれば,改訂しよう,改訂して,改訂した,改訂しなかった,改訂される,改訂させる,改訂できる,改訂しろ
回転する,かいてんする,"to rotate, to turn",irregular,-,回転しない,回転します,回転すれば,回転しよう,回転して,回転した,回転しなかった,回転される,回転させる,回転できる,回転しろ
回答する,かいとうする,"to answer, to reply",irregular,-,回答しない,回答します,回答すれば,回答しよう,回答して,回答した,回答しなかった,回答される,回答させる,回答できる,回答しろ
会話する,かいわする,to talk,irregular,-,会話しない,会話します,会話すれば,会話しよう,会話して,会話した,会話しなかった,会話される,会話させる,会話できる,会話しろ
解約する,かいやくする,to cancel a contract,irregular,-,解約しない,解約します,解約すれば,解約しよう,解約して,解約した,解約しなかった,解約される,解約させる,解約できる,解約しろ
改善する,かいぜんする,to improve,irregular,-,改善しない,改善します,改善すれば,改善しよう,改善して,改善した,改善しなかった,改善される,改善させる,改善できる,改善しろ
加工する,かこうする,to process,irregular,-,加工しない,加工します,加工すれば,加工しよう,加工して,加工した,加工しなかった,加工される,加工させる,加工できる,加工しろ
拡大する,かくだいする,"to magnify, to enlarge",irregular,-,拡大しない,拡大します,拡大すれば,拡大しよう,拡大して,拡大した,拡大しなかった,拡大される,拡大させる,拡大できる,拡大しろ
確認する,かくにんする,to confirm,irregular,-,確認しない,確認します,確認すれば,確認しよう,確認して,確認した,確認しなかった,確認される,確認させる,確認できる,確認しろ
歓迎する,かんげいする,to welcome,irregular,-,歓迎しない,歓迎します,歓迎すれば,歓迎しよう,歓迎して,歓迎した,歓迎しなかった,歓迎される,歓迎させる,歓迎できる,歓迎しろ
観光する,かんこうする,"to sightsee, to see the sights",irregular,-,観光しない,観光します,観光すれば,観光しよう,観光して,観光した,観光しなかった,観光される,観光させる,観光できる,観光しろ
管理する,かんりする,to manage,irregular,-,管理しない,管理します,管理すれば,管理しよう,管理して,管理した,管理しなかった,管理される,管理させる,管理できる,管理しろ
観察する,かんさつする,to observe,irregular,-,観察しない,観察します,観察すれば,観察しよう,観察して,観察した,観察しなかった,観察される,観察させる,観察できる,観察しろ
完成する,かんせいする,to complete,irregular,-,完成しない,完成します,完成すれば,完成しよう,完成して,完成した,完成しなかった,完成される,完成させる,完成できる,完成しろ
感心する,かんしんする,to admire,irregular,-,感心しない,感心します,感心すれば,感心しよう,感心して,感心した,感心しなかった,感心される,感心させる,感心できる,感心しろ
仮定する,かていする,to suppose,irregular,-,仮定しない,仮定します,仮定すれば,仮定しよう,仮定して,仮定した,仮定しなかった,仮定される,仮定させる,仮定できる,仮定しろ
活動する,かつどうする,"to act, to be active",irregular,-,活動しない,活動します,活動すれば,活動しよう,活動して,活動した,活動しなかった,活動される,活動させる,活動できる,活動しろ
カットする,カットする,to cut,irregular,-,カットしない,カットします,カットすれば,カットしよう,カットして,カットした,カットしなかった,カットされる,カットさせる,カットできる,カットしろ
経営する,けいえいする,"to manage, to run (a company)",irregular,-,経営しない,経営します,経営すれば,経営しよう,経営して,経営した,経営しなかった,経営される,経営させる,経営できる,経営しろ
経過する,けいかする,"to pass, to elapse",irregular,-,経過しない,経過します,経過すれば,経過しよう,経過して,経過した,経過しなかった,経過される,経過させる,経過できる,経過しろ
計画する,けいかくする,"to design, to plan",irregular,-,計画しない,計画します,計画すれば,計画しよう,計画して,計画した,計画しなかった,計画される,計画させる,計画できる,計画しろ
経験する,けいけする,to experience,irregular,-,経験しない,経験します,経験すれば,経験しよう,経験して,経験した,経験しなかった,経験される,経験させる,経験できる,経験しろ
計算する,けいさんする,to calculate,irregular,-,計算しない,計算します,計算すれば,計算しよう,計算して,計算した,計算しなかった,計算される,計算させる,計算できる,計算しろ
契約する,けいやくする,to contract,irregular,-,契約しない,契約します,契約すれば,契約しよう,契約して,契約した,契約しなかった,契約される,契約させる,契約できる,契約しろ
結婚する,けっこんする,to marry,irregular,-,結婚しない,結婚します,結婚すれば,結婚しよう,結婚して,結婚した,結婚しなかった,結婚される,結婚させる,結婚できる,結婚しろ
見物する,けんぶつする,to sightsee,irregular,-,見物しない,見物します,見物すれば,見物しよう,見物して,見物した,見物しなかった,見物される,見物させる,見物できる,見物しろ
喧嘩する,けんかする,"to fight, to quarrel",irregular,-,喧嘩しない,喧嘩します,喧嘩すれば,喧嘩しよう,喧嘩して,喧嘩した,喧嘩しなかった,喧嘩される,喧嘩させる,喧嘩できる,喧嘩しろ
研究する,けんきゅうする,to research,irregular,-,研究しない,研究します,研究すれば,研究しよう,研究して,研究した,研究しなかった,研究される,研究させる,研究できる,研究しろ
建設する,けんせつする,"to construct, to build",irregular,-,建設しない,建設します,建設すれば,建設しよう,建設して,建設した,建設しなかった,建設される,建設させる,建設できる,建設しろ
欠席する,けっせきする,to be absent,irregular,-,欠席しない,欠席します,欠席すれば,欠席しよう,欠席して,欠席した,欠席しなかった,欠席される,欠席させる,欠席できる,欠席しろ
決定する,けっていする,"to determine, to decide",irregular,-,決定しない,決定します,決定すれば,決定しよう,決定して,決定した,決定しなかった,決定される,決定させる,決定できる,決定しろ
帰国する,きこくする,to return to one's country,irregular,-,帰国しない,帰国します,帰国すれば,帰国しよう,帰国して,帰国した,帰国しなかった,帰国される,帰国させる,帰国できる,帰国しろ
禁煙する,きんえんする,"to stop smoking, to quit smoking",irregular,-,禁煙しない,禁煙します,禁煙すれば,禁煙しよう,禁煙して,禁煙した,禁煙しなかった,禁煙される,禁煙させる,禁煙できる,禁煙しろ
記録する,きろくする,to record,irregular,-,記録しない,記録します,記録すれば,記録しよう,記録して,記録した,記録しなかった,記録される,記録させる,記録できる,記録しろ
キスする,キスする,to kiss,irregular,-,キスしない,キスします,キスすれば,キスしよう,キスして,キスした,キスしなかった,キスされる,キスさせる,キスできる,キスしろ
期待する,きたいする,"to expect, to hope",irregular,-,期待しない,期待します,期待すれば,期待しよう,期待して,期待した,期待しなかった,期待される,期待させる,期待できる,期待しろ
コーチする,コーチする,to coach,irregular,-,コーチしない,コーチします,コーチすれば,コーチしよう,コーチして,コーチした,コーチしなかった,コーチされる,コーチさせる,コーチできる,コーチしろ
攻撃する,こうげきする,to attack,irregular,-,攻撃しない,攻撃します,攻撃すれば,攻撃しよう,攻撃して,攻撃した,攻撃しなかった,攻撃される,攻撃させる,攻撃できる,攻撃しろ
講義する,こうぎする,to lecture,irregular,-,講義しない,講義します,講義すれば,講義しよう,講義して,講義した,講義しなかった,講義される,講義させる,講義できる,講義しろ
工事する,こうじする,to construct,irregular,-,工事しない,工事します,工事すれば,工事しよう,工事して,工事した,工事しなかった,工事される,工事させる,工事できる,工事しろ
交換する,こうかんする,"to reciprocate, to exchange",irregular,-,交換しない,交換します,交換すれば,交換しよう,交換して,交換した,交換しなかった,交換される,交換させる,交換できる,交換しろ
広告する,こうこくする,to advertise,irregular,-,広告しない,広告します,広告すれば,広告しよう,広告して,広告した,広告しなかった,広告される,広告させる,広告できる,広告しろ
コントロールする,コントロールする,to control,irregular,-,コントロールしない,コントロールします,コントロールすれば,コントロールしよう,コントロールして,コントロールした,コントロールしなかった,コントロールされる,コントロールさせる,コントロールできる,コントロールしろ
考慮する,こおりょする,"to take into account, to consider",irregular,-,考慮しない,考慮します,考慮すれば,考慮しよう,考慮して,考慮した,考慮しなかった,考慮される,考慮させる,考慮できる,考慮しろ
故障する,こしょうする,"to break down, to be out of order",irregular,-,故障しない,故障します,故障すれば,故障しよう,故障して,故障した,故障しなかった,故障される,故障させる,故障できる,故障しろ
交渉する,こうしょうする,to negotiate,irregular,-,交渉しない,交渉します,交渉すれば,交渉しよう,交渉して,交渉した,交渉しなかった,交渉される,交渉させる,交渉できる,交渉しろ
キャンプする,キャンプする,to camp,irregular,-,キャンプしない,キャンプします,キャンプすれば,キャンプしよう,キャンプして,キャンプした,キャンプしなかった,キャンプされる,キャンプさせる,キャンプできる,キャンプしろ
キャンセルする,キャンセルする,to cancel,irregular,-,キャンセルしない,キャンセルします,キャンセルすれば,キャンセルしよう,キャンセルして,キャンセルした,キャンセルしなかった,キャンセルされる,キャンセルさせる,キャンセルできる,キャンセルしろ
キャッチする,キャッチする,to catch,irregular,-,キャッチしない,キャッチします,キャッチすれば,キャッチしよう,キャッチして,キャッチした,キャッチしなかった,キャッチされる,キャッチさせる,キャッチできる,キャッチしろ
拒否する,きょひする,to refuse,irregular,-,拒否しない,拒否します,拒否すれば,拒否しよう,拒否して,拒否した,拒否しなかった,拒否される,拒否させる,拒否できる,拒否しろ
教育する,きょういくする,to educate,irregular,-,教育しない,教育します,教育すれば,教育しよう,教育して,教育した,教育しなかった,教育される,教育させる,教育できる,教育しろ
許可する,きょかする,to permit,irregular,-,許可しない,許可します,許可すれば,許可しよう,許可して,許可した,許可しなかった,許可される,許可させる,許可できる,許可しろ
協力する,きょうりょくする,to cooperate,irregular,-,協力しない,協力します,協力すれば,協力しよう,協力して,協力した,協力しなかった,協力される,協力させる,協力できる,協力しろ
強請する,きょうせいする,to force,irregular,-,強請しない,強請します,強請すれば,強請しよう,強請して,強請した,強請しなかった,強請される,強請させる,強請できる,強請しろ
競争する,きょうそうする,to compete,irregular,-,競争しない,競争します,競争すれば,競争しよう,競争して,競争した,競争しなかった,競争される,競争させる,競争できる,競争しろ
救助する,きゅうする,to rescue,irregular,-,救助しない,救助します,救助すれば,救助しよう,救助して,救助した,救助しなかった,救助される,救助させる,救助できる,救助しろ
休憩する,きゅうけいする,to rest,irregular,-,休憩しない,休憩します,休憩すれば,休憩しよう,休憩して,休憩した,休憩しなかった,休憩される,休憩させる,休憩できる,休憩しろ
満足する,まんぞくする,to absorb,irregular,-,満足しない,満足します,満足すれば,満足しよう,満足して,満足した,満足しなかった,満足される,満足させる,満足できる,満足しろ
マッサージする,マッサージする,to massage,irregular,-,マッサージしない,マッサージします,マッサージすれば,マッサージしよう,マッサージして,マッサージした,マッサージしなかった,マッサージされる,マッサージさせる,マッサージできる,マッサージしろ
マスターする,マスターする,to master,irregular,-,マスターしない,マスターします,マスターすれば,マスターしよう,マスターして,マスターした,マスターしなかった,マスターされる,マスターさせる,マスターできる,マスターしろ
マッチする,マッチする,to match,irregular,-,マッチしない,マッチします,マッチすれば,マッチしよう,マッチして,マッチした,マッチしなかった,マッチされる,マッチさせる,マッチできる,マッチしろ
面接する,めんせつする,to interview,irregular,-,面接しない,面接します,面接すれば,面接しよう,面接して,面接した,面接しなかった,面接される,面接させる,面接できる,面接しろ
ミックスする,ミックスする,to mix,irregular,-,ミックスしない,ミックスします,ミックスすれば,ミックスしよう,ミックスして,ミックスした,ミックスしなかった,ミックスされる,ミックスさせる,ミックスできる,ミックスしろ
矛盾する,むじゅんする,to contradict,irregular,-,矛盾しない,矛盾します,矛盾すれば,矛盾しよう,矛盾して,矛盾した,矛盾しなかった,矛盾される,矛盾させる,矛盾できる,矛盾しろ
無視する,むしする,to ignore,irregular,-,無視しない,無視します,無視すれば,無視しよう,無視して,無視した,無視しなかった,無視される,無視させる,無視できる,無視しろ
納得する,なっとくする,"to consent, to agre",irregular,-,納得しない,納得します,納得すれば,納得しよう,納得して,納得した,納得しなかった,納得される,納得させる,納得できる,納得しろ
任命する,にんめいする,to appoint,irregular,-,任命しない,任命します,任命すれば,任命しよう,任命して,任命した,任命しなかった,任命される,任命させる,任命できる,任命しろ
妊娠する,にんしんする,"to become pregnant, to get pregnant",irregular,-,妊娠しない,妊娠します,妊娠すれば,妊娠しよう,妊娠して,妊娠した,妊娠しなかった,妊娠される,妊娠させる,妊娠できる,妊娠しろ
ノックする,ノックする,to knock,irregular,-,ノックしない,ノックします,ノックすれば,ノックしよう,ノックして,ノックした,ノックしなかった,ノックされる,ノックさせる,ノックできる,ノックしろ
入学する,にゅうがくする,to enter a school,irregular,-,入学しない,入学します,入学すれば,入学しよう,入学して,入学した,入学しなかった,入学される,入学させる,入学できる,入学しろ
入院する,にゅういんする,to be hospitalized,irregular,-,入院しない,入院します,入院すれば,入院しよう,入院して,入院した,入院しなかった,入院される,入院させる,入院できる,入院しろ
オーバーする,オーバーする,to exceed,irregular,-,オーバーしない,オーバーします,オーバーすれば,オーバーしよう,オーバーして,オーバーした,オーバーしなかった,オーバーされる,オーバーさせる,オーバーできる,オーバーしろ
応募する,おうぼする,to apply,irregular,-,応募しない,応募します,応募すれば,応募しよう,応募して,応募した,応募しなかった,応募される,応募させる,応募できる,応募しろ
オーダーする,オーダーする,to order,irregular,-,オーダーしない,オーダーします,オーダーすれば,オーダーしよう,オーダーして,オーダーした,オーダーしなかった,オーダーされる,オーダーさせる,オーダーできる,オーダーしろ
横断する,おうだんする,to cross,irregular,-,横断しない,横断します,横断すれば,横断しよう,横断して,横断した,横断しなかった,横断される,横断させる,横断できる,横断しろ
応援する,おうえんする,"to aid, to cheer",irregular,-,応援しない,応援します,応援すれば,応援しよう,応援して,応援した,応援しなかった,応援される,応援させる,応援できる,応援しろ
往復する,おうふくする,"to go and return, to make a round trip",irregular,-,往復しない,往復します,往復すれば,往復しよう,往復して,往復した,往復しなかった,往復される,往復させる,往復できる,往復しろ
オミットする,オミットする,to omit,irregular,-,オミットしない,オミットします,オミットすれば,オミットしよう,オミットして,オミットした,オミットしなかった,オミットされる,オミットさせる,オミットできる,オミットしろ
オーペンする,オーペンする,to open,irregular,-,オーペンしない,オーペンします,オーペンすれば,オーペンしよう,オーペンして,オーペンした,オーペンしなかった,オーペンされる,オーペンさせる,オーペンできる,オーペンしろ
横領する,おうりょうする,to usurp,irregular,-,横領しない,横領します,横領すれば,横領しよう,横領して,横領した,横領しなかった,横領される,横領させる,横領できる,横領しろ
応用する,おうようする,to put into practice,irregular,-,応用しない,応用します,応用すれば,応用しよう,応用して,応用した,応用しなかった,応用される,応用させる,応用できる,応用しろ
パスする,パスする,to pass,irregular,-,パスしない,パスします,パスすれば,パスしよう,パスして,パスした,パスしなかった,パスされる,パスさせる,パスできる,パスしろ
ピックアップする,ピックアップする,to pick up,irregular,-,ピックアップしない,ピックアップします,ピックアップすれば,ピックアップしよう,ピックアップして,ピックアップした,ピックアップしなかった,ピックアップされる,ピックアップさせる,ピックアップできる,ピックアップしろ
プリントする,プリントする,to print,irregular,-,プリントしない,プリントします,プリントすれば,プリントしよう,プリントして,プリントした,プリントしなかった,プリントされる,プリントさせる,プリントできる,プリントしろ
プロポーズする,プロポーズする,to propose,irregular,-,プロポーズしない,プロポーズします,プロポーズすれば,プロポーズしよう,プロポーズして,プロポーズした,プロポーズしなかった,プロポーズされる,プロポーズさせる,プロポーズできる,プロポーズしろ
落第する,らくだいする,to fail (an exam),irregular,-,落第しない,落第します,落第すれば,落第しよう,落第して,落第した,落第しなかった,落第される,落第させる,落第できる,落第しろ
連絡する,れんらくする,to contact,irregular,-,連絡しない,連絡します,連絡すれば,連絡しよう,連絡して,連絡した,連絡しなかった,連絡される,連絡させる,連絡できる,連絡しろ
練習する,れんしゅうする,to practice,irregular,-,練習しない,練習します,練習すれば,練習しよう,練習して,練習した,練習しなかった,練習される,練習させる,練習できる,練習しろ
理解する,りかいする,to understand,irregular,-,理解しない,理解します,理解すれば,理解しよう,理解して,理解した,理解しなかった,理解される,理解させる,理解できる,理解しろ
離婚する,りこんする,to divorce,irregular,-,離婚しない,離婚します,離婚すれば,離婚しよう,離婚して,離婚した,離婚しなかった,離婚される,離婚させる,離婚できる,離婚しろ
リタイアする,リタイアする,to retire,irregular,-,リタイアしない,リタイアします,リタイアすれば,リタイアしよう,リタイアして,リタイアした,リタイアしなかった,リタイアされる,リタイアさせる,リタイアできる,リタイアしろ
利用する,りようする,to utilize,irregular,-,利用しない,利用します,利用すれば,利用しよう,利用して,利用した,利用しなかった,利用される,利用させる,利用できる,利用しろ
録音する,ろくおんする,to record (on tape),irregular,-,録音しない,録音します,録音すれば,録音しよう,録音して,録音した,録音しなかった,録音される,録音させる,録音できる,録音しろ
旅行する,りょこうする,"to travel, to take a trip",irregular,-,旅行しない,旅行します,旅行すれば,旅行しよう,旅行して,旅行した,旅行しなかった,旅行される,旅行させる,旅行できる,旅行しろ
料理する,りょうりする,to cook,irregular,-,料理しない,料理します,料理すれば,料理しよう,料理して,料理した,料理しなかった,料理される,料理させる,料理できる,料理しろ
留学する,りゅうがくする,to study abroad,irregular,-,留学しない,留学します,留学すれば,留学しよう,留学して,留学した,留学しなかった,留学される,留学させる,留学できる,留学しろ
流行する,りゅうこうする,"to be in fashion, to be popular",irregular,-,流行しない,流行します,流行すれば,流行しよう,流行して,流行した,流行しなかった,流行される,流行させる,流行できる,流行しろ
裁判する,さいばんする,to try (a case),irregular,-,裁判しない,裁判します,裁判すれば,裁判しよう,裁判して,裁判した,裁判しなかった,裁判される,裁判させる,裁判できる,裁判しろ
サインする,サインする,to sign,irregular,-,サインしない,サインします,サインすれば,サインしよう,サインして,サインした,サインしなかった,サインされる,サインさせる,サインできる,サインしろ
採用する,さいようする,"to adopt, to employ",irregular,-,採用しない,採用します,採用すれば,採用しよう,採用して,採用した,採用しなかった,採用される,採用させる,採用できる,採用しろ
参加する,さんかする,"to participate, to join",irregular,-,参加しない,参加します,参加すれば,参加しよう,参加して,参加した,参加しなかった,参加される,参加させる,参加できる,参加しろ
散歩する,さんぽする,to take a walk,irregular,-,散歩しない,散歩します,散歩すれば,散歩しよう,散歩して,散歩した,散歩しなかった,散歩される,散歩させる,散歩できる,散歩しろ
賛成する,さんせいする,"to approve, to agree",irregular,-,賛成しない,賛成します,賛成すれば,賛成しよう,賛成して,賛成した,賛成しなかった,賛成される,賛成させる,賛成できる,賛成しろ
成長する,せいちょうする,to grow,irregular,-,成長しない,成長します,成長すれば,成長しよう,成長して,成長した,成長しなかった,成長される,成長させる,成長できる,成長しろ
生活する,せいかつする,"to live, to make a living",irregular,-,生活しない,生活します,生活すれば,生活しよう,生活して,生活した,生活しなかった,生活される,生活させる,生活できる,生活しろ
成功する,せいこうする,to succeed,irregular,-,成功しない,成功します,成功すれば,成功しよう,成功して,成功した,成功しなかった,成功される,成功させる,成功できる,成功しろ
整理する,せいりする,to put in order,irregular,-,整理しない,整理します,整理すれば,整理しよう,整理して,整理した,整理しなかった,整理される,整理させる,整理できる,整理しろ
生産する,せいさんする,to produce,irregular,-,生産しない,生産します,生産すれば,生産しよう,生産して,生産した,生産しなかった,生産される,生産させる,生産できる,生産しろ
宣伝する,せんでんする,to advertise,irregular,-,宣伝しない,宣伝します,宣伝すれば,宣伝しよう,宣伝して,宣伝した,宣伝しなかった,宣伝される,宣伝させる,宣伝できる,宣伝しろ
選挙する,せんきょする,"to elect, to vote",irregular,-,選挙しない,選挙します,選挙すれば,選挙しよう,選挙して,選挙した,選挙しなかった,選挙される,選挙させる,選挙できる,選挙しろ
戦争する,せんそうする,"to fight, to make a war",irregular,-,戦争しない,戦争します,戦争すれば,戦争しよう,戦争して,戦争した,戦争しなかった,戦争される,戦争させる,戦争できる,戦争しろ
洗濯する,せんたくする,to wash (clothes),irregular,-,洗濯しない,洗濯します,洗濯すれば,洗濯しよう,洗濯して,洗濯した,洗濯しなかった,洗濯される,洗濯させる,洗濯できる,洗濯しろ
説明する,せつめいする,to explain,irregular,-,説明しない,説明します,説明すれば,説明しよう,説明して,説明した,説明しなかった,説明される,説明させる,説明できる,説明しろ
節約する,せつやくする,"to economize, to save",irregular,-,節約しない,節約します,節約すれば,節約しよう,節約して,節約した,節約しなかった,節約される,節約させる,節約できる,節約しろ
説得する,せっとくする,to persuade,irregular,-,説得しない,説得します,説得すれば,説得しよう,説得して,説得した,説得しなかった,説得される,説得させる,説得できる,説得しろ
世話する,せわする,to take care of,irregular,-,世話しない,世話します,世話すれば,世話しよう,世話して,世話した,世話しなかった,世話される,世話させる,世話できる,世話しろ
死亡する,しぼうする,to die,irregular,-,死亡しない,死亡します,死亡すれば,死亡しよう,死亡して,死亡した,死亡しなかった,死亡される,死亡させる,死亡できる,死亡しろ
指導する,しどうする,to guide,irregular,-,指導しない,指導します,指導すれば,指導しよう,指導して,指導した,指導しなかった,指導される,指導させる,指導できる,指導しろ
仕事する,しごとする,to work,irregular,-,仕事しない,仕事します,仕事すれば,仕事しよう,仕事して,仕事した,仕事しなかった,仕事される,仕事させる,仕事できる,仕事しろ
支配する,しはいする,to control,irregular,-,支配しない,支配します,支配すれば,支配しよう,支配して,支配した,支配しなかった,支配される,支配させる,支配できる,支配しろ
指示する,しじする,to instruct,irregular,-,指示しない,指示します,指示すれば,指示しよう,指示して,指示した,指示しなかった,指示される,指示させる,指示できる,指示しろ
支持する,しじする,to support,irregular,-,支持しない,支持します,支持すれば,支持しよう,支持して,支持した,支持しなかった,支持される,支持させる,支持できる,支持しろ
試験する,しけんする,"to examine, to test",irregular,-,試験しない,試験します,試験すれば,試験しよう,試験して,試験した,試験しなかった,試験される,試験させる,試験できる,試験しろ
心配する,しんぱいする,to be worried,irregular,-,心配しない,心配します,心配すれば,心配しよう,心配して,心配した,心配しなかった,心配される,心配させる,心配できる,心配しろ
進歩する,しんぽする,to progress,irregular,-,進歩しない,進歩します,進歩すれば,進歩しよう,進歩して,進歩した,進歩しなかった,進歩される,進歩させる,進歩できる,進歩しろ
申請する,しんせいする,to apply,irregular,-,申請しない,申請します,申請すれば,申請しよう,申請して,申請した,申請しなかった,申請される,申請させる,申請できる,申請しろ
信用する,しんようする,to trust,irregular,-,信用しない,信用します,信用すれば,信用しよう,信用して,信用した,信用しなかった,信用される,信用させる,信用できる,信用しろ
失敗する,しっぱいする,to fail,irregular,-,失敗しない,失敗します,失敗すれば,失敗しよう,失敗して,失敗した,失敗しなかった,失敗される,失敗させる,失敗できる,失敗しろ
質問する,しつもんする,to ask a question,irregular,-,質問しない,質問します,質問すれば,質問しよう,質問して,質問した,質問しなかった,質問される,質問させる,質問できる,質問しろ
使用する,しようする,to use,irregular,-,使用しない,使用します,使用すれば,使用しよう,使用して,使用した,使用しなかった,使用される,使用させる,使用できる,使用しろ
消費する,しょうひする,"to spend, to consume",irregular,-,消費しない,消費します,消費すれば,消費しよう,消費して,消費した,消費しなかった,消費される,消費させる,消費できる,消費しろ
紹介する,しょうかする,to introduce,irregular,-,紹介しない,紹介します,紹介すれば,紹介しよう,紹介して,紹介した,紹介しなかった,紹介される,紹介させる,紹介できる,紹介しろ
食事する,しょくじする,"to eat, to dine",irregular,-,食事しない,食事します,食事すれば,食事しよう,食事して,食事した,食事しなかった,食事される,食事させる,食事できる,食事しろ
署名する,しょめいする,to sign,irregular,-,署名しない,署名します,署名すれば,署名しよう,署名して,署名した,署名しなかった,署名される,署名させる,署名できる,署名しろ
昇進する,しょうしんする,to be promoted,irregular,-,昇進しない,昇進します,昇進すれば,昇進しよう,昇進して,昇進した,昇進しなかった,昇進される,昇進させる,昇進できる,昇進しろ
招待する,しょうたいする,to invite,irregular,-,招待しない,招待します,招待すれば,招待しよう,招待して,招待した,招待しなかった,招待される,招待させる,招待できる,招待しろ
衝突する,しょうとつする,to collide,irregular,-,衝突 しない,衝突します,衝突すれば,衝突しよう,衝突して,衝突した,衝突しなかった,衝突される,衝突させる,衝突できる,衝突しろ
所有する,しょゆうする,"to possess, to have",irregular,-,所有しない,所有します,所有すれば,所有しよう,所有して,所有した,所有しなかった,所有される,所有させる,所有できる,所有しろ
所属する,しょぞくする,to belong,irregular,-,所属しない,所属します,所属すれば,所属しよう,所属して,所属した,所属しなかった,所属される,所属させる,所属できる,所属しろ
主張する,しゅちょうする,"to assert, to insist",irregular,-,主張しない,主張します,主張すれば,主張しよう,主張して,主張した,主張しなかった,主張される,主張させる,主張できる,主張しろ
出航する,しゅっこうする,to sail off,irregular,-,出航しない,出航します,出航すれば,出航しよう,出航して,出航した,出航しなかった,出航される,出航させる,出航できる,出航しろ
縮小する,しゅくしょうする,to reduce,irregular,-,縮小しない,縮小します,縮小すれば,縮小しよう,縮小して,縮小した,縮小しなかった,縮小される,縮小させる,縮小できる,縮小しろ
出版する,しゅっぱんする,to publish,irregular,-,出版しない,出版します,出版すれば,出版しよう,出版して,出版した,出版しなかった,出版される,出版させる,出版できる,出版しろ
出発する,しゅっぱつする,"to depart, to leave",irregular,-,出発しない,出発します,出発すれば,出発しよう,出発して,出発した,出発しなかった,出発される,出発させる,出発できる,出発しろ
修理する,しゅうりする,"to repair, to fix",irregular,-,修理しない,修理します,修理すれば,修理しよう,修理して,修理した,修理しなかった,修理される,修理させる,修理できる,修理しろ
出席する,しゅっせきする,to attend,irregular,-,出席しない,出席します,出席すれば,出席しよう,出席して,出席した,出席しなかった,出席される,出席させる,出席できる,出席しろ
出張する,しゅっちょうする,to go on a business trip,irregular,-,出張しない,出張します,出張すれば,出張しよう,出張して,出張した,出張しなかった,出張される,出張させる,出張できる,出張しろ
相談する,そうだんする,to consult,irregular,-,相談しない,相談します,相談すれば,相談しよう,相談して,相談した,相談しなかった,相談される,相談させる,相談できる,相談しろ
掃除する,そうじする,"to clean, to sweep",irregular,-,掃除しない,掃除します,掃除すれば,掃除しよう,掃除して,掃除した,掃除しなかった,掃除される,掃除させる,掃除できる,掃除しろ
送金する,そうきんする,to remit money,irregular,-,送金しない,送金します,送金すれば,送金しよう,送金して,送金した,送金しなかった,送金される,送金させる,送金できる,送金しろ
尊敬する,そんけいする,to respect,irregular,-,尊敬しない,尊敬します,尊敬すれば,尊敬しよう,尊敬して,尊敬した,尊敬しなかった,尊敬される,尊敬させる,尊敬できる,尊敬しろ
捜査する,そおさする,to investigate,irregular,-,捜査しない,捜査します,捜査すれば,捜査しよう,捜査して,捜査した,捜査しなかった,捜査される,捜査させる,捜査できる,捜査しろ
組織する,そしきする,to organize,irregular,-,組織しない,組織します,組織すれば,組織しよう,組織して,組織した,組織しなかった,組織される,組織させる,組織できる,組織しろ
卒業する,そつぎょうする,to graduate,irregular,-,卒業しない,卒業します,卒業すれば,卒業しよう,卒業して,卒業した,卒業しなかった,卒業される,卒業させる,卒業できる,卒業しろ
推薦する,すいせんする,to recommend,irregular,-,推薦しない,推薦します,推薦すれば,推薦しよう,推薦して,推薦した,推薦しなかった,推薦される,推薦させる,推薦できる,推薦しろ
スライドする,スライドする,to slide,irregular,-,スライドしない,スライドします,スライドすれば,スライドしよう,スライドして,スライドした,スライドしなかった,スライドされる,スライドさせる,スライドできる,スライドしろ
スリップする,スリップする,to slip,irregular,-,スリップしない,スリップします,スリップすれば,スリップしよう,スリップして,スリップした,スリップしなかった,スリップされる,スリップさせる,スリップできる,スリップしろ
スタートする,スタートする,to start,irregular,-,スタートしない,スタートします,スタートすれば,スタートしよう,スタートして,スタートした,スタートしなかった,スタートされる,スタートさせる,スタートできる,スタートしろ
ストップする,ストップする,to stop,irregular,-,ストップしない,ストップします,ストップすれば,ストップしよう,ストップして,ストップした,ストップしなかった,ストップされる,ストップさせる,ストップできる,ストップしろ
逮捕する,たいほする,to arrest,irregular,-,逮捕しない,逮捕します,逮捕すれば,逮捕しよう,逮捕して,逮捕した,逮捕しなかった,逮捕される,逮捕させる,逮捕できる,逮捕しろ
退院する,たいいんする,to get out of a hospital,irregular,-,退院しない,退院します,退院すれば,退院しよう,退院して,退院した,退院しなかった,退院される,退院させる,退院できる,退院しろ
担当する,たんとうする,to take charge,irregular,-,担当しない,担当します,担当すれば,担当しよう,担当して,担当した,担当しなかった,担当される,担当させる,担当できる,担当しろ
タッチする,タッチする,to touch,irregular,-,タッチしない,タッチします,タッチすれば,タッチしよう,タッチして,タッチした,タッチしなかった,タッチされる,タッチさせる,タッチできる,タッチしろ
提案する,ていあんする,to propose,irregular,-,提案しない,提案します,提案すれば,提案しよう,提案して,提案した,提案しなかった,提案される,提案させる,提案できる,提案しろ
提供する,ていきょうする,to offer,irregular,-,提供しない,提供します,提供すれば,提供しよう,提供して,提供した,提供しなかった,提供される,提供させる,提供できる,提供しろ
提出する,ていしゅつする,to submit,irregular,-,提出しない,提出します,提出すれば,提出しよう,提出して,提出した,提出しなかった,提出される,提出させる,提出できる,提出しろ
転勤する,てんきする,to be transferred (to another office),irregular,-,転勤しない,転勤します,転勤すれば,転勤しよう,転勤して,転勤した,転勤しなかった,転勤される,転勤させる,転勤できる,転勤しろ
テストする,テストする,to test,irregular,-,テストしない,テストします,テストすれば,テストしよう,テストして,テストした,テストしなかった,テストされる,テストさせる,テストできる,テストしろ
徹夜する,てつやする,to stay up all night,irregular,-,徹夜しない,徹夜します,徹夜すれば,徹夜しよう,徹夜して,徹夜した,徹夜しなかった,徹夜される,徹夜させる,徹夜できる,徹夜しろ
到着する,とうちゃくする,to arrive,irregular,-,到着しない,到着します,到着すれば,到着しよう,到着して,到着した,到着しなかった,到着される,到着させる,到着できる,到着しろ
投票する,とうひょうする,to vote,irregular,-,投票しない,投票します,投票すれば,投票しよう,投票して,投票した,投票しなかった,投票される,投票させる,投票できる,投票しろ
統一する,とういつする,to unify,irregular,-,統一しない,統一します,統一すれば,統一しよう,統一して,統一した,統一しなかった,統一される,統一させる,統一できる,統一しろ
登録する,とうろくする,to register,irregular,-,登録しない,登録します,登録すれば,登録しよう,登録して,登録した,登録しなかった,登録される,登録させる,登録できる,登録しろ
倒産する,とうさんする,to go bankrupt,irregular,-,倒産しない,倒産します,倒産すれば,倒産しよう,倒産して,倒産した,倒産しなかった,倒産される,倒産させる,倒産できる,倒産しろ
当選する,とうせんする,to be elected,irregular,-,当選しない,当選します,当選すれば,当選しよう,当選して,当選した,当選しなかった,当選される,当選させる,当選できる,当選しろ
投資する,とうしする,to invest,irregular,-,投資しない,投資します,投資すれば,投資しよう,投資して,投資した,投資しなかった,投資される,投資させる,投資できる,投資しろ
追加する,ついかする,to add,irregular,-,追加しない,追加します,追加すれば,追加しよう,追加して,追加した,追加しなかった,追加される,追加させる,追加できる,追加しろ
追求する,ついきゅうする,to pursue,irregular,-,追求しない,追求します,追求すれば,追求しよう,追求して,追求した,追求しなかった,追求される,追求させる,追求できる,追求しろ
墜落する,ついらくする,"to fall, to crash",irregular,-,墜落しない,墜落します,墜落すれば,墜落しよう,墜落して,墜落した,墜落しなかった,墜落される,墜落させる,墜落できる,墜落しろ
通過する,つうかする,to pass,irregular,-,通過しない,通過します,通過すれば,通過しよう,通過して,通過した,通過しなかった,通過される,通過させる,通過できる,通過しろ
通勤する,つうきんする,to commute (to work),irregular,-,通勤しない,通勤します,通勤すれば,通勤しよう,通勤して,通勤した,通勤しなかった,通勤される,通勤させる,通勤できる,通勤しろ
通信する,つうしんする,"to correspond, to communicate",irregular,-,通信しない,通信します,通信すれば,通信しよう,通信して,通信した,通信しなかった,通信される,通信させる,通信できる,通信しろ
運動する,うんどうする,to exercise,irregular,-,運動しない,運動します,運動すれば,運動しよう,運動して,運動した,運動しなかった,運動される,運動させる,運動できる,運動しろ
運送する,うんそうする,to transport,irregular,-,運送しない,運送します,運送すれば,運送しよう,運送して,運送した,運送しなかった,運送される,運送させる,運送できる,運送しろ
運転する,うんてんする,to drive (a car),irregular,-,運転しない,運転します,運転すれば,運転しよう,運転して,運転した,運転しなかった,運転される,運転させる,運転できる,運転しろ
約束する,やくそくする,to promise,irregular,-,約束しない,約束します,約束すれば,約束しよう,約束して,約束した,約束しなかった,約束される,約束させる,約束できる,約束しろ
要求する,ようきゅうする,to demand,irregular,-,要求しない,要求します,要求すれば,要求しよう,要求して,要求した,要求しなかった,要求される,要求させる,要求できる,要求しろ
予習する,よしゅうする,to prepare one's lessons,irregular,-,予習しない,予習します,予習すれば,予習しよう,予習して,予習した,予習しなかった,予習される,予習させる,予習できる,予習しろ
予想する,よそうする,"to expect, to forecast",irregular,-,予想しない,予想します,予想すれば,予想しよう,予想して,予想した,予想しなかった,予想される,予想させる,予想できる,予想しろ
予約する,よやくする,to reserve,irregular,-,予約しない,予約します,予約すれば,予約しよう,予約して,予約した,予約しなかった,予約される,予約させる,予約できる,予約しろ
誘拐する,ゆうかいする,"to abduct, to kidnap",irregular,-,誘拐しない,誘拐します,誘拐すれば,誘拐しよう,誘拐して,誘拐した,誘拐しなかった,誘拐される,誘拐させる,誘拐できる,誘拐しろ
輸入する,ゆにゅうする,to import,irregular,-,輸入しない,輸入します,輸入すれば,輸入しよう,輸入して,輸入した,輸入しなかった,輸入される,輸入させる,輸入できる,輸入しろ
優勝する,ゆうしょうする,to win a championship,irregular,-,優勝しない,優勝します,優勝すれば,優勝しよう,優勝して,優勝した,優勝しなかった,優勝される,優勝させる,優勝できる,優勝しろ
輸出する,ゆしゅつする,to export,irregular,-,輸出しない,輸出します,輸出すれば,輸出しよう,輸出して,輸出した,輸出しなかった,輸出される,輸出させる,輸出できる,輸出しろ
郵送する,ゆうそうする,to mail,irregular,-,郵送しない,郵送します,郵送すれば,郵送しよう,郵送して,郵送した,郵送しなかった,郵送される,郵送させる,郵送できる,郵送しろ
残業する,ざんぎょうする,to work overtime,irregular,-,残業しない,残業します,残業すれば,残業しよう,残業して,残業した,残業しなかった,残業される,残業させる,残業できる,残業しろ
増加する,ぞうかする,to increase,irregular,-,増加しない,増加します,増加すれば,増加しよう,増加して,増加した,増加しなかった,増加される,増加させる,増加できる,増加しろ
