不规则动词,平假名,释义,自他性,否定,丁寧,辞書,条件,意向,て,過去,過去否定,被动,使役,可能,命令
来る,くる,to come,-,こない,きまる,くる,くれば,こよう,来て,来た,こんなかった,こられる,こさせる,こられる,こい
持って来る,もってくる,to bring (a thing),-,持ってこない,持ってきまる,持ってくる,持ってくれば,持ってこよう,持って来て,持って来た,持ってこんなかった,持ってこられる,持ってこさせる,持ってこられる,持ってこい
連れてくる,つれてくる,to bring (a person),-,連れてこない,連れてきまる,連れてくる,連れてくれば,連れてこよう,連れて来て,連れて来た,連れてこんなかった,連れてこられる,連れてこさせる,連れてこられる,連れてこい
する,する,"to do, to play",-,しない,します,する,すれば,しよう,して,した,しなかった,される,させる,できる,しろ
アドバイスする,アドバイスする,to advise,-,アドバイスしない,アドバイスします,アドバイスする,アドバイスすれば,アドバイスしよう,アドバイスして,アドバイスした,アドバイスしなかった,アドバイスされる,アドバイスさせる,アドバイスできる,アドバイスしろ
あいさつする,あいさつする,to greet,-,あいさつしない,あいさつします,あいさつする,あいさつすれば,あいさつしよう,あいさつして,あいさつした,あいさつしなかった,あいさつされる,あいさつさせる,あいさつできる,あいさつしろ
握手する,あくしゅする,to shake hands,-,握手しない,握手します,握手する,握手すれば,握手しよう,握手して,握手した,握手しなかった,握手される,握手させる,握手できる,握手しろ
悪用する,あくようする,"to misuse, to abuse",-,悪用しない,悪用します,悪用する,悪用すれば,悪用しよう,悪用して,悪用した,悪用しなかった,悪用される,悪用させる,悪用できる,悪用しろ
アナウンサーする,アナウンサーする,to announce,-,アナウンサーしない,アナウンサーします,アナウンサーする,アナウンサーすれば,アナウンサーしよう,アナウンサーして,アナウンサーした,アナウンサーしなかった,アナウンサーされる,アナウンサーさせる,アナウンサーできる,アナウンサーしろ
暗記する,あんきする,"to memorize, to learn by heart",-,暗記しない,暗記します,暗記する,暗記すれば,暗記しよう,暗記して,暗記した,暗記しなかった,暗記される,暗記させる,暗記できる,暗記しろ
案内する,あんないする,to guide,-,案内しない,案内します,案内する,案内すれば,案内しよう,案内して,案内した,案内しなかった,案内される,案内させる,案内できる,案内しろ
安心する,あんしんする,to feet at ease,-,安心しない,安心します,安心する,安心すれば,安心しよう,安心して,安心した,安心しなかった,安心される,安心させる,安心できる,安心しろ
安定する,あんていする,to become stable,-,安定しない,安定します,安定する,安定すれば,安定しよう,安定して,安定した,安定しなかった,安定される,安定させる,安定できる,安定しろ
アピールする,アピールする,to appeal,-,アピールしない,アピールします,アピールする,アピールすれば,アピールしよう,アピールして,アピールした,アピールしなかった,アピールされる,アピールさせる,アピールできる,アピールしろ
アタックする,アタックする,to attack,-,アタックしない,アタックします,アタックする,アタックすれば,アタックしよう,アタックして,アタックした,アタックしなかった,アタックされる,アタックさせる,アタックできる,アタックしろ
爆発する,ばくはつする,to explode,-,爆発しない,爆発します,爆発する,爆発すれば,爆発しよう,爆発して,爆発した,爆発しなかった,爆発される,爆発させる,爆発できる,爆発しろ
弁護する,べんごする,to defend,-,弁護しない,弁護します,弁護する,弁護すれば,弁護しよう,弁護して,弁護した,弁護しなかった,弁護される,弁護させる,弁護できる,弁護しろ
勉強する,べんきょうする,to study,-,勉強しない,勉強します,勉強する,勉強すれば,勉強しよう,勉強して,勉強した,勉強しなかった,勉強される,勉強させる,勉強できる,勉強しろ
妨害する,ぼうがいする,"to interrupt, to obstruct",-,妨害しない,妨害します,妨害する,妨害すれば,妨害しよう,妨害して,妨害した,妨害しなかった,妨害される,妨害させる,妨害できる,妨害しろ
防止する,ぼうしする,to prevent,-,防止しない,防止します,防止する,防止すれば,防止しよう,防止して,防止した,防止しなかった,防止される,防止させる,防止できる,防止しろ
募集する,ぼうしゅうする,to recruit,-,募集しない,募集します,募集する,募集すれば,募集しよう,募集して,募集した,募集しなかった,募集される,募集させる,募集できる,募集しろ
分析する,ぶんせきする,to analyze,-,分析しない,分析します,分析する,分析すれば,分析しよう,分析して,分析した,分析しなかった,分析される,分析させる,分析できる,分析しろ
チャレンジする,チャレンジする,to challenge,-,チャレンジしない,チャレンジします,チャレンジする,チャレンジすれば,チャレンジしよう,チャレンジして,チャレンジした,チャレンジしなかった,チャレンジされる,チャレンジさせる,チャレンジできる,チャレンジしろ
チェンジする,チェンジする,to check,-,チェンジしない,チェンジします,チェンジする,チェンジすれば,チェンジしよう,チェンジして,チェンジした,チェンジしなかった,チェンジされる,チェンジさせる,チェンジできる,チェンジしろ
遅刻する,ちこくする,to be late (for school),-,遅刻しない,遅刻します,遅刻する,遅刻すれば,遅刻しよう,遅刻して,遅刻した,遅刻しなかった,遅刻される,遅刻させる,遅刻できる,遅刻しろ
陳列する,ちんれつする,to display,-,陳列しない,陳列します,陳列する,陳列すれば,陳列しよう,陳列して,陳列した,陳列しなかった,陳列される,陳列させる,陳列できる,陳列しろ
貯金する,ちょきんする,"to depost, to save money",-,貯金しない,貯金します,貯金する,貯金すれば,貯金しよう,貯金して,貯金した,貯金しなかった,貯金される,貯金させる,貯金できる,貯金しろ
調査する,ちょうさする,to investigate,-,調査しない,調査します,調査する,調査すれば,調査しよう,調査して,調査した,調査しなかった,調査される,調査させる,調査できる,調査しろ
注意する,ちゅういする,"to pay attention, to warn",-,注意しない,注意します,注意する,注意すれば,注意しよう,注意して,注意した,注意しなかった,注意される,注意させる,注意できる,注意しろ
忠告する,ちゅうこくする,to advise,-,忠告しない,忠告します,忠告する,忠告すれば,忠告しよう,忠告して,忠告した,忠告しなかった,忠告される,忠告させる,忠告できる,忠告しろ
注文する,ちゅうもんする,to order (goods),-,注文しない,注文します,注文する,注文すれば,注文しよう,注文して,注文した,注文しなかった,注文される,注文させる,注文できる,注文しろ
中止する,ちゅうしする,to cancel,-,中止しない,中止します,中止する,中止すれば,中止しよう,中止して,中止した,中止しなかった,中止される,中止させる,中止できる,中止しろ
代表する,だいひょうする,to represent,-,代表しない,代表します,代表する,代表すれば,代表しよう,代表して,代表した,代表しなかった,代表される,代表させる,代表できる,代表しろ
妥協する,だきょうする,to compromise,-,妥協しない,妥協します,妥協する,妥協すれば,妥協しよう,妥協して,妥協した,妥協しなかった,妥協される,妥協させる,妥協できる,妥協しろ
ダンスする,ダンスする,to dance,-,ダンスしない,ダンスします,ダンスする,ダンスすれば,ダンスしよう,ダンスして,ダンスした,ダンスしなかった,ダンスされる,ダンスさせる,ダンスできる,ダンスしろ
デビューする,デビューする,to make one's debut,-,デビューしない,デビューします,デビューする,デビューすれば,デビューしよう,デビューして,デビューした,デビューしなかった,デビューされる,デビューさせる,デビューできる,デビューしろ
電話する,でんわする,"to call, to phone",-,電話しない,電話します,電話する,電話すれば,電話しよう,電話して,電話した,電話しなかった,電話される,電話させる,電話できる,電話しろ
デートする,デートする,to date,-,デートしない,デートします,デートする,デートすれば,デートしよう,デートして,デートした,デートしなかった,デートされる,デートさせる,デートできる,デートしろ
ディスプレーする,ディスプレーする,to display,-,ディスプレーしない,ディスプレーします,ディスプレーする,ディスプレーすれば,ディスプレーしよう,ディスプレーして,ディスプレーした,ディスプレーしなかった,ディスプレーされる,ディスプレーさせる,ディスプレーできる,ディスプレーしろ
同意する,どういする,to agree,-,同意しない,同意します,同意する,同意すれば,同意しよう,同意して,同意した,同意しなかった,同意される,同意させる,同意できる,同意しろ
独立する,どくりつする,to become independent,-,独立しない,独立します,独立する,独立すれば,独立しよう,独立して,独立した,独立しなかった,独立される,独立させる,独立できる,独立しろ
努力する,どりょくする,to make efforts,-,努力しない,努力します,努力する,努力すれば,努力しよう,努力して,努力した,努力しなかった,努力される,努力させる,努力できる,努力しろ
営業する,えいぎょうする,to do business,-,営業しない,営業します,営業する,営業すれば,営業しよう,営業して,営業した,営業しなかった,営業される,営業させる,営業できる,営業しろ
援助する,えんじょする,"to aid, to assist",-,援助しない,援助します,援助する,援助すれば,援助しよう,援助して,援助した,援助しなかった,援助される,援助させる,援助できる,援助しろ
エンジョイする,エンジョイする,to enjoy,-,エンジョイしない,エンジョイします,エンジョイする,エンジョイすれば,エンジョイしよう,エンジョイして,エンジョイした,エンジョイしなかった,エンジョイされる,エンジョイさせる,エンジョイできる,エンジョイしろ
延期する,えんきする,to postpone,-,延期しない,延期します,延期する,延期すれば,延期しよう,延期して,延期した,延期しなかった,延期される,延期させる,延期できる,延期しろ
演説する,えんぜつする,to make a speech,-,演説しない,演説します,演説する,演説すれば,演説しよう,演説して,演説した,演説しなかった,演説される,演説させる,演説できる,演説しろ
エスケープする,エスケープする,to escape,-,エスケープしない,エスケープします,エスケープする,エスケープすれば,エスケープしよう,エスケープして,エスケープした,エスケープしなかった,エスケープされる,エスケープさせる,エスケープできる,エスケープしろ
復習する,ふくしゅうする,to review,-,復習しない,復習します,復習する,復習すれば,復習しよう,復習して,復習した,復習しなかった,復習される,復習させる,復習できる,復習しろ
普及する,ふきゅうする,"to spread, to be popular",-,普及しない,普及します,普及する,普及すれば,普及しよう,普及して,普及した,普及しなかった,普及される,普及させる,普及できる,普及しろ
不足する,ふそくする,to be short of,-,不足しない,不足します,不足する,不足すれば,不足しよう,不足して,不足した,不足しなかった,不足される,不足させる,不足できる,不足しろ
負担する,ふたんする,to bear (expenses),-,負担しない,負担します,負担する,負担すれば,負担しよう,負担して,負担した,負担しなかった,負担される,負担させる,負担できる,負担しろ
外食する,がいしょくする,to eat out,-,外食しない,外食します,外食する,外食すれば,外食しよう,外食して,外食した,外食しなかった,外食される,外食させる,外食できる,外食しろ
外出する,がいしゅつする,to go out,-,外出しない,外出します,外出する,外出すれば,外出しよう,外出して,外出した,外出しなかった,外出される,外出させる,外出できる,外出しろ
我慢する,がまんする,to be patient,-,我慢しない,我慢します,我慢する,我慢すれば,我慢しよう,我慢して,我慢した,我慢しなかった,我慢される,我慢させる,我慢できる,我慢しろ
減少する,げんしょする,to decrease,-,減少しない,減少します,減少する,減少すれば,減少しよう,減少して,減少した,減少しなかった,減少される,減少させる,減少できる,減少しろ
議論する,ぎろんする,"to argue, to debate",-,議論しない,議論します,議論する,議論すれば,議論しよう,議論して,議論した,議論しなかった,議論される,議論させる,議論できる,議論しろ
誤解する,ごかいする,to misunderstand,-,誤解しない,誤解します,誤解する,誤解すれば,誤解しよう,誤解して,誤解した,誤解しなかった,誤解される,誤解させる,誤解できる,誤解しろ
合格する,ごうかくする,to pass (an exam),-,合格しない,合格します,合格する,合格すれば,合格しよう,合格して,合格した,合格しなかった,合格される,合格させる,合格できる,合格しろ
合計する,ごうけいする,"to add up, to total",-,合計しない,合計します,合計する,合計すれば,合計しよう,合計して,合計した,合計しなかった,合計される,合計させる,合計できる,合計しろ
廃止する,はいしする,to abolish,-,廃止しない,廃止します,廃止する,廃止すれば,廃止しよう,廃止して,廃止した,廃止しなかった,廃止される,廃止させる,廃止できる,廃止しろ
配達する,はいたつする,to deliver,-,配達しない,配達します,配達する,配達すれば,配達しよう,配達して,配達した,配達しなかった,配達される,配達させる,配達できる,配達しろ
破壊する,はかいする,to destroy,-,破壊しない,破壊します,破壊する,破壊すれば,破壊しよう,破壊して,破壊した,破壊しなかった,破壊される,破壊させる,破壊できる,破壊しろ
発行する,はっこうする,to publish,-,発行しない,発行します,発行する,発行すれば,発行しよう,発行して,発行した,発行しなかった,発行される,発行させる,発行できる,発行しろ
拍手する,はくする,"to applaud, to clap",-,拍手しない,拍手します,拍手する,拍手すれば,拍手しよう,拍手して,拍手した,拍手しなかった,拍手される,拍手させる,拍手できる,拍手しろ
判断する,はんだんする,to judge,-,判断しない,判断します,判断する,判断すれば,判断しよう,判断して,判断した,判断しなかった,判断される,判断させる,判断できる,判断しろ
反応する,はんおうする,"to react, to respond",-,反応しない,反応します,反応する,反応すれば,反応しよう,反応して,反応した,反応しなかった,反応される,反応させる,反応できる,反応しろ
反射する,はんしゃする,to reflect,-,反射しない,反射します,反射する,反射すれば,反射しよう,反射して,反射した,反射しなかった,反射される,反射させる,反射できる,反射しろ
反対する,はんたいする,to oppose,-,反対しない,反対します,反対する,反対すれば,反対しよう,反対して,反対した,反対しなかった,反対される,反対させる,反対できる,反対しろ
発表する,はっぴょうする,to announce,-,発表しない,発表します,発表する,発表すれば,発表しよう,発表して,発表した,発表しなかった,発表される,発表させる,発表できる,発表しろ
破産する,はさんする,to go bankrupt,-,破産しない,破産します,破産する,破産すれば,破産しよう,破産して,破産した,破産しなかった,破産される,破産させる,破産できる,破産しろ
発送する,はっそうする,"to ship, to send out",-,発送しない,発送します,発送する,発送すれば,発送しよう,発送して,発送した,発送しなかった,発送される,発送させる,発送できる,発送しろ
発言する,はつげんする,to speak,-,発言しない,発言します,発言する,発言すれば,発言しよう,発言して,発言した,発言しなかった,発言される,発言させる,発言できる,発言しろ
発明する,はつめいする,to invent,-,発明しない,発明します,発明する,発明すれば,発明しよう,発明して,発明した,発明しなかった,発明される,発明させる,発明できる,発明しろ
発展する,はってんする,to develop,-,発展しない,発展します,発展する,発展すれば,発展しよう,発展して,発展した,発展しなかった,発展される,発展させる,発展できる,発展しろ
閉店する,へいてんする,to close a shop,-,閉店しない,閉店します,閉店する,閉店すれば,閉店しよう,閉店して,閉店した,閉店しなかった,閉店される,閉店させる,閉店できる,閉店しろ
返事する,へんじする,"to answer, to reply",-,返事しない,返事します,返事する,返事すれば,返事しよう,返事して,返事した,返事しなかった,返事される,返事させる,返事できる,返事しろ
変化する,へんかする,to change,-,変化しない,変化します,変化する,変化すれば,変化しよう,変化して,変化した,変化しなかった,変化される,変化させる,変化できる,変化しろ
変更する,へんこうする,"to alter, to change",-,変更しない,変更します,変更する,変更すれば,変更しよう,変更して,変更した,変更しなかった,変更される,変更させる,変更できる,変更しろ
返品する,へんぴんする,to return goods,-,返品しない,返品します,返品する,返品すれば,返品しよう,返品して,返品した,返品しなかった,返品される,返品させる,返品できる,返品しろ
ヘルプする,ヘルプする,to help,-,ヘルプしない,ヘルプします,ヘルプする,ヘルプすれば,ヘルプしよう,ヘルプして,ヘルプした,ヘルプしなかった,ヘルプされる,ヘルプさせる,ヘルプできる,ヘルプしろ
批判する,ひはんする,to criticize,-,批判しない,批判します,批判する,批判すれば,批判しよう,批判して,批判した,批判しなかった,批判される,批判させる,批判できる,批判しろ
批評する,ひひょうする,to criticize,-,批評しない,批評します,批評する,批評すれば,批評しよう,批評して,批評した,批評しなかった,批評される,批評させる,批評できる,批評しろ
否定する,ひていする,to deny,-,否定しない,否定します,否定する,否定すれば,否定しよう,否定して,否定した,否定しなかった,否定される,否定させる,否定できる,否定しろ
報告する,ほうこくする,to report,-,報告しない,報告します,報告する,報告すれば,報告しよう,報告して,報告した,報告しなかった,報告される,報告させる,報告できる,報告しろ
訪問する,ほうもんする,to visit,-,訪問しない,訪問します,訪問する,訪問すれば,訪問しよう,訪問して,訪問した,訪問しなかった,訪問される,訪問させる,訪問できる,訪問しろ
翻訳する,ほんやくする,to translate,-,翻訳しない,翻訳します,翻訳する,翻訳すれば,翻訳しよう,翻訳して,翻訳した,翻訳しなかった,翻訳される,翻訳させる,翻訳できる,翻訳しろ
保証する,ほしょうする,"to gurantee, to pledge",-,保証しない,保証します,保証する,保証すれば,保証しよう,保証して,保証した,保証しなかった,保証される,保証させる,保証できる,保証しろ
放送する,ほうそうする,to broadcast,-,放送しない,放送します,放送する,放送すれば,放送しよう,放送して,放送した,放送しなかった,放送される,放送させる,放送できる,放送しろ
保存する,ほぞんする,to preserve,-,保存しない,保存します,保存する,保存すれば,保存しよう,保存して,保存した,保存しなかった,保存される,保存させる,保存できる,保存しろ
一位する,いちいする,to be located,-,一位しない,一位します,一位する,一位すれば,一位しよう,一位して,一位した,一位しなかった,一位される,一位させる,一位できる,一位しろ
移動する,いどうする,to move,-,移動しない,移動します,移動する,移動すれば,移動しよう,移動して,移動した,移動しなかった,移動される,移動させる,移動できる,移動しろ
違反する,いはんする,to violate,-,違反しない,違反します,違反する,違反すれば,違反しよう,違反して,違反した,違反しなかった,違反される,違反させる,違反できる,違反しろ
維持する,いじする,to maintain,-,維持しない,維持します,維持する,維持すれば,維持しよう,維持して,維持した,維持しなかった,維持される,維持させる,維持できる,維持しろ
印刷する,いんさつする,to print,-,印刷しない,印刷します,印刷する,印刷すれば,印刷しよう,印刷して,印刷した,印刷しなかった,印刷される,印刷させる,印刷できる,印刷しろ
インタビューする,インタビューする,to interview,-,インタビューしない,インタビューします,インタビューする,インタビューすれば,インタビューしよう,インタビューして,インタビューした,インタビューしなかった,インタビューされる,インタビューさせる,インタビューできる,インタビューしろ
引退する,いんたいする,to retire,-,引退しない,引退します,引退する,引退すれば,引退しよう,引退して,引退した,引退しなかった,引退される,引退させる,引退できる,引退しろ
依頼する,いらいする,to request,-,依頼しない,依頼します,依頼する,依頼すれば,依頼しよう,依頼して,依頼した,依頼しなかった,依頼される,依頼させる,依頼できる,依頼しろ
移植する,いしょくする,to transplant,-,移植しない,移植します,移植する,移植すれば,移植しよう,移植して,移植した,移植しなかった,移植される,移植させる,移植できる,移植しろ
移転する,いてんする,to move to,-,移転しない,移転します,移転する,移転すれば,移転しよう,移転して,移転した,移転しなかった,移転される,移転させる,移転できる,移転しろ
邪魔する,じゃまする,to interrupt,-,邪魔しない,邪魔します,邪魔する,邪魔すれば,邪魔しよう,邪魔して,邪魔した,邪魔しなかった,邪魔される,邪魔させる,邪魔できる,邪魔しろ
実験する,じっけんする,to experiment,-,実験しない,実験します,実験する,実験すれば,実験しよう,実験して,実験した,実験しなかった,実験される,実験させる,実験できる,実験しろ
自慢する,じまんする,"to boast, to be proud",-,自慢しない,自慢します,自慢する,自慢すれば,自慢しよう,自慢して,自慢した,自慢しなかった,自慢される,自慢させる,自慢できる,自慢しろ
自立する,じりつする,to become independent,-,自立しない,自立します,自立する,自立すれば,自立しよう,自立して,自立した,自立しなかった,自立される,自立させる,自立できる,自立しろ
自殺する,じさつする,"to kill oneself, to commit suicide",-,自殺しない,自殺します,自殺する,自殺すれば,自殺しよう,自殺して,自殺した,自殺しなかった,自殺される,自殺させる,自殺できる,自殺しろ
辞職する,じしょくする,to resign,-,辞職しない,辞職します,辞職する,辞職すれば,辞職しよう,辞職して,辞職した,辞職しなかった,辞職される,辞職させる,辞職できる,辞職しろ
実現する,じつげんする,to realize,-,実現しない,実現します,実現する,実現すれば,実現しよう,実現して,実現した,実現しなかった,実現される,実現させる,実現できる,実現しろ
譲歩する,じょうほする,"to concede, to compromise",-,譲歩しない,譲歩します,譲歩する,譲歩すれば,譲歩しよう,譲歩して,譲歩した,譲歩しなかった,譲歩される,譲歩させる,譲歩できる,譲歩しろ
熟達する,じゅくたつする,to master,-,熟達しない,熟達します,熟達する,熟達すれば,熟達しよう,熟達して,熟達した,熟達しなかった,熟達される,熟達させる,熟達できる,熟達しろ
準備する,じゅんびする,to prepare,-,準備しない,準備します,準備する,準備すれば,準備しよう,準備して,準備した,準備しなかった,準備される,準備させる,準備できる,準備しろ
カバーする,カバーする,to cover,-,カバーしない,カバーします,カバーする,カバーすれば,カバーしよう,カバーして,カバーした,カバーしなかった,カバーされる,カバーさせる,カバーできる,カバーしろ
バーブする,バーブする,to curve,-,バーブしない,バーブします,バーブする,バーブすれば,バーブしよう,バーブして,バーブした,バーブしなかった,バーブされる,バーブさせる,バーブできる,バーブしろ
改築する,かいちくする,to curve,-,改築しない,改築します,改築する,改築すれば,改築しよう,改築して,改築した,改築しなかった,改築される,改築させる,改築できる,改築しろ
回復する,かいふくする,"to get well, to recover",-,回復しない,回復します,回復する,回復すれば,回復しよう,回復して,回復した,回復しなかった,回復される,回復させる,回復できる,回復しろ
会議する,かいぎする,to hold a conference,-,会議しない,会議します,会議する,会議すれば,会議しよう,会議して,会議した,会議しなかった,会議される,会議させる,会議できる,会議しろ
開発する,かいはつする,"to develop, to exploit",-,開発しない,開発します,開発する,開発すれば,開発しよう,開発して,開発した,開発しなかった,開発される,開発させる,開発できる,開発しろ
改革する,かいかくする,to reform,-,改革しない,改革します,改革する,改革すれば,改革しよう,改革して,改革した,改革しなかった,改革される,改革させる,改革できる,改革しろ
解決する,かいけつする,to solve,-,解決しない,解決します,解決する,解決すれば,解決しよう,解決して,解決した,解決しなかった,解決される,解決させる,解決できる,解決しろ
開催する,かいさいする,to hold/open (an exhibition),-,開催しない,開催します,開催する,開催すれば,開催しよう,開催して,開催した,開催しなかった,開催される,開催させる,開催できる,開催しろ
解散する,かいさんする,"to break up, to dissolve",-,解散しない,解散します,解散する,解散すれば,解散しよう,解散して,解散した,解散しなかった,解散される,解散させる,解散できる,解散しろ
改訂する,かいていする,to revise,-,改訂しない,改訂します,改訂する,改訂すれば,改訂しよう,改訂して,改訂した,改訂しなかった,改訂される,改訂させる,改訂できる,改訂しろ
回転する,かいてんする,"to rotate, to turn",-,回転しない,回転します,回転する,回転すれば,回転しよう,回転して,回転した,回転しなかった,回転される,回転させる,回転できる,回転しろ
回答する,かいとうする,"to answer, to reply",-,回答しない,回答します,回答する,回答すれば,回答しよう,回答して,回答した,回答しなかった,回答される,回答させる,回答できる,回答しろ
会話する,かいわする,to talk,-,会話しない,会話します,会話する,会話すれば,会話しよう,会話して,会話した,会話しなかった,会話される,会話させる,会話できる,会話しろ
解約する,かいやくする,to cancel a contract,-,解約しない,解約します,解約する,解約すれば,解約しよう,解約して,解約した,解約しなかった,解約される,解約させる,解約できる,解約しろ
改善する,かいぜんする,to improve,-,改善しない,改善します,改善する,改善すれば,改善しよう,改善して,改善した,改善しなかった,改善される,改善させる,改善できる,改善しろ
加工する,かこうする,to process,-,加工しない,加工します,加工する,加工すれば,加工しよう,加工して,加工した,加工しなかった,加工される,加工させる,加工できる,加工しろ
拡大する,かくだいする,"to magnify, to enlarge",-,拡大しない,拡大します,拡大する,拡大すれば,拡大しよう,拡大して,拡大した,拡大しなかった,拡大される,拡大させる,拡大できる,拡大しろ
確認する,かくにんする,to confirm,-,確認しない,確認します,確認する,確認すれば,確認しよう,確認して,確認した,確認しなかった,確認される,確認させる,確認できる,確認しろ
歓迎する,かんげいする,to welcome,-,歓迎しない,歓迎します,歓迎する,歓迎すれば,歓迎しよう,歓迎して,歓迎した,歓迎しなかった,歓迎される,歓迎させる,歓迎できる,歓迎しろ
観光する,かんこうする,"to sightsee, to see the sights",-,観光しない,観光します,観光する,観光すれば,観光しよう,観光して,観光した,観光しなかった,観光される,観光させる,観光できる,観光しろ
管理する,かんりする,to manage,-,管理しない,管理します,管理する,管理すれば,管理しよう,管理して,管理した,管理しなかった,管理される,管理させる,管理できる,管理しろ
観察する,かんさつする,to observe,-,観察しない,観察します,観察する,観察すれば,観察しよう,観察して,観察した,観察しなかった,観察される,観察させる,観察できる,観察しろ
完成する,かんせいする,to complete,-,完成しない,完成します,完成する,完成すれば,完成しよう,完成して,完成した,完成しなかった,完成される,完成させる,完成できる,完成しろ
感心する,かんしんする,to admire,-,感心しない,感心します,感心する,感心すれば,感心しよう,感心して,感心した,感心しなかった,感心される,感心させる,感心できる,感心しろ
仮定する,かていする,to suppose,-,仮定しない,仮定します,仮定する,仮定すれば,仮定しよう,仮定して,仮定した,仮定しなかった,仮定される,仮定させる,仮定できる,仮定しろ
活動する,かつどうする,"to act, to be active",-,活動しない,活動します,活動する,活動すれば,活動しよう,活動して,活動した,活動しなかった,活動される,活動させる,活動できる,活動しろ
カットする,カットする,to cut,-,カットしない,カットします,カットする,カットすれば,カットしよう,カットして,カットした,カットしなかった,カットされる,カットさせる,カットできる,カットしろ
経営する,けいえいする,"to manage, to run (a company)",-,経営しない,経営します,経営する,経営すれば,経営しよう,経営して,経営した,経営しなかった,経営される,経営させる,経営できる,経営しろ
経過する,けいかする,"to pass, to elapse",-,経過しない,経過します,経過する,経過すれば,経過しよう,経過して,経過した,経過しなかった,経過される,経過させる,経過できる,経過しろ
計画する,けいかくする,"to design, to plan",-,計画しない,計画します,計画する,計画すれば,計画しよう,計画して,計画した,計画しなかった,計画される,計画させる,計画できる,計画しろ
経験する,けいけする,to experience,-,経験しない,経験します,経験する,経験すれば,経験しよう,経験して,経験した,経験しなかった,経験される,経験させる,経験できる,経験しろ
計算する,けいさんする,to calculate,-,計算しない,計算します,計算する,計算すれば,計算しよう,計算して,計算した,計算しなかった,計算される,計算させる,計算できる,計算しろ
契約する,けいやくする,to contract,-,契約しない,契約します,契約する,契約すれば,契約しよう,契約して,契約した,契約しなかった,契約される,契約させる,契約できる,契約しろ
結婚する,けっこんする,to marry,-,結婚しない,結婚します,結婚する,結婚すれば,結婚しよう,結婚して,結婚した,結婚しなかった,結婚される,結婚させる,結婚できる,結婚しろ
見物する,けんぶつする,to sightsee,-,見物しない,見物します,見物する,見物すれば,見物しよう,見物して,見物した,見物しなかった,見物される,見物させる,見物できる,見物しろ
喧嘩する,けんかする,"to fight, to quarrel",-,喧嘩しない,喧嘩します,喧嘩する,喧嘩すれば,喧嘩しよう,喧嘩して,喧嘩した,喧嘩しなかった,喧嘩される,喧嘩させる,喧嘩できる,喧嘩しろ
研究する,けんきゅうする,to research,-,研究しない,研究します,研究する,研究すれば,研究しよう,研究して,研究した,研究しなかった,研究される,研究させる,研究できる,研究しろ
建設する,けんせつする,"to construct, to build",-,建設しない,建設します,建設する,建設すれば,建設しよう,建設して,建設した,建設しなかった,建設される,建設させる,建設できる,建設しろ
欠席する,けっせきする,to be absent,-,欠席しない,欠席します,欠席する,欠席すれば,欠席しよう,欠席して,欠席した,欠席しなかった,欠席される,欠席させる,欠席できる,欠席しろ
決定する,けっていする,"to determine, to decide",-,決定しない,決定します,決定する,決定すれば,決定しよう,決定して,決定した,決定しなかった,決定される,決定させる,決定できる,決定しろ
帰国する,きこくする,to return to one's country,-,帰国しない,帰国します,帰国する,帰国すれば,帰国しよう,帰国して,帰国した,帰国しなかった,帰国される,帰国させる,帰国できる,帰国しろ
禁煙する,きんえんする,"to stop smoking, to quit smoking",-,禁煙しない,禁煙します,禁煙する,禁煙すれば,禁煙しよう,禁煙して,禁煙した,禁煙しなかった,禁煙される,禁煙させる,禁煙できる,禁煙しろ
記録する,きろくする,to record,-,記録しない,記録します,記録する,記録すれば,記録しよう,記録して,記録した,記録しなかった,記録される,記録させる,記録できる,記録しろ
キスする,キスする,to kiss,-,キスしない,キスします,キスする,キスすれば,キスしよう,キスして,キスした,キスしなかった,キスされる,キスさせる,キスできる,キスしろ
期待する,きたいする,"to expect, to hope",-,期待しない,期待します,期待する,期待すれば,期待しよう,期待して,期待した,期待しなかった,期待される,期待させる,期待できる,期待しろ
コーチする,コーチする,to coach,-,コーチしない,コーチします,コーチする,コーチすれば,コーチしよう,コーチして,コーチした,コーチしなかった,コーチされる,コーチさせる,コーチできる,コーチしろ
攻撃する,こうげきする,to attack,-,攻撃しない,攻撃します,攻撃する,攻撃すれば,攻撃しよう,攻撃して,攻撃した,攻撃しなかった,攻撃される,攻撃させる,攻撃できる,攻撃しろ
講義する,こうぎする,to lecture,-,講義しない,講義します,講義する,講義すれば,講義しよう,講義して,講義した,講義しなかった,講義される,講義させる,講義できる,講義しろ
工事する,こうじする,to construct,-,工事しない,工事します,工事する,工事すれば,工事しよう,工事して,工事した,工事しなかった,工事される,工事させる,工事できる,工事しろ
交換する,こうかんする,"to reciprocate, to exchange",-,交換しない,交換します,交換する,交換すれば,交換しよう,交換して,交換した,交換しなかった,交換される,交換させる,交換できる,交換しろ
広告する,こうこくする,to advertise,-,広告しない,広告します,広告する,広告すれば,広告しよう,広告して,広告した,広告しなかった,広告される,広告させる,広告できる,広告しろ
コントロールする,コントロールする,to control,-,コントロールしない,コントロールします,コントロールする,コントロールすれば,コントロールしよう,コントロールして,コントロールした,コントロールしなかった,コントロールされる,コントロールさせる,コントロールできる,コントロールしろ
考慮する,こおりょする,"to take into account, to consider",-,考慮しない,考慮します,考慮する,考慮すれば,考慮しよう,考慮して,考慮した,考慮しなかった,考慮される,考慮させる,考慮できる,考慮しろ
故障する,こしょうする,"to break down, to be out of order",-,故障しない,故障します,故障する,故障すれば,故障しよう,故障して,故障した,故障しなかった,故障される,故障させる,故障できる,故障しろ
交渉する,こうしょうする,to negotiate,-,交渉しない,交渉します,交渉する,交渉すれば,交渉しよう,交渉して,交渉した,交渉しなかった,交渉される,交渉させる,交渉できる,交渉しろ
キャンプする,キャンプする,to camp,-,キャンプしない,キャンプします,キャンプする,キャンプすれば,キャンプしよう,キャンプして,キャンプした,キャンプしなかった,キャンプされる,キャンプさせる,キャンプできる,キャンプしろ
キャンセルする,キャンセルする,to cancel,-,キャンセルしない,キャンセルします,キャンセルする,キャンセルすれば,キャンセルしよう,キャンセルして,キャンセルした,キャンセルしなかった,キャンセルされる,キャンセルさせる,キャンセルできる,キャンセルしろ
キャッチする,キャッチする,to catch,-,キャッチしない,キャッチします,キャッチする,キャッチすれば,キャッチしよう,キャッチして,キャッチした,キャッチしなかった,キャッチされる,キャッチさせる,キャッチできる,キャッチしろ
拒否する,きょひする,to refuse,-,拒否しない,拒否します,拒否する,拒否すれば,拒否しよう,拒否して,拒否した,拒否しなかった,拒否される,拒否させる,拒否できる,拒否しろ
教育する,きょういくする,to educate,-,教育しない,教育します,教育する,教育すれば,教育しよう,教育して,教育した,教育しなかった,教育される,教育させる,教育できる,教育しろ
許可する,きょかする,to permit,-,許可しない,許可します,許可する,許可すれば,許可しよう,許可して,許可した,許可しなかった,許可される,許可させる,許可できる,許可しろ
協力する,きょうりょくする,to cooperate,-,協力しない,協力します,協力する,協力すれば,協力しよう,協力して,協力した,協力しなかった,協力される,協力させる,協力できる,協力しろ
強請する,きょうせいする,to force,-,強請しない,強請します,強請する,強請すれば,強請しよう,強請して,強請した,強請しなかった,強請される,強請させる,強請できる,強請しろ
競争する,きょうそうする,to compete,-,競争しない,競争します,競争する,競争すれば,競争しよう,競争して,競争した,競争しなかった,競争される,競争させる,競争できる,競争しろ
救助する,きゅうする,to rescue,-,救助しない,救助します,救助する,救助すれば,救助しよう,救助して,救助した,救助しなかった,救助される,救助させる,救助できる,救助しろ
休憩する,きゅうけいする,to rest,-,休憩しない,休憩します,休憩する,休憩すれば,休憩しよう,休憩して,休憩した,休憩しなかった,休憩される,休憩させる,休憩できる,休憩しろ
満足する,まんぞくする,to absorb,-,満足しない,満足します,満足する,満足すれば,満足しよう,満足して,満足した,満足しなかった,満足される,満足させる,満足できる,満足しろ
マッサージする,マッサージする,to massage,-,マッサージしない,マッサージします,マッサージする,マッサージすれば,マッサージしよう,マッサージして,マッサージした,マッサージしなかった,マッサージされる,マッサージさせる,マッサージできる,マッサージしろ
マスターする,マスターする,to master,-,マスターしない,マスターします,マスターする,マスターすれば,マスターしよう,マスターして,マスターした,マスターしなかった,マスターされる,マスターさせる,マスターできる,マスターしろ
マッチする,マッチする,to match,-,マッチしない,マッチします,マッチする,マッチすれば,マッチしよう,マッチして,マッチした,マッチしなかった,マッチされる,マッチさせる,マッチできる,マッチしろ
面接する,めんせつする,to interview,-,面接しない,面接します,面接する,面接すれば,面接しよう,面接して,面接した,面接しなかった,面接される,面接させる,面接できる,面接しろ
ミックスする,ミックスする,to mix,-,ミックスしない,ミックスします,ミックスする,ミックスすれば,ミックスしよう,ミックスして,ミックスした,ミックスしなかった,ミックスされる,ミックスさせる,ミックスできる,ミックスしろ
矛盾する,むじゅんする,to contradict,-,矛盾しない,矛盾します,矛盾する,矛盾すれば,矛盾しよう,矛盾して,矛盾した,矛盾しなかった,矛盾される,矛盾させる,矛盾できる,矛盾しろ
無視する,むしする,to ignore,-,無視しない,無視します,無視する,無視すれば,無視しよう,無視して,無視した,無視しなかった,無視される,無視させる,無視できる,無視しろ
納得する,なっとくする,"to consent, to agre",-,納得しない,納得します,納得する,納得すれば,納得しよう,納得して,納得した,納得しなかった,納得される,納得させる,納得できる,納得しろ
任命する,にんめいする,to appoint,-,任命しない,任命します,任命する,任命すれば,任命しよう,任命して,任命した,任命しなかった,任命される,任命させる,任命できる,任命しろ
妊娠する,にんしんする,"to become pregnant, to get pregnant",-,妊娠しない,妊娠します,妊娠する,妊娠すれば,妊娠しよう,妊娠して,妊娠した,妊娠しなかった,妊娠される,妊娠させる,妊娠できる,妊娠しろ
ノックする,ノックする,to knock,-,ノックしない,ノックします,ノックする,ノックすれば,ノックしよう,ノックして,ノックした,ノックしなかった,ノックされる,ノックさせる,ノックできる,ノックしろ
入学する,にゅうがくする,to enter a school,-,入学しない,入学します,入学する,入学すれば,入学しよう,入学して,入学した,入学しなかった,入学される,入学させる,入学できる,入学しろ
入院する,にゅういんする,to be hospitalized,-,入院しない,入院します,入院する,入院すれば,入院しよう,入院して,入院した,入院しなかった,入院される,入院させる,入院できる,入院しろ
オーバーする,オーバーする,to exceed,-,オーバーしない,オーバーします,オーバーする,オーバーすれば,オーバーしよう,オーバーして,オーバーした,オーバーしなかった,オーバーされる,オーバーさせる,オーバーできる,オーバーしろ
応募する,おうぼする,to apply,-,応募しない,応募します,応募する,応募すれば,応募しよう,応募して,応募した,応募しなかった,応募される,応募させる,応募できる,応募しろ
オーダーする,オーダーする,to order,-,オーダーしない,オーダーします,オーダーする,オーダーすれば,オーダーしよう,オーダーして,オーダーした,オーダーしなかった,オーダーされる,オーダーさせる,オーダーできる,オーダーしろ
横断する,おうだんする,to cross,-,横断しない,横断します,横断する,横断すれば,横断しよう,横断して,横断した,横断しなかった,横断される,横断させる,横断できる,横断しろ
応援する,おうえんする,"to aid, to cheer",-,応援しない,応援します,応援する,応援すれば,応援しよう,応援して,応援した,応援しなかった,応援される,応援させる,応援できる,応援しろ
往復する,おうふくする,"to go and return, to make a round trip",-,往復しない,往復します,往復する,往復すれば,往復しよう,往復して,往復した,往復しなかった,往復される,往復させる,往復できる,往復しろ
オミットする,オミットする,to omit,-,オミットしない,オミットします,オミットする,オミットすれば,オミットしよう,オミットして,オミットした,オミットしなかった,オミットされる,オミットさせる,オミットできる,オミットしろ
オーペンする,オーペンする,to open,-,オーペンしない,オーペンします,オーペンする,オーペンすれば,オーペンしよう,オーペンして,オーペンした,オーペンしなかった,オーペンされる,オーペンさせる,オーペンできる,オーペンしろ
横領する,おうりょうする,to usurp,-,横領しない,横領します,横領する,横領すれば,横領しよう,横領して,横領した,横領しなかった,横領される,横領させる,横領できる,横領しろ
応用する,おうようする,to put into practice,-,応用しない,応用します,応用する,応用すれば,応用しよう,応用して,応用した,応用しなかった,応用される,応用させる,応用できる,応用しろ
パスする,パスする,to pass,-,パスしない,パスします,パスする,パスすれば,パスしよう,パスして,パスした,パスしなかった,パスされる,パスさせる,パスできる,パスしろ
ピックアップする,ピックアップする,to pick up,-,ピックアップしない,ピックアップします,ピックアップする,ピックアップすれば,ピックアップしよう,ピックアップして,ピックアップした,ピックアップしなかった,ピックアップされる,ピックアップさせる,ピックアップできる,ピックアップしろ
プリントする,プリントする,to print,-,プリントしない,プリントします,プリントする,プリントすれば,プリントしよう,プリントして,プリントした,プリントしなかった,プリントされる,プリントさせる,プリントできる,プリントしろ
プロポーズする,プロポーズする,to propose,-,プロポーズしない,プロポーズします,プロポーズする,プロポーズすれば,プロポーズしよう,プロポーズして,プロポーズした,プロポーズしなかった,プロポーズされる,プロポーズさせる,プロポーズできる,プロポーズしろ
落第する,らくだいする,to fail (an exam),-,落第しない,落第します,落第する,落第すれば,落第しよう,落第して,落第した,落第しなかった,落第される,落第させる,落第できる,落第しろ
連絡する,れんらくする,to contact,-,連絡しない,連絡します,連絡する,連絡すれば,連絡しよう,連絡して,連絡した,連絡しなかった,連絡される,連絡させる,連絡できる,連絡しろ
練習する,れんしゅうする,to practice,-,練習しない,練習します,練習する,練習すれば,練習しよう,練習して,練習した,練習しなかった,練習される,練習させる,練習できる,練習しろ
理解する,りかいする,to understand,-,理解しない,理解します,理解する,理解すれば,理解しよう,理解して,理解した,理解しなかった,理解される,理解させる,理解できる,理解しろ
離婚する,りこんする,to divorce,-,離婚しない,離婚します,離婚する,離婚すれば,離婚しよう,離婚して,離婚した,離婚しなかった,離婚される,離婚させる,離婚できる,離婚しろ
リタイアする,リタイアする,to retire,-,リタイアしない,リタイアします,リタイアする,リタイアすれば,リタイアしよう,リタイアして,リタイアした,リタイアしなかった,リタイアされる,リタイアさせる,リタイアできる,リタイアしろ
利用する,りようする,to utilize,-,利用しない,利用します,利用する,利用すれば,利用しよう,利用して,利用した,利用しなかった,利用される,利用させる,利用できる,利用しろ
録音する,ろくおんする,to record (on tape),-,録音しない,録音します,録音する,録音すれば,録音しよう,録音して,録音した,録音しなかった,録音される,録音させる,録音できる,録音しろ
旅行する,りょこうする,"to travel, to take a trip",-,旅行しない,旅行します,旅行する,旅行すれば,旅行しよう,旅行して,旅行した,旅行しなかった,旅行される,旅行させる,旅行できる,旅行しろ
料理する,りょうりする,to cook,-,料理しない,料理します,料理する,料理すれば,料理しよう,料理して,料理した,料理しなかった,料理される,料理させる,料理できる,料理しろ
留学する,りゅうがくする,to study abroad,-,留学しない,留学します,留学する,留学すれば,留学しよう,留学して,留学した,留学しなかった,留学される,留学させる,留学できる,留学しろ
流行する,りゅうこうする,"to be in fashion, to be popular",-,流行しない,流行します,流行する,流行すれば,流行しよう,流行して,流行した,流行しなかった,流行される,流行させる,流行できる,流行しろ
裁判する,さいばんする,to try (a case),-,裁判しない,裁判します,裁判する,裁判すれば,裁判しよう,裁判して,裁判した,裁判しなかった,裁判される,裁判させる,裁判できる,裁判しろ
サインする,サインする,to sign,-,サインしない,サインします,サインする,サインすれば,サインしよう,サインして,サインした,サインしなかった,サインされる,サインさせる,サインできる,サインしろ
採用する,さいようする,"to adopt, to employ",-,採用しない,採用します,採用する,採用すれば,採用しよう,採用して,採用した,採用しなかった,採用される,採用させる,採用できる,採用しろ
参加する,さんかする,"to participate, to join",-,参加しない,参加します,参加する,参加すれば,参加しよう,参加して,参加した,参加しなかった,参加される,参加させる,参加できる,参加しろ
散歩する,さんぽする,to take a walk,-,散歩しない,散歩します,散歩する,散歩すれば,散歩しよう,散歩して,散歩した,散歩しなかった,散歩される,散歩させる,散歩できる,散歩しろ
賛成する,さんせいする,"to approve, to agree",-,賛成しない,賛成します,賛成する,賛成すれば,賛成しよう,賛成して,賛成した,賛成しなかった,賛成される,賛成させる,賛成できる,賛成しろ
成長する,せいちょうする,to grow,-,成長しない,成長します,成長する,成長すれば,成長しよう,成長して,成長した,成長しなかった,成長される,成長させる,成長できる,成長しろ
生活する,せいかつする,"to live, to make a living",-,生活しない,生活します,生活する,生活すれば,生活しよう,生活して,生活した,生活しなかった,生活される,生活させる,生活できる,生活しろ
成功する,せいこうする,to succeed,-,成功しない,成功します,成功する,成功すれば,成功しよう,成功して,成功した,成功しなかった,成功される,成功させる,成功できる,成功しろ
整理する,せいりする,to put in order,-,整理しない,整理します,整理する,整理すれば,整理しよう,整理して,整理した,整理しなかった,整理される,整理させる,整理できる,整理しろ
生産する,せいさんする,to produce,-,生産しない,生産します,生産する,生産すれば,生産しよう,生産して,生産した,生産しなかった,生産される,生産させる,生産できる,生産しろ
宣伝する,せんでんする,to advertise,-,宣伝しない,宣伝します,宣伝する,宣伝すれば,宣伝しよう,宣伝して,宣伝した,宣伝しなかった,宣伝される,宣伝させる,宣伝できる,宣伝しろ
選挙する,せんきょする,"to elect, to vote",-,選挙しない,選挙します,選挙する,選挙すれば,選挙しよう,選挙して,選挙した,選挙しなかった,選挙される,選挙させる,選挙できる,選挙しろ
戦争する,せんそうする,"to fight, to make a war",-,戦争しない,戦争します,戦争する,戦争すれば,戦争しよう,戦争して,戦争した,戦争しなかった,戦争される,戦争させる,戦争できる,戦争しろ
洗濯する,せんたくする,to wash (clothes),-,洗濯しない,洗濯します,洗濯する,洗濯すれば,洗濯しよう,洗濯して,洗濯した,洗濯しなかった,洗濯される,洗濯させる,洗濯できる,洗濯しろ
説明する,せつめいする,to explain,-,説明しない,説明します,説明する,説明すれば,説明しよう,説明して,説明した,説明しなかった,説明される,説明させる,説明できる,説明しろ
節約する,せつやくする,"to economize, to save",-,節約しない,節約します,節約する,節約すれば,節約しよう,節約して,節約した,節約しなかった,節約される,節約させる,節約できる,節約しろ
説得する,せっとくする,to persuade,-,説得しない,説得します,説得する,説得すれば,説得しよう,説得して,説得した,説得しなかった,説得される,説得させる,説得できる,説得しろ
世話する,せわする,to take care of,-,世話しない,世話します,世話する,世話すれば,世話しよう,世話して,世話した,世話しなかった,世話される,世話させる,世話できる,世話しろ
死亡する,しぼうする,to die,-,死亡しない,死亡します,死亡する,死亡すれば,死亡しよう,死亡して,死亡した,死亡しなかった,死亡される,死亡させる,死亡できる,死亡しろ
指導する,しどうする,to guide,-,指導しない,指導します,指導する,指導すれば,指導しよう,指導して,指導した,指導しなかった,指導される,指導させる,指導できる,指導しろ
仕事する,しごとする,to work,-,仕事しない,仕事します,仕事する,仕事すれば,仕事しよう,仕事して,仕事した,仕事しなかった,仕事される,仕事させる,仕事できる,仕事しろ
支配する,しはいする,to control,-,支配しない,支配します,支配する,支配すれば,支配しよう,支配して,支配した,支配しなかった,支配される,支配させる,支配できる,支配しろ
指示する,しじする,to instruct,-,指示しない,指示します,指示する,指示すれば,指示しよう,指示して,指示した,指示しなかった,指示される,指示させる,指示できる,指示しろ
支持する,しじする,to support,-,支持しない,支持します,支持する,支持すれば,支持しよう,支持して,支持した,支持しなかった,支持される,支持させる,支持できる,支持しろ
試験する,しけんする,"to examine, to test",-,試験しない,試験します,試験する,試験すれば,試験しよう,試験して,試験した,試験しなかった,試験される,試験させる,試験できる,試験しろ
心配する,しんぱいする,to be worried,-,心配しない,心配します,心配する,心配すれば,心配しよう,心配して,心配した,心配しなかった,心配される,心配させる,心配できる,心配しろ
進歩する,しんぽする,to progress,-,進歩しない,進歩します,進歩する,進歩すれば,進歩しよう,進歩して,進歩した,進歩しなかった,進歩される,進歩させる,進歩できる,進歩しろ
申請する,しんせいする,to apply,-,申請しない,申請します,申請する,申請すれば,申請しよう,申請して,申請した,申請しなかった,申請される,申請させる,申請できる,申請しろ
信用する,しんようする,to trust,-,信用しない,信用します,信用する,信用すれば,信用しよう,信用して,信用した,信用しなかった,信用される,信用させる,信用できる,信用しろ
失敗する,しっぱいする,to fail,-,失敗しない,失敗します,失敗する,失敗すれば,失敗しよう,失敗して,失敗した,失敗しなかった,失敗される,失敗させる,失敗できる,失敗しろ
質問する,しつもんする,to ask a question,-,質問しない,質問します,質問する,質問すれば,質問しよう,質問して,質問した,質問しなかった,質問される,質問させる,質問できる,質問しろ
使用する,しようする,to use,-,使用しない,使用します,使用する,使用すれば,使用しよう,使用して,使用した,使用しなかった,使用される,使用させる,使用できる,使用しろ
消費する,しょうひする,"to spend, to consume",-,消費しない,消費します,消費する,消費すれば,消費しよう,消費して,消費した,消費しなかった,消費される,消費させる,消費できる,消費しろ
紹介する,しょうかする,to introduce,-,紹介しない,紹介します,紹介する,紹介すれば,紹介しよう,紹介して,紹介した,紹介しなかった,紹介される,紹介させる,紹介できる,紹介しろ
食事する,しょくじする,"to eat, to dine",-,食事しない,食事します,食事する,食事すれば,食事しよう,食事して,食事した,食事しなかった,食事される,食事させる,食事できる,食事しろ
署名する,しょめいする,to sign,-,署名しない,署名します,署名する,署名すれば,署名しよう,署名して,署名した,署名しなかった,署名される,署名させる,署名できる,署名しろ
昇進する,しょうしんする,to be promoted,-,昇進しない,昇進します,昇進する,昇進すれば,昇進しよう,昇進して,昇進した,昇進しなかった,昇進される,昇進させる,昇進できる,昇進しろ
招待する,しょうたいする,to invite,-,招待しない,招待します,招待する,招待すれば,招待しよう,招待して,招待した,招待しなかった,招待される,招待させる,招待できる,招待しろ
衝突する,しょうとつする,to collide,-,衝突 しない,衝突します,衝突する,衝突すれば,衝突しよう,衝突して,衝突した,衝突しなかった,衝突される,衝突させる,衝突できる,衝突しろ
所有する,しょゆうする,"to possess, to have",-,所有しない,所有します,所有する,所有すれば,所有しよう,所有して,所有した,所有しなかった,所有される,所有させる,所有できる,所有しろ
所属する,しょぞくする,to belong,-,所属しない,所属します,所属する,所属すれば,所属しよう,所属して,所属した,所属しなかった,所属される,所属させる,所属できる,所属しろ
主張する,しゅちょうする,"to assert, to insist",-,主張しない,主張します,主張する,主張すれば,主張しよう,主張して,主張した,主張しなかった,主張される,主張させる,主張できる,主張しろ
出航する,しゅっこうする,to sail off,-,出航しない,出航します,出航する,出航すれば,出航しよう,出航して,出航した,出航しなかった,出航される,出航させる,出航できる,出航しろ
縮小する,しゅくしょうする,to reduce,-,縮小しない,縮小します,縮小する,縮小すれば,縮小しよう,縮小して,縮小した,縮小しなかった,縮小される,縮小させる,縮小できる,縮小しろ
出版する,しゅっぱんする,to publish,-,出版しない,出版します,出版する,出版すれば,出版しよう,出版して,出版した,出版しなかった,出版される,出版させる,出版できる,出版しろ
出発する,しゅっぱつする,"to depart, to leave",-,出発しない,出発します,出発する,出発すれば,出発しよう,出発して,出発した,出発しなかった,出発される,出発させる,出発できる,出発しろ
修理する,しゅうりする,"to repair, to fix",-,修理しない,修理します,修理する,修理すれば,修理しよう,修理して,修理した,修理しなかった,修理される,修理させる,修理できる,修理しろ
出席する,しゅっせきする,to attend,-,出席しない,出席します,出席する,出席すれば,出席しよう,出席して,出席した,出席しなかった,出席される,出席させる,出席できる,出席しろ
出張する,しゅっちょうする,to go on a business trip,-,出張しない,出張します,出張する,出張すれば,出張しよう,出張して,出張した,出張しなかった,出張される,出張させる,出張できる,出張しろ
相談する,そうだんする,to consult,-,相談しない,相談します,相談する,相談すれば,相談しよう,相談して,相談した,相談しなかった,相談される,相談させる,相談できる,相談しろ
掃除する,そうじする,"to clean, to sweep",-,掃除しない,掃除します,掃除する,掃除すれば,掃除しよう,掃除して,掃除した,掃除しなかった,掃除される,掃除させる,掃除できる,掃除しろ
送金する,そうきんする,to remit money,-,送金しない,送金します,送金する,送金すれば,送金しよう,送金して,送金した,送金しなかった,送金される,送金させる,送金できる,送金しろ
尊敬する,そんけいする,to respect,-,尊敬しない,尊敬します,尊敬する,尊敬すれば,尊敬しよう,尊敬して,尊敬した,尊敬しなかった,尊敬される,尊敬させる,尊敬できる,尊敬しろ
捜査する,そおさする,to investigate,-,捜査しない,捜査します,捜査する,捜査すれば,捜査しよう,捜査して,捜査した,捜査しなかった,捜査される,捜査させる,捜査できる,捜査しろ
組織する,そしきする,to organize,-,組織しない,組織します,組織する,組織すれば,組織しよう,組織して,組織した,組織しなかった,組織される,組織させる,組織できる,組織しろ
卒業する,そつぎょうする,to graduate,-,卒業しない,卒業します,卒業する,卒業すれば,卒業しよう,卒業して,卒業した,卒業しなかった,卒業される,卒業させる,卒業できる,卒業しろ
推薦する,すいせんする,to recommend,-,推薦しない,推薦します,推薦する,推薦すれば,推薦しよう,推薦して,推薦した,推薦しなかった,推薦される,推薦させる,推薦できる,推薦しろ
スライドする,スライドする,to slide,-,スライドしない,スライドします,スライドする,スライドすれば,スライドしよう,スライドして,スライドした,スライドしなかった,スライドされる,スライドさせる,スライドできる,スライドしろ
スリップする,スリップする,to slip,-,スリップしない,スリップします,スリップする,スリップすれば,スリップしよう,スリップして,スリップした,スリップしなかった,スリップされる,スリップさせる,スリップできる,スリップしろ
スタートする,スタートする,to start,-,スタートしない,スタートします,スタートする,スタートすれば,スタートしよう,スタートして,スタートした,スタートしなかった,スタートされる,スタートさせる,スタートできる,スタートしろ
ストップする,ストップする,to stop,-,ストップしない,ストップします,ストップする,ストップすれば,ストップしよう,ストップして,ストップした,ストップしなかった,ストップされる,ストップさせる,ストップできる,ストップしろ
逮捕する,たいほする,to arrest,-,逮捕しない,逮捕します,逮捕する,逮捕すれば,逮捕しよう,逮捕して,逮捕した,逮捕しなかった,逮捕される,逮捕させる,逮捕できる,逮捕しろ
退院する,たいいんする,to get out of a hospital,-,退院しない,退院します,退院する,退院すれば,退院しよう,退院して,退院した,退院しなかった,退院される,退院させる,退院できる,退院しろ
担当する,たんとうする,to take charge,-,担当しない,担当します,担当する,担当すれば,担当しよう,担当して,担当した,担当しなかった,担当される,担当させる,担当できる,担当しろ
タッチする,タッチする,to touch,-,タッチしない,タッチします,タッチする,タッチすれば,タッチしよう,タッチして,タッチした,タッチしなかった,タッチされる,タッチさせる,タッチできる,タッチしろ
提案する,ていあんする,to propose,-,提案しない,提案します,提案する,提案すれば,提案しよう,提案して,提案した,提案しなかった,提案される,提案させる,提案できる,提案しろ
提供する,ていきょうする,to offer,-,提供しない,提供します,提供する,提供すれば,提供しよう,提供して,提供した,提供しなかった,提供される,提供させる,提供できる,提供しろ
提出する,ていしゅつする,to submit,-,提出しない,提出します,提出する,提出すれば,提出しよう,提出して,提出した,提出しなかった,提出される,提出させる,提出できる,提出しろ
転勤する,てんきする,to be transferred (to another office),-,転勤しない,転勤します,転勤する,転勤すれば,転勤しよう,転勤して,転勤した,転勤しなかった,転勤される,転勤させる,転勤できる,転勤しろ
テストする,テストする,to test,-,テストしない,テストします,テストする,テストすれば,テストしよう,テストして,テストした,テストしなかった,テストされる,テストさせる,テストできる,テストしろ
徹夜する,てつやする,to stay up all night,-,徹夜しない,徹夜します,徹夜する,徹夜すれば,徹夜しよう,徹夜して,徹夜した,徹夜しなかった,徹夜される,徹夜させる,徹夜できる,徹夜しろ
到着する,とうちゃくする,to arrive,-,到着しない,到着します,到着する,到着すれば,到着しよう,到着して,到着した,到着しなかった,到着される,到着させる,到着できる,到着しろ
投票する,とうひょうする,to vote,-,投票しない,投票します,投票する,投票すれば,投票しよう,投票して,投票した,投票しなかった,投票される,投票させる,投票できる,投票しろ
統一する,とういつする,to unify,-,統一しない,統一します,統一する,統一すれば,統一しよう,統一して,統一した,統一しなかった,統一される,統一させる,統一できる,統一しろ
登録する,とうろくする,to register,-,登録しない,登録します,登録する,登録すれば,登録しよう,登録して,登録した,登録しなかった,登録される,登録させる,登録できる,登録しろ
倒産する,とうさんする,to go bankrupt,-,倒産しない,倒産します,倒産する,倒産すれば,倒産しよう,倒産して,倒産した,倒産しなかった,倒産される,倒産させる,倒産できる,倒産しろ
当選する,とうせんする,to be elected,-,当選しない,当選します,当選する,当選すれば,当選しよう,当選して,当選した,当選しなかった,当選される,当選させる,当選できる,当選しろ
投資する,とうしする,to invest,-,投資しない,投資します,投資する,投資すれば,投資しよう,投資して,投資した,投資しなかった,投資される,投資させる,投資できる,投資しろ
追加する,ついかする,to add,-,追加しない,追加します,追加する,追加すれば,追加しよう,追加して,追加した,追加しなかった,追加される,追加させる,追加できる,追加しろ
追求する,ついきゅうする,to pursue,-,追求しない,追求します,追求する,追求すれば,追求しよう,追求して,追求した,追求しなかった,追求される,追求させる,追求できる,追求しろ
墜落する,ついらくする,"to fall, to crash",-,墜落しない,墜落します,墜落する,墜落すれば,墜落しよう,墜落して,墜落した,墜落しなかった,墜落される,墜落させる,墜落できる,墜落しろ
通過する,つうかする,to pass,-,通過しない,通過します,通過する,通過すれば,通過しよう,通過して,通過した,通過しなかった,通過される,通過させる,通過できる,通過しろ
通勤する,つうきんする,to commute (to work),-,通勤しない,通勤します,通勤する,通勤すれば,通勤しよう,通勤して,通勤した,通勤しなかった,通勤される,通勤させる,通勤できる,通勤しろ
通信する,つうしんする,"to correspond, to communicate",-,通信しない,通信します,通信する,通信すれば,通信しよう,通信して,通信した,通信しなかった,通信される,通信させる,通信できる,通信しろ
運動する,うんどうする,to exercise,-,運動しない,運動します,運動する,運動すれば,運動しよう,運動して,運動した,運動しなかった,運動される,運動させる,運動できる,運動しろ
運送する,うんそうする,to transport,-,運送しない,運送します,運送する,運送すれば,運送しよう,運送して,運送した,運送しなかった,運送される,運送させる,運送できる,運送しろ
運転する,うんてんする,to drive (a car),-,運転しない,運転します,運転する,運転すれば,運転しよう,運転して,運転した,運転しなかった,運転される,運転させる,運転できる,運転しろ
約束する,やくそくする,to promise,-,約束しない,約束します,約束する,約束すれば,約束しよう,約束して,約束した,約束しなかった,約束される,約束させる,約束できる,約束しろ
要求する,ようきゅうする,to demand,-,要求しない,要求します,要求する,要求すれば,要求しよう,要求して,要求した,要求しなかった,要求される,要求させる,要求できる,要求しろ
予習する,よしゅうする,to prepare one's lessons,-,予習しない,予習します,予習する,予習すれば,予習しよう,予習して,予習した,予習しなかった,予習される,予習させる,予習できる,予習しろ
予想する,よそうする,"to expect, to forecast",-,予想しない,予想します,予想する,予想すれば,予想しよう,予想して,予想した,予想しなかった,予想される,予想させる,予想できる,予想しろ
予約する,よやくする,to reserve,-,予約しない,予約します,予約する,予約すれば,予約しよう,予約して,予約した,予約しなかった,予約される,予約させる,予約できる,予約しろ
誘拐する,ゆうかいする,"to abduct, to kidnap",-,誘拐しない,誘拐します,誘拐する,誘拐すれば,誘拐しよう,誘拐して,誘拐した,誘拐しなかった,誘拐される,誘拐させる,誘拐できる,誘拐しろ
輸入する,ゆにゅうする,to import,-,輸入しない,輸入します,輸入する,輸入すれば,輸入しよう,輸入して,輸入した,輸入しなかった,輸入される,輸入させる,輸入できる,輸入しろ
優勝する,ゆうしょうする,to win a championship,-,優勝しない,優勝します,優勝する,優勝すれば,優勝しよう,優勝して,優勝した,優勝しなかった,優勝される,優勝させる,優勝できる,優勝しろ
輸出する,ゆしゅつする,to export,-,輸出しない,輸出します,輸出する,輸出すれば,輸出しよう,輸出して,輸出した,輸出しなかった,輸出される,輸出させる,輸出できる,輸出しろ
郵送する,ゆうそうする,to mail,-,郵送しない,郵送します,郵送する,郵送すれば,郵送しよう,郵送して,郵送した,郵送しなかった,郵送される,郵送させる,郵送できる,郵送しろ
残業する,ざんぎょうする,to work overtime,-,残業しない,残業します,残業する,残業すれば,残業しよう,残業して,残業した,残業しなかった,残業される,残業させる,残業できる,残業しろ
増加する,ぞうかする,to increase,-,増加しない,増加します,増加する,増加すれば,増加しよう,増加して,増加した,増加しなかった,増加される,増加させる,増加できる,増加しろ
