五段动词,平假名,释义,自他性,否定,丁寧,辞書,条件,意向,て,過去,過去否定,被动,使役,可能,命令
上がる,あがる,"to rise, to go up",i,上がらない,上がります,上がる,上がれば,上がろう,上がって,上がった,上がらなかった,上がられる,上がらせる,上がれる,上がれ
開く,あく,to open,i,開かない,開きます,開く,開けば,開こう,開いて,開いた,開かなかった,開かれる,開かせる,開ける,開け
空く,あく,to become empty,i,空かない,空きます,空く,空けば,空こう,空いて,空いた,空かなかった,空かれる,空かせる,空ける,空け
余る,あまる,"to be left over, to remain",i,余らない,余ります,余る,余れば,余ろう,余って,余った,余らなかった,余られる,余らせる,余れる,余れ
争う,あらそう,"to fight, to compete",t,争わない,争います,争う,争えば,争おう,争って,争った,争わなかった,争われる,争わせる,争える,争え
洗う,あらう,to wash,t,洗わない,洗います,洗う,洗えば,洗おう,洗って,洗った,洗わなかった,洗われる,洗わせる,洗える,洗え
表す,あらわす,"to show, to express",t,表さない,表します,表す,表せば,表そう,表して,表した,表さなかった,表される,表させる,表せる,表せ
著す,あらわす,to write,t,著さない,著します,著す,著せば,著そう,著して,著した,著さなかった,著される,著させる,著せる,著せ
ある,ある,"to be, to have",i,ない,あります,ある,あれば,（あろう）,あって,あった,なかった,,,,（あれ）
歩く,あるく,to walk,i,歩かない,歩きます,歩く,歩けば,歩こう,歩いて,歩いた,歩かなかった,歩かれる,歩かせる,歩ける,歩け
あさる,あさる,"to hunt for, to scavenge",t,あさらない,あさります,あさる,あされば,あさろう,あさって,あさった,あさらなかった,あさられる,あさらせる,あされる,あされ
遊ぶ,あそぶ,"to play, to enjoy onself",i,遊ばない,遊びます,遊ぶ,遊べば,遊ぼう,遊んで,遊んだ,遊ばなかった,遊ばれる,遊ばせる,遊べる,遊べ
当たる,あたる,"to hit, to strike, to shine upon",i,当たらない,当たります,当たる,当たれば,当たろう,当たって,当たった,当たらなかった,当たられる,当たらせる,当たれる,当たれ
暖まる,あたたまる,to warm up,i,暖まらない,暖まります,暖まる,暖まれば,暖まろう,暖まって,暖まった,暖まらなかった,暖まられる,暖まらせる,暖まれる,暖まれ
扱う,あつかう,"to handle, to deal",t,扱わない,扱います,扱う,扱えば,扱おう,扱って,扱った,扱わなかった,扱われる,扱わせる,扱える,扱え
集まる,あつまる,"to assemble, to get together",i,集まらない,集まります,集まる,集まれば,集まろう,集まって,集まった,集まらなかった,集まられる,集まらせる,集まれる,集まれ
会う,あう,to meet,i,会わない,会います,会う,会えば,会おう,会って,会った,会わなかった,会われる,会わせる,会える,会え
合う,あう,"to match, to fit",i,合わない,合います,合う,合えば,合おう,合って,合った,合わなかった,合われる,合わせる,合える,合え
謝る,あやまる,to apologize,t,謝らない,謝ります,謝る,謝れば,謝ろう,謝って,謝った,謝らなかった,謝られる,謝らせる,謝れる,謝れ
誤る,あやまる,"to make a mistake, to err",t,誤らない,誤ります,誤る,誤れば,誤ろう,誤って,誤った,誤らなかった,誤られる,誤らせる,誤れる,誤れ
預かる,あずかる,to keep,t,預からない,預かります,預かる,預かれば,預かろう,預かって,預かった,預からなかった,預かられる,預からせる,預かれる,預かれ
ぶつかる,ぶつかる,"to hit, to bump",i,ぶつからない,ぶつかります,ぶつかる,ぶつかれば,ぶつかろう,ぶつかって,ぶつかった,ぶつからなかった,ぶつかられる,ぶつからせる,ぶつかれる,ぶつかれ
違う,ちがう,"to differ, to be wrong",i,違わない,違います,違う,違えば,違おう,違って,違った,違わなかった,違われる,違わせる,違える,違え
ちぎる,ちぎる,to tear to pieces,t,ちぎらない,ちぎります,ちぎる,ちぎれば,ちぎろう,ちぎって,ちぎった,ちぎらなかった,ちぎられる,ちぎらせる,ちぎれる,ちぎれ
縮む,ちぢむ,to shrink,i,縮まない,縮みます,縮む,縮めば,縮もう,縮んで,縮んだ,縮まなかった,縮まれる,縮ませる,縮める,縮め
近づく,ちかづく,"to approach, to get near",i,近づかない,近づきます,近づく,近づけば,近づこう,近づいて,近づいた,近づかなかった,近づかれる,近づかせる,近づける,近づけ
散らす,ちらす,"to scatter, to disperse",i,散らさない,散らします,散らす,散らせば,散らそう,散らして,散らした,散らさなかった,散らされる,散らさせる,散らせる,散らせ
散る,ちる,"to scatter, to disperse",i,散らない,散ります,散る,散れば,散ろう,散って,散った,散らなかった,散られる,散らせる,散れる,散れ
抱く,だく,"to embrace, to hold, to hug",i,抱かない,抱きます,抱く,抱けば,抱こう,抱いて,抱いた,抱かなかった,抱かれる,抱かせる,抱ける,抱け
だます,だます,"to deceive, to cheat",i,だまさない,だまします,だます,だませば,だまそう,だまして,だました,だまさなかった,だまされる,だまさせる,だませる,だませ
出す,だす,"to put out, to send, to submit",t,出さない,出します,出す,出せば,出そう,出して,出した,出さなかった,出される,出させる,出せる,出せ
どなる,どなる,to shout,i,どならない,どなります,どなる,どなれば,どなろう,どなって,どなった,どならなかった,どなられる,どならせる,どなれる,どなれ
選ぶ,えらぶ,to choose,t,選ばない,選びます,選ぶ,選べば,選ぼう,選んで,選んだ,選ばなかった,選ばれる,選ばせる,選べる,選べ
拭く,ふく,to wipe,t,拭かない,拭きます,拭く,拭けば,拭こう,拭いて,拭いた,拭かなかった,拭かれる,拭かせる,拭ける,拭け
吹く,ふく,"to blow, to play (wind instruments)","i,t",吹かない,吹きます,吹く,吹けば,吹こう,吹いて,吹いた,吹かなかった,吹かれる,吹かせる,吹ける,吹け
含む,ふくむ,"to contain, to include",t,含まない,含みます,含む,含めば,含もう,含んで,含んだ,含まなかった,含まれる,含ませる,含める,含め
膨らむ,ふくらむ,"to swell, to expand",i,膨らまない,膨らみます,膨らむ,膨らめば,膨らもう,膨らんで,膨らんだ,膨らまなかった,膨らまれる,膨らませる,膨らめる,膨らめ
踏む,ふむ,to step on,t,踏まない,踏みます,踏む,踏めば,踏もう,踏んで,踏んだ,踏まなかった,踏まれる,踏ませる,踏める,踏め
降る,ふる,"to rain, to snow",i,降らない,降ります,降る,降れば,降ろう,降って,降った,降らなかった,降られる,降らせる,降れる,降れ
振る,ふる,to wave,i,振らない,振ります,振る,振れば,振ろう,振って,振った,振らなかった,振られる,振らせる,振れる,振れ
ふさぐ,ふさぐ,to block up,t,ふさがない,ふさぎます,ふさぐ,ふさげば,ふさごう,ふさいで,ふさいだ,ふさがなかった,ふさがれる,ふさがせる,ふさげる,ふさげ
太る,ふとる,"to gain weight, to get fat",i,太らない,太ります,太る,太れば,太ろう,太って,太った,太らなかった,太られる,太らせる,太れる,太れ
増やす,ふやす,to increase,t,増やさない,増やします,増やす,増やせば,増やそう,増やして,増やした,増やさなかった,増やされる,増やさせる,増やせる,増やせ
頑張る,がんばる,"to persist, to hold on",i,頑張らない,頑張ります,頑張る,頑張れば,頑張ろう,頑張って,頑張った,頑張らなかった,頑張られる,頑張らせる,頑張れる,頑張れ
省く,はぶく,to omit,t,省かない,省きます,省く,省けば,省こう,省いて,省いた,省かなかった,省かれる,省かせる,省ける,省け
はがす,はがす,"to strip off, to tear off",t,はがさない,はがします,はがす,はがせば,はがそう,はがして,はがした,はがさなかった,はがされる,はがさせる,はがせる,はがせ
励ます,はげます,to encourage,t,励まさない,励まします,励ます,励ませば,励まそう,励まして,励ました,励まさなかった,励まされる,励まさせる,励ませる,励ませ
励む,はげむ,"to make efforts, to strive",t,励まない,励みます,励む,励めば,励もう,励んで,励んだ,励まなかった,励まれる,励ませる,励める,励め
省く,はぶく,to omit,t,省かない,省きます,省く,省けば,省こう,省いて,省いた,省かなかった,省かれる,省かせる,省ける,省け
はがす,はがす,"to strip off, to tear off",t,はがさない,はがします,はがす,はがせば,はがそう,はがして,はがした,はがさなかった,はがされる,はがさせる,はがせる,はがせ
励ます,はげます,to encourage,t,励まさない,励まします,励ます,励ませば,励まそう,励まして,励ました,励まさなかった,励まされる,励まさせる,励ませる,励ませ
励む,はげむ,"to make efforts, to strive",i,励まない,励みます,励む,励めば,励もう,励んで,励んだ,励まなかった,励まれる,励ませる,励める,励め
入る,はいる,to enter,i,入らない,入ります,入る,入れば,入ろう,入って,入った,入らなかった,入られる,入らせる,入れる,入れ
始まる,はじまる,"to begin, to start",i,始まらない,始まります,始まる,始まれば,始まろう,始まって,始まった,始まらなかった,始まられる,始まらせる,始まれる,始まれ
計る,はかる,"to measure, to weigh",t,計らない,計ります,計る,計れば,計ろう,計って,計った,計らなかった,計られる,計らせる,計れる,計れ
運ぶ,はこぶ,"to carry, to transport",t,運ばない,運びます,運ぶ,運べば,運ぼう,運んで,運んだ,運ばなかった,運ばれる,運ばせる,運べる,運べ
履く,はく,to wear (shoes),t,履かない,履きます,履く,履けば,履こう,履いて,履いた,履かなかった,履かれる,履かせる,履ける,履け
吐く,はく,to vomit,t,吐かない,吐きます,吐く,吐けば,吐こう,吐いて,吐いた,吐かなかった,吐かれる,吐かせる,吐ける,吐け
掃く,はく,to sweep,t,掃かない,掃きます,掃く,掃けば,掃こう,掃いて,掃いた,掃かなかった,掃かれる,掃かせる,掃ける,掃け
はみ出す,はみだす,to stick out,i,はみ出さない,はみ出します,はみ出す,はみ出せば,はみ出そう,はみ出して,はみ出した,はみ出さなかった,はみ出される,はみ出させる,はみ出せる,はみ出せ
話す,はなす,to speak,t,話さない,話します,話す,話せば,話そう,話して,話した,話さなかった,話される,話させる,話せる,話せ
離す,はなす,"to detach, to separate",i,離さない,離します,離す,離せば,離そう,離して,離した,離さなかった,離される,離させる,離せる,離せ
放す,はなす,"to set free, to release",t,放さない,放します,放す,放せば,放そう,放して,放した,放さなかった,放される,放させる,放せる,放せ
払う,はらう,to pay,t,払わない,払います,払う,払えば,払おう,払って,払った,払わなかった,払われる,払わせる,払える,払え
張る,はる,"to paste, to stick, to stretch",t,張らない,張ります,張る,張れば,張ろう,張って,張った,張らなかった,張られる,張らせる,張れる,張れ
走る,はしる,to run,i,走らない,走ります,走る,走れば,走ろう,走って,走った,走らなかった,走られる,走らせる,走れる,走れ
はたく,はたく,"to beat, to slap, to dust",t,はたかない,はたきます,はたく,はたけば,はたこう,はたいて,はたいた,はたかなかった,はたかれる,はたかせる,はたける,はたけ
働く,はたらく,to work,i,働かない,働きます,働く,働けば,働こう,働いて,働いた,働かなかった,働かれる,働かせる,働ける,働け
はやる,はやる,"to be popular, to prevail",i,はやらない,はやります,はやる,はやれば,はやろう,はやって,はやった,はやらなかった,はやられる,はやらせる,はやれる,はやれ
生やす,はやす,to grow (mustache),t,生やさない,生やします,生やす,生やせば,生やそう,生やして,生やした,生やさなかった,生やされる,生やさせる,生やせる,生やせ
弾む,はずむ,"to spring, to bounce",i,弾まない,弾みます,弾む,弾めば,弾もう,弾んで,弾んだ,弾まなかった,弾まれる,弾ませる,弾める,弾め
外す,はずす,"to take off, to remove",t,外さない,外します,外す,外せば,外そう,外して,外した,外さなかった,外される,外させる,外せる,外せ
へこむ,へこむ,to be dented,i,へこまない,へこみます,へこむ,へこめば,へこもう,へこんで,へこんだ,へこまなかった,へこまれる,へこませる,へこめる,へこめ
減らす,へらす,to decrease,t,減らさない,減らします,減らす,減らせば,減らそう,減らして,減らした,減らさなかった,減らされる,減らさせる,減らせる,減らせ
減る,へる,to decrease,i,減らない,減ります,減る,減れば,減ろう,減って,減った,減らなかった,減られる,減らせる,減れる,減れ
光る,ひかる,to shine,i,光らない,光ります,光る,光れば,光ろう,光って,光った,光らなかった,光られる,光らせる,光れる,光れ
引きずる,ひきずる,"to drag, to trail",t,引きずらない,引きずります,引きずる,引きずれば,引きずろう,引きずって,引きずった,引きずらなかった,引きずられる,引きずらせる,引きずれる,引きずれ
引っ込む,ひっこむ,to draw back,i,引っ込まない,引っ込みます,引っ込む,引っ込めば,引っ込もう,引っ込んで,引っ込んだ,引っ込まなかった,引っ込まれる,引っ込ませる,引っ込める,引っ込め
引っ越す,ひっこす,to move to,i,引っ越さない,引っ越します,引っ越す,引っ越せば,引っ越そう,引っ越して,引っ越した,引っ越さなかった,引っ越される,引っ越させる,引っ越せる,引っ越せ
ひっくり返す,ひっくりかえす,"to turn over, to upset",t,ひっくり返さない,ひっくり返します,ひっくり返す,ひっくり返せば,ひっくり返そう,ひっくり返して,ひっくり返した,ひっくり返さなかった,ひっくり返される,ひっくり返させる,ひっくり返せる,ひっくり返せ
引く,ひく,to pull,t,引かない,引きます,引く,引けば,引こう,引いて,引いた,引かなかった,引かれる,引かせる,引ける,引け
弾く,ひく,to play,"i,t",弾かない,弾きます,弾く,弾けば,弾こう,弾いて,弾いた,弾かなかった,弾かれる,弾かせる,弾ける,弾け
ひねる,ひねる,"to twist, to wrench",t,ひねらない,ひねります,ひねる,ひねれば,ひねろう,ひねって,ひねった,ひねらなかった,ひねられる,ひねらせる,ひねれる,ひねれ
引っ張る,ひっぱる,"to pull, to draw",i,引っ張らない,引っ張ります,引っ張る,引っ張れば,引っ張ろう,引っ張って,引っ張った,引っ張らなかった,引っ張られる,引っ張らせる,引っ張れる,引っ張れ
開く,ひらく,"to open, to unfold","i,t",開かない,開きます,開く,開けば,開こう,開いて,開いた,開かなかった,開かれる,開かせる,開ける,開け
広がる,ひろがる,"to extend, to spread",i,広がらない,広がります,広がる,広がれば,広がろう,広がって,広がった,広がらなかった,広がられる,広がらせる,広がれる,広がれ
拾う,ひろう,to pick up,t,拾わない,拾います,拾う,拾えば,拾おう,拾って,拾った,拾わなかった,拾われる,拾わせる,拾える,拾え
潜む,ひそむ,to lurk,i,潜まない,潜みます,潜む,潜めば,潜もう,潜んで,潜んだ,潜まなかった,潜まれる,潜ませる,潜める,潜め
冷やかす,ひやかす,to tease,t,冷やかさない,冷やかします,冷やかす,冷やかせば,冷やかそう,冷やかして,冷やかした,冷やかさなかった,冷やかされる,冷やかさせる,冷やかせる,冷やかせ
冷やす,ひやす,"to cool, to ice",t,冷やさない,冷やします,冷やす,冷やせば,冷やそう,冷やして,冷やした,冷やさなかった,冷やされる,冷やさせる,冷やせる,冷やせ
ほどく,ほどく,to untie,t,ほどかない,ほどきます,ほどく,ほどけば,ほどこう,ほどいて,ほどいた,ほどかなかった,ほどかれる,ほどかせる,ほどける,ほどけ
誇る,ほこる,"to boast, to be pround of","i,t",誇らない,誇ります,誇る,誇れば,誇ろう,誇って,誇った,誇らなかった,誇られる,誇らせる,誇れる,誇れ
掘る,ほる,to dig,t,掘らない,掘ります,掘る,掘れば,掘ろう,掘って,掘った,掘らなかった,掘られる,掘らせる,掘れる,掘れ
彫る,ほる,"to carve, to engrave",t,彫らない,彫ります,彫る,彫れば,彫ろう,彫って,彫った,彫らなかった,彫られる,彫らせる,彫れる,彫れ
挑む,いどむ,to challenge,"i,t",挑まない,挑みます,挑む,挑めば,挑もう,挑んで,挑んだ,挑まなかった,挑まれる,挑ませる,挑める,挑め
いじる,いじる,"to fumble, to tamper",t,いじらない,いじります,いじる,いじれば,いじろう,いじって,いじった,いじらなかった,いじられる,いじらせる,いじれる,いじれ
意気込む,いきごむ,to be eager,i,意気込まない,意気込みます,意気込む,意気込めば,意気込もう,意気込んで,意気込んだ,意気込まなかった,意気込まれる,意気込ませる,意気込める,意気込め
行く,いく,to go,i,行かない,行きます,行く,行けば,行こう,行いて,行った,行かなかった,行かれる,行かせる,行ける,行け
祈る,いのる,to pray,t,祈らない,祈ります,祈る,祈れば,祈ろう,祈って,祈った,祈らなかった,祈られる,祈らせる,祈れる,祈れ
苛立つ,いらだつ,to be irritated,i,苛立たない,苛立ちます,苛立つ,苛立てば,苛立とう,苛立って,苛立った,苛立たなかった,苛立たれる,苛立たせる,苛立てる,苛立て
いらっしゃる,いらっしゃる,"to be, to go, to come",i,いらっしゃらない,いらっしゃります,いらっしゃる,いらっしゃれば,いらっしゃろう,いらっしゃって,いらっしゃった,いらっしゃらなかった,いらっしゃられる,いらっしゃらせる,いらっしゃれる,いらっしゃい
要る,いる,to need,i,要らない,要ります,要る,要れば,要ろう,要って,要った,要らなかった,要られる,要らせる,要れる,要れ
急ぐ,いそぐ,to hurry,i,急がない,急ぎます,急ぐ,急げば,急ごう,急いで,急いだ,急がなかった,急がれる,急がせる,急げる,急げ
頂く,いただく,"to receive, to eat, to drink",i,頂かない,頂きます,頂く,頂けば,頂こう,頂いて,頂いた,頂かなかった,頂かれる,頂かせる,頂ける,頂け
痛む,いたむ,"to hurt, to feel a pain",i,痛まない,痛みます,痛む,痛めば,痛もう,痛んで,痛んだ,痛まなかった,痛まれる,痛ませる,痛める,痛め
至る,いたる,"to arrive, to reach",i,至らない,至ります,至る,至れば,至ろう,至って,至った,至らなかった,至られる,至らせる,至れる,至れ
致す,いたす,to do,t,致さない,致します,致す,致せば,致そう,致して,致した,致さなかった,致される,致させる,致せる,致せ
労わる,いたわる,to console,t,労わらない,労わります,労わる,労われば,労わろう,労わって,労わった,労わらなかった,労わられる,労わらせる,労われる,労われ
営む,いとなむ,"to perform, to run a business",i,営まない,営みます,営む,営めば,営もう,営んで,営んだ,営まなかった,営まれる,営ませる,営める,営め
偽る,いつわる,"to lie, to falsify",t,偽らない,偽ります,偽る,偽れば,偽ろう,偽って,偽った,偽らなかった,偽られる,偽らせる,偽れる,偽れ
言う,いう,"to say, to tell",t,言わない,言います,言う,言えば,言おう,言って,言った,言わなかった,言われる,言わせる,言える,言え
祝う,いわう,"to congratulate, to celebrate",t,祝わない,祝います,祝う,祝えば,祝おう,祝って,祝った,祝わなかった,祝われる,祝わせる,祝える,祝え
焦らす,じらす,"to irritate, to tease",t,焦らさない,焦らします,焦らす,焦らせば,焦らそう,焦らして,焦らした,焦らさなかった,焦らされる,焦らさせる,焦らせる,焦らせ
被る,かぶる,to wear (a hat),t,被らない,被ります,被る,被れば,被ろう,被って,被った,被らなかった,被られる,被らせる,被れる,被れ
帰る,かえる,to return,i,帰らない,帰ります,帰る,帰れば,帰ろう,帰って,帰った,帰らなかった,帰られる,帰らせる,帰れる,帰れ
返す,かえす,"to return, to give back",t,返さない,返します,返す,返せば,返そう,返して,返した,返さなかった,返される,返させる,返せる,返せ
屈む,かがむ,to stoop,i,屈まない,屈みます,屈む,屈めば,屈もう,屈んで,屈んだ,屈まなかった,屈まれる,屈ませる,屈める,屈め
齧る,かじる,"to bite, to gnaw",t,齧らない,齧ります,齧る,齧れば,齧ろう,齧って,齧った,齧らなかった,齧られる,齧らせる,齧れる,齧れ
掛かる,かかる,"to hang, to cost, to take time",i,掛からない,掛かります,掛かる,掛かれば,掛かろう,掛かって,掛かった,掛からなかった,掛かられる,掛からせる,掛かれる,掛かれ
掻き回す,かきまわす,"to churn, to stir up",t,掻き回さない,掻き回します,掻き回す,掻き回せば,掻き回そう,掻き回して,掻き回した,掻き回さなかった,掻き回される,掻き回させる,掻き回せる,掻き回せ
書く,かく,to write,t,書かない,書きます,書く,書けば,書こう,書いて,書いた,書かなかった,書かれる,書かせる,書ける,書け
隠す,かくす,"to hide, to conceal",t,隠さない,隠します,隠す,隠せば,隠そう,隠して,隠した,隠さなかった,隠される,隠させる,隠せる,隠せ
噛む,かむ,to bite,i,噛まない,噛みます,噛む,噛めば,噛もう,噛んで,噛んだ,噛まなかった,噛まれる,噛ませる,噛める,噛め
悲しむ,かなしむ,"to mourn, to feel sad",t,悲しまない,悲しみます,悲しむ,悲しめば,悲しもう,悲しんで,悲しんだ,悲しまなかった,悲しまれる,悲しませる,悲しめる,悲しめ
絡む,からむ,"to entwine, to twine around",i,絡まない,絡みます,絡む,絡めば,絡もう,絡んで,絡んだ,絡まなかった,絡まれる,絡ませる,絡める,絡め
刈る,かる,"to mow, to cut, to trim",t,刈らない,刈ります,刈る,刈れば,刈ろう,刈って,刈った,刈らなかった,刈られる,刈らせる,刈れる,刈れ
貸す,かす,"to lend, to rent",t,貸さない,貸します,貸す,貸せば,貸そう,貸して,貸した,貸さなかった,貸される,貸させる,貸せる,貸せ
傾く,かたむく,"to slope, to lean",i,傾かない,傾きます,傾く,傾けば,傾こう,傾いて,傾いた,傾かなかった,傾かれる,傾かせる,傾ける,傾け
勝つ,かつ,to win,i,勝たない,勝ちます,勝つ,勝てば,勝とう,勝って,勝った,勝たなかった,勝たれる,勝たせる,勝てる,勝て
買う,かう,to buy,t,買わない,買います,買う,買えば,買おう,買って,買った,買わなかった,買われる,買わせる,買える,買え
飼う,かう,to keep pets,t,飼わない,飼います,飼う,飼えば,飼おう,飼って,飼った,飼わなかった,飼われる,飼わせる,飼える,飼え
乾かす,かわかす,to dry,t,乾かさない,乾かします,乾かす,乾かせば,乾かそう,乾かして,乾かした,乾かさなかった,乾かされる,乾かさせる,乾かせる,乾かせ
乾く,かわく,to get dry,i,乾かない,乾きます,乾く,乾けば,乾こう,乾いて,乾いた,乾かなかった,乾かれる,乾かせる,乾ける,乾け
渇く,かわく,"to be thirsty, to get thirsty",i,渇かない,渇きます,渇く,渇けば,渇こう,渇いて,渇いた,渇かなかった,渇かれる,渇かせる,渇ける,渇け
変わる,かわる,to change,i,変わらない,変わります,変わる,変われば,変わろう,変わって,変わった,変わらなかった,変わられる,変わらせる,変われる,変われ
代わる,かわる,to replace,t,代わらない,代わります,代わる,代われば,代わろう,代わって,代わった,代わらなかった,代わられる,代わらせる,代われる,代われ
通う,かよう,to commute,i,通わない,通います,通う,通えば,通おう,通って,通った,通わなかった,通われる,通わせる,通える,通え
飾る,かざる,to decorate,t,飾らない,飾ります,飾る,飾れば,飾ろう,飾って,飾った,飾らなかった,飾られる,飾らせる,飾れる,飾れ
消す,けす,"to turn off, to erase",t,消さない,消します,消す,消せば,消そう,消して,消した,消さなかった,消される,消させる,消せる,消せ
削る,けずる,to sharpen,t,削らない,削ります,削る,削れば,削ろう,削って,削った,削らなかった,削られる,削らせる,削れる,削れ
聞く,きく,"to hear, to listen, to ask",t,聞かない,聞きます,聞く,聞けば,聞こう,聞いて,聞いた,聞かなかった,聞かれる,聞かせる,聞ける,聞け
効く,きく,to be effective,i,効かない,効きます,効く,効けば,効こう,効いて,効いた,効かなかった,効かれる,効かせる,効ける,効け
決まる,きまる,to be decided,i,決まらない,決まります,決まる,決まれば,決まろう,決まって,決まった,決まらなかった,決まられる,決まらせる,決まれる,決まれ
切る,きる,"to cut, to switch off",t,切らない,切ります,切る,切れば,切ろう,切って,切った,切らなかった,切られる,切らせる,切れる,切れ
競う,きそう,to compete,"i,t",競わない,競います,競う,競えば,競おう,競って,競った,競わなかった,競われる,競わせる,競える,競え
刻む,きざむ,to chop,t,刻まない,刻みます,刻む,刻めば,刻もう,刻んで,刻んだ,刻まなかった,刻まれる,刻ませる,刻める,刻め
困る,こまる,to be in trouble,i,困らない,困ります,困る,困れば,困ろう,困って,困った,困らなかった,困られる,困らせる,困れる,困れ
込む,こむ,to be crowded,i,込まない,込みます,込む,込めば,込もう,込んで,込んだ,込まなかった,込まれる,込ませる,込める,込め
転ぶ,ころぶ,to roll,i,転ばない,転びます,転ぶ,転べば,転ぼう,転んで,転んだ,転ばなかった,転ばれる,転ばせる,転べる,転べ
転がる,ころがる,to roll,i,転がらない,転がります,転がる,転がれば,転がろう,転がって,転がった,転がらなかった,転がられる,転がらせる,転がれる,転がれ
転がす,ころがす,to roll,t,転がさない,転がします,転がす,転がせば,転がそう,転がして,転がした,転がさなかった,転がされる,転がさせる,転がせる,転がせ
殺す,ころす,"to kill, to murder",t,殺さない,殺します,殺す,殺せば,殺そう,殺して,殺した,殺さなかった,殺される,殺させる,殺せる,殺せ
凍る,こおる,to freeze,i,凍らない,凍ります,凍る,凍れば,凍ろう,凍って,凍った,凍らなかった,凍られる,凍らせる,凍れる,凍れ
超す,こす,"to cross, to pass",i,超さない,超します,超す,超せば,超そう,超して,超した,超さなかった,超される,超させる,超せる,超せ
擦る,こする,"to rub, to scrub",t,擦らない,擦ります,擦る,擦れば,擦ろう,擦って,擦った,擦らなかった,擦られる,擦らせる,擦れる,擦れ
断る,ことわる,"to refuse, to decline",t,断らない,断ります,断る,断れば,断ろう,断って,断った,断らなかった,断られる,断らせる,断れる,断れ
壊す,こわす,"to break, to decline",t,壊さない,壊します,壊す,壊せば,壊そう,壊して,壊した,壊さなかった,壊される,壊させる,壊せる,壊せ
配る,くばる,"to distribute, to hand out",i,配らない,配ります,配る,配れば,配ろう,配って,配った,配らなかった,配られる,配らせる,配れる,配れ
砕く,くだく,"to smash, to crush",t,砕かない,砕きます,砕く,砕けば,砕こう,砕いて,砕いた,砕かなかった,砕かれる,砕かせる,砕ける,砕け
下る,くだる,"to descend, to go down",i,下らない,下ります,下る,下れば,下ろう,下って,下った,下らなかった,下られる,下らせる,下れる,下れ
くださる,くださる,to give,t,くださらない,くださります,くださる,くだされば,くださろう,くださって,くださった,くださらなかった,くださられる,くださらせる,くだされる,くだされ
くくる,くくる,"to tie, to bind",t,くくらない,くくります,くくる,くくれば,くくろう,くくって,くくった,くくらなかった,くくられる,くくらせる,くくれる,くくれ
曇る,くもる,to become cloudy,i,曇らない,曇ります,曇る,曇れば,曇ろう,曇って,曇った,曇らなかった,曇られる,曇らせる,曇れる,曇れ
組む,くむ,"to put together, to pair, to team up",i,組まない,組みます,組む,組めば,組もう,組んで,組んだ,組まなかった,組まれる,組ませる,組める,組め
繰り返す,くりかえす,to repeat,t,繰り返さない,繰り返します,繰り返す,繰り返せば,繰り返そう,繰り返して,繰り返した,繰り返さなかった,繰り返される,繰り返させる,繰り返せる,繰り返せ
苦しむ,くるしむ,"to suffer, to feel pain",i,苦しまない,苦しみます,苦しむ,苦しめば,苦しもう,苦しんで,苦しんだ,苦しまなかった,苦しまれる,苦しませる,苦しめる,苦しめ
狂う,くるう,"to go mad, to go wrong",i,狂わない,狂います,狂う,狂えば,狂おう,狂って,狂った,狂わなかった,狂われる,狂わせる,狂える,狂え
腐る,くさる,to rot,i,腐らない,腐ります,腐る,腐れば,腐ろう,腐って,腐った,腐らなかった,腐られる,腐らせる,腐れる,腐れ
くすぐる,くすぐる,to tickle,t,くすぐらない,くすぐります,くすぐる,くすぐれば,くすぐろう,くすぐって,くすぐった,くすぐらなかった,くすぐられる,くすぐらせる,くすぐれる,くすぐれ
悔やむ,くやむ,to regret,t,悔やまない,悔やみます,悔やむ,悔やめば,悔やもう,悔やんで,悔やんだ,悔やまなかった,悔やまれる,悔やませる,悔やめる,悔やめ
間違う,まちがう,to make a mistake,"i,t",間違わない,間違います,間違う,間違えば,間違おう,間違って,間違った,間違わなかった,間違われる,間違わせる,間違える,間違え
曲がる,まがる,"to turn, to bend, to curve",i,曲がらない,曲がります,曲がる,曲がれば,曲がろう,曲がって,曲がった,曲がらなかった,曲がられる,曲がらせる,曲がれる,曲がれ
参る,まいる,"to go, to come",i,参らない,参ります,参る,参れば,参ろう,参って,参った,参らなかった,参られる,参らせる,参れる,参れ
負かす,まかす,"to beat, to defeat",t,負かさない,負かします,負かす,負かせば,負かそう,負かして,負かした,負かさなかった,負かされる,負かさせる,負かせる,負かせ
巻く,まく,to roll up,t,巻かない,巻きます,巻く,巻けば,巻こう,巻いて,巻いた,巻かなかった,巻かれる,巻かせる,巻ける,巻け
まく,まく,to sprinkle,i,まかない,まきます,まく,まけば,まこう,まいて,まいた,まかなかった,まかれる,まかせる,まける,まけ
守る,まもる,"to defend, to protect",t,守らない,守ります,守る,守れば,守ろう,守って,守った,守らなかった,守られる,守らせる,守れる,守れ
間に合う,まにあう,"to be in time, to be enough, to suffice",i,間に合わない,間に合います,間に合う,間に合えば,間に合おう,間に合って,間に合った,間に合わなかった,間に合われる,間に合わせる,間に合える,間に合え
待つ,まつ,to wait,t,待たない,待ちます,待つ,待てば,待とう,待って,待った,待たなかった,待たれる,待たせる,待てる,待て
回る,まわる,"to turn, to spin",i,回らない,回ります,回る,回れば,回ろう,回って,回った,回らなかった,回られる,回らせる,回れる,回れ
回す,まわす,"to turn, to spin, to pass around",t,回さない,回します,回す,回せば,回そう,回して,回した,回さなかった,回される,回させる,回せる,回せ
迷う,まよう,to get lost,i,迷わない,迷います,迷う,迷えば,迷おう,迷って,迷った,迷わなかった,迷われる,迷わせる,迷える,迷え
混ざる,まざる,"to blend, to mix",i,混ざらない,混ざります,混ざる,混ざれば,混ざろう,混ざって,混ざった,混ざらなかった,混ざられる,混ざらせる,混ざれる,混ざれ
目立つ,めだつ,to be outstanding,i,目立たない,目立ちます,目立つ,目立てば,目立とう,目立って,目立った,目立たなかった,目立たれる,目立たせる,目立てる,目立て
目指す,めざす,to aim,t,目指さない,目指します,目指す,目指せば,目指そう,目指して,目指した,目指さなかった,目指される,目指させる,目指せる,目指せ
乱す,みだす,"to disturb, to corrupt",t,乱さない,乱します,乱す,乱せば,乱そう,乱して,乱した,乱さなかった,乱される,乱させる,乱せる,乱せ
磨く,みがく,"to polish, to brush",i,磨かない,磨きます,磨く,磨けば,磨こう,磨いて,磨いた,磨かなかった,磨かれる,磨かせる,磨ける,磨け
見張る,みはる,"to keep watch, to stand guard","i,t",見張らない,見張ります,見張る,見張れば,見張ろう,見張って,見張った,見張らなかった,見張られる,見張らせる,見張れる,見張れ
実る,みのる,"to bearfruit, to ripen",i,実らない,実ります,実る,実れば,実ろう,実って,実った,実らなかった,実られる,実らせる,実れる,実れ
見送る,みおくる,to see off,t,見送らない,見送ります,見送る,見送れば,見送ろう,見送って,見送った,見送らなかった,見送られる,見送らせる,見送れる,見送れ
満たす,みたす,"to fill, to satisfy (a need)",t,満たさない,満たします,満たす,満たせば,満たそう,満たして,満たした,満たさなかった,満たされる,満たさせる,満たせる,満たせ
見付かる,みつかる,"to be found, to be discovered",i,見付からない,見付かります,見付かる,見付かれば,見付かろう,見付かって,見付かった,見付からなかった,見付かられる,見付からせる,見付かれる,見付かれ
戻る,もどる,to return,i,戻らない,戻ります,戻る,戻れば,戻ろう,戻って,戻った,戻らなかった,戻られる,戻らせる,戻れる,戻れ
戻す,もどす,"to return, to give back",t,戻さない,戻します,戻す,戻せば,戻そう,戻して,戻した,戻さなかった,戻される,戻させる,戻せる,戻せ
もがく,もがく,to struggle,i,もがかない,もがきます,もがく,もがけば,もがこう,もがいて,もがいた,もがかなかった,もがかれる,もがかせる,もがける,もがけ
潜る,もぐる,to dive,t,潜らない,潜ります,潜る,潜れば,潜ろう,潜って,潜った,潜らなかった,潜られる,潜らせる,潜れる,潜れ
もうかる,もうかる,to make a profit,i,もうからない,もうかります,もうかる,もうかれば,もうかろう,もうかって,もうかった,もうからなかった,もうかられる,もうからせる,もうかれる,もうかれ
もむ,もむ,to massage,t,もまない,もみます,もむ,もめば,ももう,もんで,もんだ,もまなかった,もまれる,もませる,もめる,もめ
漏らす,もらす,to let leak out,t,漏らさない,漏らします,漏らす,漏らせば,漏らそう,漏らして,漏らした,漏らさなかった,漏らされる,漏らさせる,漏らせる,漏らせ
もらう,もらう,"to get, to receive",t,もらわない,もらいます,もらう,もらえば,もらおう,もらって,もらった,もらわなかった,もらわれる,もらわせる,もらえる,もらえ
申し込む,もうしこむ,"to apply, to propose",i,申し込まない,申し込みます,申し込む,申し込めば,申し込もう,申し込んで,申し込んだ,申し込まなかった,申し込まれる,申し込ませる,申し込める,申し込め
持つ,もつ,"to have, to hold, to own",i,持たない,持ちます,持つ,持てば,持とう,持って,持った,持たなかった,持たれる,持たせる,持てる,持て
持って行く,もっていく,to take (a thing),i,持って行かない,持って行きます,持って行く,持って行けば,持って行こう,持って行って,持って行った,持って行かなかった,持って行かれる,持って行かせる,持って行ける,持って行け
燃やす,もやす,to burn,t,燃やさない,燃やします,燃やす,燃やせば,燃やそう,燃やして,燃やした,燃やさなかった,燃やされる,燃やさせる,燃やせる,燃やせ
向く,むく,to face,i,向かない,向きます,向く,向けば,向こう,向いて,向いた,向かなかった,向かれる,向かせる,向ける,向け
むく,むく,to peel,t,むかない,むきます,むく,むけば,むこう,むいて,むいた,むかなかった,むかれる,むかせる,むける,むけ
蒸す,むす,to steam,t,蒸さない,蒸します,蒸す,蒸せば,蒸そう,蒸して,蒸した,蒸さなかった,蒸される,蒸させる,蒸せる,蒸せ
結ぶ,むすぶ,"to tie, to contract",t,結ばない,結びます,結ぶ,結べば,結ぼう,結んで,結んだ,結ばなかった,結ばれる,結ばせる,結べる,結べ
流す,ながす,"to drain, to float",t,流さない,流します,流す,流せば,流そう,流して,流した,流さなかった,流される,流させる,流せる,流せ
泣く,なく,"to cry, to weep",i,泣かない,泣きます,泣く,泣けば,泣こう,泣いて,泣いた,泣かなかった,泣かれる,泣かせる,泣ける,泣け
鳴く,なく,"to cry, to sing",i,鳴かない,鳴きます,鳴く,鳴けば,鳴こう,鳴いて,鳴いた,鳴かなかった,鳴かれる,鳴かせる,鳴ける,鳴け
亡くなる,なくなる,"to die, to pass away",i,亡くならない,亡くなります,亡くなる,亡くなれば,亡くなろう,亡くなって,亡くなった,亡くならなかった,亡くなられる,亡くならせる,亡くなれる,亡くなれ
無くなる,なくなる,"to be missing, to run out",i,無くならない,無くなります,無くなる,無くなれば,無くなろう,無くなって,無くなった,無くならなかった,無くなられる,無くならせる,無くなれる,無くなれ
治る,なおる,"to get well, to recover",i,治らない,治ります,治る,治れば,治ろう,治って,治った,治らなかった,治られる,治らせる,治れる,治れ
直る,なおる,"to be fixed, to get repaired",i,直らない,直ります,直る,直れば,直ろう,直って,直った,直らなかった,直られる,直らせる,直れる,直れ
治す,なおす,to cure,t,治さない,治します,治す,治せば,治そう,治して,治した,治さなかった,治される,治させる,治せる,治せ
直す,なおす,"to correct, to fix, to repair",t,直さない,直します,直す,直せば,直そう,直して,直した,直さなかった,直される,直させる,直せる,直せ
並ぶ,ならぶ,"to line up, to stand in line",i,並ばない,並びます,並ぶ,並べば,並ぼう,並んで,並んだ,並ばなかった,並ばれる,並ばせる,並べる,並べ
慣らす,ならす,"to accustom, to tame",t,慣らさない,慣らします,慣らす,慣らせば,慣らそう,慣らして,慣らした,慣らさなかった,慣らされる,慣らさせる,慣らせる,慣らせ
鳴らす,ならす,"to ring, to sound",t,鳴らさない,鳴らします,鳴らす,鳴らせば,鳴らそう,鳴らして,鳴らした,鳴らさなかった,鳴らされる,鳴らさせる,鳴らせる,鳴らせ
習う,ならう,to learn,t,習わない,習います,習う,習えば,習おう,習って,習った,習わなかった,習われる,習わせる,習える,習え
なる,なる,to become,i,ならない,なります,なる,なれば,なろう,なって,なった,ならなかった,なられる,ならせる,なれる,なれ
鳴る,なる,"to ring, to sound",i,鳴らない,鳴ります,鳴る,鳴れば,鳴ろう,鳴って,鳴った,鳴らなかった,鳴られる,鳴らせる,鳴れる,鳴れ
なさる,なさる,to do,t,なさらない,なさります,なさる,なされば,なさろう,なさって,なさった,なさらなかった,なさられる,なさらせる,なされる,なされ
悩む,なやむ,"to be worried, to suffer",i,悩まない,悩みます,悩む,悩めば,悩もう,悩んで,悩んだ,悩まなかった,悩まれる,悩ませる,悩める,悩め
なぞる,なぞる,to trace,t,なぞらない,なぞります,なぞる,なぞれば,なぞろう,なぞって,なぞった,なぞらなかった,なぞられる,なぞらせる,なぞれる,なぞれ
ねだる,ねだる,to pester,t,ねだらない,ねだります,ねだる,ねだれば,ねだろう,ねだって,ねだった,ねだらなかった,ねだられる,ねだらせる,ねだれる,ねだれ
願う,ねがう,"to desire, to wish, to hope",t,願わない,願います,願う,願えば,願おう,願って,願った,願わなかった,願われる,願わせる,願える,願え
ねじる,ねじる,"to twist, to wrench",t,ねじらない,ねじります,ねじる,ねじれば,ねじろう,ねじって,ねじった,ねじらなかった,ねじられる,ねじらせる,ねじれる,ねじれ
眠る,ねむる,to sleep,i,眠らない,眠ります,眠る,眠れば,眠ろう,眠って,眠った,眠らなかった,眠られる,眠らせる,眠れる,眠れ
狙う,ねらう,to aim,t,狙わない,狙います,狙う,狙えば,狙おう,狙って,狙った,狙わなかった,狙われる,狙わせる,狙える,狙え
似合う,にあう,"to suit, to match well",i,似合わない,似合います,似合う,似合えば,似合おう,似合って,似合った,似合わなかった,似合われる,似合わせる,似合える,似合え
鈍る,にぶる,to become dull,i,鈍らない,鈍ります,鈍る,鈍れば,鈍ろう,鈍って,鈍った,鈍らなかった,鈍られる,鈍らせる,鈍れる,鈍れ
逃す,にがす,"to let loose, to let escape",i,逃さない,逃します,逃す,逃せば,逃そう,逃して,逃した,逃さなかった,逃される,逃させる,逃せる,逃せ
握る,にぎる,"to grasp, to clasp",t,握らない,握ります,握る,握れば,握ろう,握って,握った,握らなかった,握られる,握らせる,握れる,握れ
にぎわう,にぎわう,to prosper,i,にぎわわない,にぎわいます,にぎわう,にぎわえば,にぎわおう,にぎわって,にぎわった,にぎわわなかった,にぎわわれる,にぎわわせる,にぎわえる,にぎわえ
濁る,にごる,to get muddy,i,濁らない,濁ります,濁る,濁れば,濁ろう,濁って,濁った,濁らなかった,濁られる,濁らせる,濁れる,濁れ
憎む,にくむ,to hate,t,憎まない,憎みます,憎む,憎めば,憎もう,憎んで,憎んだ,憎まなかった,憎まれる,憎ませる,憎める,憎め
におう,におう,to smell,i,におわない,においます,におう,におえば,におおう,におって,におった,におわなかった,におわれる,におわせる,におえる,におえ
睨む,にらむ,"to stare, to suspect",t,睨まない,睨みます,睨む,睨めば,睨もう,睨んで,睨んだ,睨まなかった,睨まれる,睨ませる,睨める,睨め
延ばす,のばす,"to postpone, to extend",t,延ばさない,延ばします,延ばす,延ばせば,延ばそう,延ばして,延ばした,延ばさなかった,延ばされる,延ばさせる,延ばせる,延ばせ
伸ばす,のばす,"to stretch, to extend",t,伸ばさない,伸ばします,伸ばす,伸ばせば,伸ばそう,伸ばして,伸ばした,伸ばさなかった,伸ばされる,伸ばさせる,伸ばせる,伸ばせ
上る,のぼる,to go up,i,上らない,上ります,上る,上れば,上ろう,上って,上った,上らなかった,上られる,上らせる,上れる,上れ
登る,のぼる,to climb,i,登らない,登ります,登る,登れば,登ろう,登って,登った,登らなかった,登られる,登らせる,登れる,登れ
昇る,のぼる,to go up,i,昇らない,昇ります,昇る,昇れば,昇ろう,昇って,昇った,昇らなかった,昇られる,昇らせる,昇れる,昇れ
残る,のこる,to remain,i,残らない,残ります,残る,残れば,残ろう,残って,残った,残らなかった,残られる,残らせる,残れる,残れ
残す,のこす,"to save, to leave (a thing) behind",t,残さない,残します,残す,残せば,残そう,残して,残した,残さなかった,残される,残させる,残せる,残せ
飲む,のむ,to drink,t,飲まない,飲みます,飲む,飲めば,飲もう,飲んで,飲んだ,飲まなかった,飲まれる,飲ませる,飲める,飲め
乗る,のる,"to ride, to get on (a vehicle)",i,乗らない,乗ります,乗る,乗れば,乗ろう,乗って,乗った,乗らなかった,乗られる,乗らせる,乗れる,乗れ
載る,のる,"to be printed, to be reported",i,載らない,載ります,載る,載れば,載ろう,載って,載った,載らなかった,載られる,載らせる,載れる,載れ
除く,のぞく,to exclude,t,除かない,除きます,除く,除けば,除こう,除いて,除いた,除かなかった,除かれる,除かせる,除ける,除け
のぞく,のぞく,to peep,t,のぞかない,のぞきます,のぞく,のぞけば,のぞこう,のぞいて,のぞいた,のぞかなかった,のぞかれる,のぞかせる,のぞける,のぞけ
脱ぐ,ぬぐ,"to undress, to take off (clothes)",t,脱がない,脱ぎます,脱ぐ,脱げば,脱ごう,脱いで,脱いだ,脱がなかった,脱がれる,脱がせる,脱げる,脱げ
抜く,ぬく,"to pull out, to extract",i,抜かない,抜きます,抜く,抜けば,抜こう,抜いて,抜いた,抜かなかった,抜かれる,抜かせる,抜ける,抜け
濡らす,ぬらす,"to wet, to soak",t,濡らさない,濡らします,濡らす,濡らせば,濡らそう,濡らして,濡らした,濡らさなかった,濡らされる,濡らさせる,濡らせる,濡らせ
塗る,ぬる,to paint,t,塗らない,塗ります,塗る,塗れば,塗ろう,塗って,塗った,塗らなかった,塗られる,塗らせる,塗れる,塗れ
盗む,ぬすむ,to steal,t,盗まない,盗みます,盗む,盗めば,盗もう,盗んで,盗んだ,盗まなかった,盗まれる,盗ませる,盗める,盗め
縫う,ぬう,to sew,t,縫わない,縫います,縫う,縫えば,縫おう,縫って,縫った,縫わなかった,縫われる,縫わせる,縫える,縫え
落ち着く,おちつく,to calm down,i,落ち着かない,落ち着きます,落ち着く,落ち着けば,落ち着こう,落ち着いて,落ち着いた,落ち着かなかった,落ち着かれる,落ち着かせる,落ち着ける,落ち着け
脅かす,おどかす,to threaten,i,脅かさない,脅かします,脅かす,脅かせば,脅かそう,脅かして,脅かした,脅かさなかった,脅かされる,脅かさせる,脅かせる,脅かせ
驚く,おどろく,"to be surprised, to be shocked",i,驚かない,驚きます,驚く,驚けば,驚こう,驚いて,驚いた,驚かなかった,驚かれる,驚かせる,驚ける,驚け
踊る,おどる,to dance,i,踊らない,踊ります,踊る,踊れば,踊ろう,踊って,踊った,踊らなかった,踊られる,踊らせる,踊れる,踊れ
拝む,おがむ,to worship,t,拝まない,拝みます,拝む,拝めば,拝もう,拝んで,拝んだ,拝まなかった,拝まれる,拝ませる,拝める,拝め
奢る,おごる,to treat (a person) to,t,奢らない,奢ります,奢る,奢れば,奢ろう,奢って,奢った,奢らなかった,奢られる,奢らせる,奢れる,奢れ
追い越す,おいこす,to pass,t,追い越さない,追い越します,追い越す,追い越せば,追い越そう,追い越して,追い越した,追い越さなかった,追い越される,追い越させる,追い越せる,追い越せ
犯す,おかす,to commit (a crime),t,犯さない,犯します,犯す,犯せば,犯そう,犯して,犯した,犯さなかった,犯される,犯させる,犯せる,犯せ
行う,おこなう,"to do, to conduct, to perform",t,行わない,行います,行う,行えば,行おう,行って,行った,行わなかった,行われる,行わせる,行える,行え
怒る,おこる,to get angry,i,怒らない,怒ります,怒る,怒れば,怒ろう,怒って,怒った,怒らなかった,怒られる,怒らせる,怒れる,怒れ
起こる,おこる,to occur,i,起こらない,起こります,起こる,起これば,起ころう,起こって,起こった,起こらなかった,起こられる,起こらせる,起これる,起これ
起こす,おこす,"to wake up, to cause",t,起こさない,起こします,起こす,起こせば,起こそう,起こして,起こした,起こさなかった,起こされる,起こさせる,起こせる,起こせ
置く,おく,to put,t,置かない,置きます,置く,置けば,置こう,置いて,置いた,置かなかった,置かれる,置かせる,置ける,置け
送る,おくる,"to send, to see off",t,送らない,送ります,送る,送れば,送ろう,送って,送った,送らなかった,送られる,送らせる,送れる,送れ
思い出す,おもいだす,"to remember, to recall",t,思い出さない,思い出します,思い出す,思い出せば,思い出そう,思い出して,思い出した,思い出さなかった,思い出される,思い出させる,思い出せる,思い出せ
思う,おもう,to think,t,思わない,思います,思う,思えば,思おう,思って,思った,思わなかった,思われる,思わせる,思える,思え
下ろす,おろす,"to lower, to unload",t,下ろさない,下ろします,下ろす,下ろせば,下ろそう,下ろして,下ろした,下ろさなかった,下ろされる,下ろさせる,下ろせる,下ろせ
折る,おる,"to bend, to break, to fold",t,折らない,折ります,折る,折れば,折ろう,折って,折った,折らなかった,折られる,折らせる,折れる,折れ
治る,おさまる,"to subside, to quiet down",i,治らない,治ります,治る,治れば,治ろう,治って,治った,治らなかった,治られる,治らせる,治れる,治れ
襲う,おそう,"to attack, to invade",t,襲わない,襲います,襲う,襲えば,襲おう,襲って,襲った,襲わなかった,襲われる,襲わせる,襲える,襲え
押す,おす,"to push, to press",t,押さない,押します,押す,押せば,押そう,押して,押した,押さなかった,押される,押させる,押せる,押せ
落とす,おとす,"to drop, to lose",t,落とさない,落とします,落とす,落とせば,落とそう,落として,落とした,落とさなかった,落とされる,落とさせる,落とせる,落とせ
追う,おう,"to run after, to chase",i,追わない,追います,追う,追えば,追おう,追って,追った,追わなかった,追われる,追わせる,追える,追え
覆う,おおう,to cover,t,覆わない,覆います,覆う,覆えば,覆おう,覆って,覆った,覆わなかった,覆われる,覆わせる,覆える,覆え
終わる,おわる,"to end, to finish",i,終わらない,終わります,終わる,終われば,終わろう,終わって,終わった,終わらなかった,終わられる,終わらせる,終われる,終われ
及ぼす,およぼす,"to influence, to affect",i,及ぼさない,及ぼします,及ぼす,及ぼせば,及ぼそう,及ぼして,及ぼした,及ぼさなかった,及ぼされる,及ぼさせる,及ぼせる,及ぼせ
泳ぐ,およぐ,to swim,i,泳がない,泳ぎます,泳ぐ,泳げば,泳ごう,泳いで,泳いだ,泳がなかった,泳がれる,泳がせる,泳げる,泳げ
下がる,さがる,"to fall, to drop, to hang",i,下がらない,下がります,下がる,下がれば,下がろう,下がって,下がった,下がらなかった,下がられる,下がらせる,下がれる,下がれ
探す,さがす,"to look for, to search",t,探さない,探します,探す,探せば,探そう,探して,探した,探さなかった,探される,探させる,探せる,探せ
叫ぶ,さけぶ,to shout,i,叫ばない,叫びます,叫ぶ,叫べば,叫ぼう,叫んで,叫んだ,叫ばなかった,叫ばれる,叫ばせる,叫べる,叫べ
咲く,さく,to bloom,i,咲かない,咲きます,咲く,咲けば,咲こう,咲いて,咲いた,咲かなかった,咲かれる,咲かせる,咲ける,咲け
裂く,さく,"to tear, to split",t,裂かない,裂きます,裂く,裂けば,裂こう,裂いて,裂いた,裂かなかった,裂かれる,裂かせる,裂ける,裂け
冷ます,さます,to cool,t,冷まさない,冷まします,冷ます,冷ませば,冷まそう,冷まして,冷ました,冷まさなかった,冷まされる,冷まさせる,冷ませる,冷ませ
覚ます,さます,"to awake, to wake up",t,覚まさない,覚まします,覚ます,覚ませば,覚まそう,覚まして,覚ました,覚まさなかった,覚まされる,覚まさせる,覚ませる,覚ませ
去る,さる,"to leave, to go away",i,去らない,去ります,去る,去れば,去ろう,去って,去った,去らなかった,去られる,去らせる,去れる,去れ
囁く,ささやく,to whisper,i,囁かない,囁きます,囁く,囁けば,囁こう,囁いて,囁いた,囁かなかった,囁かれる,囁かせる,囁ける,囁け
誘う,さそう,to invite,t,誘わない,誘います,誘う,誘えば,誘おう,誘って,誘った,誘わなかった,誘われる,誘わせる,誘える,誘え
指す,さす,"to point to, to indicate",t,指さない,指します,指す,指せば,指そう,指して,指した,指さなかった,指される,指させる,指せる,指せ
差す,さす,"to shine upon, to hold up (an umbrella)","i,t",差さない,差します,差す,差せば,差そう,差して,差した,差さなかった,差される,差させる,差せる,差せ
刺す,さす,"to stab, to pierce",t,刺さない,刺します,刺す,刺せば,刺そう,刺して,刺した,刺さなかった,刺される,刺させる,刺せる,刺せ
悟る,さとる,"to realize, to understand",t,悟らない,悟ります,悟る,悟れば,悟ろう,悟って,悟った,悟らなかった,悟られる,悟らせる,悟れる,悟れ
騒ぐ,さわぐ,to make noise,i,騒がない,騒ぎます,騒ぐ,騒げば,騒ごう,騒いで,騒いだ,騒がなかった,騒がれる,騒がせる,騒げる,騒げ
触る,さわる,to touch,i,触らない,触ります,触る,触れば,触ろう,触って,触った,触らなかった,触られる,触らせる,触れる,触れ
喋る,しゃべる,"to chat, to talk",t,喋らない,喋ります,喋る,喋れば,喋ろう,喋って,喋った,喋らなかった,喋られる,喋らせる,喋れる,喋れ
縛る,しばる,"to tie, to bind",t,縛らない,縛ります,縛る,縛れば,縛ろう,縛って,縛った,縛らなかった,縛られる,縛らせる,縛れる,縛れ
叱る,しかる,to scold,t,叱らない,叱ります,叱る,叱れば,叱ろう,叱って,叱った,叱らなかった,叱られる,叱らせる,叱れる,叱れ
敷く,しく,"to lay, to pave, to spead (a mat)",t,敷かない,敷きます,敷く,敷けば,敷こう,敷いて,敷いた,敷かなかった,敷かれる,敷かせる,敷ける,敷け
閉まる,しまる,"to be closed, to be shut",i,閉まらない,閉まります,閉まる,閉まれば,閉まろう,閉まって,閉まった,閉まらなかった,閉まられる,閉まらせる,閉まれる,閉まれ
締まる,しまる,to be tightened,i,締まらない,締まります,締まる,締まれば,締まろう,締まって,締まった,締まらなかった,締まられる,締まらせる,締まれる,締まれ
しまう,しまう,to put away,t,しまわない,しまいます,しまう,しまえば,しまおう,しまって,しまった,しまわなかった,しまわれる,しまわせる,しまえる,しまえ
示す,しめす,"to show, to point out",t,示さない,示します,示す,示せば,示そう,示して,示した,示さなかった,示される,示させる,示せる,示せ
死ぬ,しぬ,to die,i,死なない,死にます,死ぬ,死ねば,死のう,死んで,死んだ,死ななかった,死なれる,死なせる,死ねる,死ね
知る,しる,to know,t,知らない,知ります,知る,知れば,知ろう,知って,知った,知らなかった,知られる,知らせる,知れる,知れ
従う,したがう,"to follow, to obey",i,従わない,従います,従う,従えば,従おう,従って,従った,従わなかった,従われる,従わせる,従える,従え
沈む,しずむ,to sink,i,沈まない,沈みます,沈む,沈めば,沈もう,沈んで,沈んだ,沈まなかった,沈まれる,沈ませる,沈める,沈め
育つ,そだつ,to grow,i,育たない,育ちます,育つ,育てば,育とう,育って,育った,育たなかった,育たれる,育たせる,育てる,育て
染まる,そまる,to dye,i,染まらない,染まります,染まる,染まれば,染まろう,染まって,染まった,染まらなかった,染まられる,染まらせる,染まれる,染まれ
背く,そむく,to disobey,i,背かない,背きます,背く,背けば,背こう,背いて,背いた,背かなかった,背かれる,背かせる,背ける,背け
剃る,そる,to shave,t,剃らない,剃ります,剃る,剃れば,剃ろう,剃って,剃った,剃らなかった,剃られる,剃らせる,剃れる,剃れ
反る,そる,to wrap,i,反らない,反ります,反る,反れば,反ろう,反って,反った,反らなかった,反られる,反らせる,反れる,反れ
滑る,すべる,"to slide, to slip, to skate",i,滑らない,滑ります,滑る,滑れば,滑ろう,滑って,滑った,滑らなかった,滑られる,滑らせる,滑れる,滑れ
過ごす,すごす,to spend (one's time),t,過ごさない,過ごします,過ごす,過ごせば,過ごそう,過ごして,過ごした,過ごさなかった,過ごされる,過ごさせる,過ごせる,過ごせ
好く,すく,to like,t,好かない,好きます,好く,好けば,好こう,好いて,好いた,好かなかった,好かれる,好かせる,好ける,好け
空く,すく,to become empty,i,空かない,空きます,空く,空けば,空こう,空いて,空いた,空かなかった,空かれる,空かせる,空ける,空け
救う,すくう,to rescue,t,救わない,救います,救う,救えば,救おう,救って,救った,救わなかった,救われる,救わせる,救える,救え
住む,すむ,"to live, to reside",i,住まない,住みます,住む,住めば,住もう,住んで,住んだ,住まなかった,住まれる,住ませる,住める,住め
済む,すむ,to end,i,済まない,済みます,済む,済めば,済もう,済んで,済んだ,済まなかった,済まれる,済ませる,済める,済め
進む,すすむ,to advance,i,進まない,進みます,進む,進めば,進もう,進んで,進んだ,進まなかった,進まれる,進ませる,進める,進め
吸う,すう,"to inhale, to suck, to smoke",t,吸わない,吸います,吸う,吸えば,吸おう,吸って,吸った,吸わなかった,吸われる,吸わせる,吸える,吸え
座る,すわる,to sit,i,座らない,座ります,座る,座れば,座ろう,座って,座った,座らなかった,座られる,座らせる,座れる,座れ
正す,ただす,to correct,t,正さない,正します,正す,正せば,正そう,正して,正した,正さなかった,正される,正させる,正せる,正せ
炊く,たく,to boil,t,炊かない,炊きます,炊く,炊けば,炊こう,炊いて,炊いた,炊かなかった,炊かれる,炊かせる,炊ける,炊け
企む,たくらむ,"to plot, to scheme",t,企まない,企みます,企む,企めば,企もう,企んで,企んだ,企まなかった,企まれる,企ませる,企める,企め
託す,たくす,to entrust,i,託さない,託します,託す,託せば,託そう,託して,託した,託さなかった,託される,託させる,託せる,託せ
貯まる,たまる,to accumulate,i,貯まらない,貯まります,貯まる,貯まれば,貯まろう,貯まって,貯まった,貯まらなかった,貯まられる,貯まらせる,貯まれる,貯まれ
試す,ためす,"to try, to test",t,試さない,試します,試す,試せば,試そう,試して,試した,試さなかった,試される,試させる,試せる,試せ
保つ,たもつ,"to keep, to maintain",t,保たない,保ちます,保つ,保てば,保とう,保って,保った,保たなかった,保たれる,保たせる,保てる,保て
頼む,たのむ,"to ask, to request",t,頼まない,頼みます,頼む,頼めば,頼もう,頼んで,頼んだ,頼まなかった,頼まれる,頼ませる,頼める,頼め
楽しむ,たのしむ,to enjoy,t,楽しまない,楽しみます,楽しむ,楽しめば,楽しもう,楽しんで,楽しんだ,楽しまなかった,楽しまれる,楽しませる,楽しめる,楽しめ
倒す,たおす,"to knock down, to defeat",t,倒さない,倒します,倒す,倒せば,倒そう,倒して,倒した,倒さなかった,倒される,倒させる,倒せる,倒せ
垂らす,たらす,"to hang down, to drip",t,垂らさない,垂らします,垂らす,垂らせば,垂らそう,垂らして,垂らした,垂らさなかった,垂らされる,垂らさせる,垂らせる,垂らせ
弛む,たるむ,to loosen,i,弛まない,弛みます,弛む,弛めば,弛もう,弛んで,弛んだ,弛まなかった,弛まれる,弛ませる,弛める,弛め
助かる,たすかる,"to be saved, to be rescured",i,助からない,助かります,助かる,助かれば,助かろう,助かって,助かった,助からなかった,助かられる,助からせる,助かれる,助かれ
戦う,たたかう,"to fight, to struggle",i,戦わない,戦います,戦う,戦えば,戦おう,戦って,戦った,戦わなかった,戦われる,戦わせる,戦える,戦え
叩く,たたく,"to hit, to strike, to slap",t,叩かない,叩きます,叩く,叩けば,叩こう,叩いて,叩いた,叩かなかった,叩かれる,叩かせる,叩ける,叩け
立つ,たつ,"to stand, to rise",i,立たない,立ちます,立つ,立てば,立とう,立って,立った,立たなかった,立たれる,立たせる,立てる,立て
建つ,たつ,to be built,i,建たない,建ちます,建つ,建てば,建とう,建って,建った,建たなかった,建たれる,建たせる,建てる,建て
経つ,たつ,"to pass, to elapse",i,経たない,経ちます,経つ,経てば,経とう,経って,経った,経たなかった,経たれる,経たせる,経てる,経て
頼る,たよる,"to depend on, to rely on",i,頼らない,頼ります,頼る,頼れば,頼ろう,頼って,頼った,頼らなかった,頼られる,頼らせる,頼れる,頼れ
照らす,てらす,"to light up, to illuminate",t,照らさない,照らします,照らす,照らせば,照らそう,照らして,照らした,照らさなかった,照らされる,照らさせる,照らせる,照らせ
照る,てる,to shine,i,照らない,照ります,照る,照れば,照ろう,照って,照った,照らなかった,照られる,照らせる,照れる,照れ
手伝う,てつだう,"to help, to assist",i,手伝わない,手伝います,手伝う,手伝えば,手伝おう,手伝って,手伝った,手伝わなかった,手伝われる,手伝わせる,手伝える,手伝え
飛ばす,とばす,to let fly,t,飛ばさない,飛ばします,飛ばす,飛ばせば,飛ばそう,飛ばして,飛ばした,飛ばさなかった,飛ばされる,飛ばさせる,飛ばせる,飛ばせ
飛ぶ,とぶ,to fly,i,飛ばない,飛びます,飛ぶ,飛べば,飛ぼう,飛んで,飛んだ,飛ばなかった,飛ばれる,飛ばせる,飛べる,飛べ
跳ぶ,とぶ,to jump,i,跳ばない,跳びます,跳ぶ,跳べば,跳ぼう,跳んで,跳んだ,跳ばなかった,跳ばれる,跳ばせる,跳べる,跳べ
届く,とどく,"to be delivered, to arrive, to reach",i,届かない,届きます,届く,届けば,届こう,届いて,届いた,届かなかった,届かれる,届かせる,届ける,届け
尖る,とがる,to become sharp,i,尖らない,尖ります,尖る,尖れば,尖ろう,尖って,尖った,尖らなかった,尖られる,尖らせる,尖れる,尖れ
研ぐ,とぐ,"to sharpen, to whet",i,研がない,研ぎます,研ぐ,研げば,研ごう,研いで,研いだ,研がなかった,研がれる,研がせる,研げる,研げ
溶かす,とかす,"to melt, to dissolve",t,溶かさない,溶かします,溶かす,溶かせば,溶かそう,溶かして,溶かした,溶かさなかった,溶かされる,溶かさせる,溶かせる,溶かせ
解く,とく,"to untie, to solve",t,解かない,解きます,解く,解けば,解こう,解いて,解いた,解かなかった,解かれる,解かせる,解ける,解け
溶く,とく,"to melt, to dissolve",t,溶かない,溶きます,溶く,溶けば,溶こう,溶いて,溶いた,溶かなかった,溶かれる,溶かせる,溶ける,溶け
止まる,とまる,"to stop, to be parked",i,止まらない,止まります,止まる,止まれば,止まろう,止まって,止まった,止まらなかった,止まられる,止まらせる,止まれる,止まれ
泊まる,とまる,"to lodge, to stay the night",i,泊まらない,泊まります,泊まる,泊まれば,泊まろう,泊まって,泊まった,泊まらなかった,泊まられる,泊まらせる,泊まれる,泊まれ
取る,とる,"to get, to take, to catch",t,取らない,取ります,取る,取れば,取ろう,取って,取った,取らなかった,取られる,取らせる,取れる,取れ
通る,とおる,to pass,i,通らない,通ります,通る,通れば,通ろう,通って,通った,通らなかった,通られる,通らせる,通れる,通れ
通す,とおす,to let (a person) pass,t,通さない,通します,通す,通せば,通そう,通して,通した,通さなかった,通される,通させる,通せる,通せ
潰す,つぶす,"to smash, to scrap",t,潰さない,潰します,潰す,潰せば,潰そう,潰して,潰した,潰さなかった,潰される,潰させる,潰せる,潰せ
償う,つぐなう,to compensate,t,償わない,償います,償う,償えば,償おう,償って,償った,償わなかった,償われる,償わせる,償える,償え
掴む,つかむ,"to grasp, to hold, to grip",t,掴まない,掴みます,掴む,掴めば,掴もう,掴んで,掴んだ,掴まなかった,掴まれる,掴ませる,掴める,掴め
使う,つかう,"to use, to spend",t,使わない,使います,使う,使えば,使おう,使って,使った,使わなかった,使われる,使わせる,使える,使え
付き合う,つきあう,to associate,i,付き合わない,付き合います,付き合う,付き合えば,付き合おう,付き合って,付き合った,付き合わなかった,付き合われる,付き合わせる,付き合える,付き合え
付く,つく,"to stick, to be installed",i,付かない,付きます,付く,付けば,付こう,付いて,付いた,付かなかった,付かれる,付かせる,付ける,付け
着く,つく,to arrive,i,着かない,着きます,着く,着けば,着こう,着いて,着いた,着かなかった,着かれる,着かせる,着ける,着け
つく,つく,to be lighted,i,つかない,つきます,つく,つけば,つこう,ついて,ついた,つかなかった,つかれる,つかせる,つける,つけ
繕う,つくろう,"to patch, to repair",t,繕わない,繕います,繕う,繕えば,繕おう,繕って,繕った,繕わなかった,繕われる,繕わせる,繕える,繕え
作る,つくる,"to make, to produce",t,作らない,作ります,作る,作れば,作ろう,作って,作った,作らなかった,作られる,作らせる,作れる,作れ
つまる,つまる,to pick,t,つまらない,つまります,つまる,つまれば,つまろう,つまって,つまった,つまらなかった,つまられる,つまらせる,つまれる,つまれ
詰まる,つまる,to be blocked,i,詰まらない,詰まります,詰まる,詰まれば,詰まろう,詰まって,詰まった,詰まらなかった,詰まられる,詰まらせる,詰まれる,詰まれ
積もる,つもる,to be piled up,i,積もらない,積もります,積もる,積もれば,積もろう,積もって,積もった,積もらなかった,積もられる,積もらせる,積もれる,積もれ
積む,つむ,to pile up,t,積まない,積みます,積む,積めば,積もう,積んで,積んだ,積まなかった,積まれる,積ませる,積める,積め
摘む,つむ,"to pick, to trim",t,摘まない,摘みます,摘む,摘めば,摘もう,摘んで,摘んだ,摘まなかった,摘まれる,摘ませる,摘める,摘め
繋がる,つながる,to be connected,i,繋がらない,繋がります,繋がる,繋がれば,繋がろう,繋がって,繋がった,繋がらなかった,繋がられる,繋がらせる,繋がれる,繋がれ
繋ぐ,つなぐ,"to connect, to link",t,繋がない,繋ぎます,繋ぐ,繋げば,繋ごう,繋いで,繋いだ,繋がなかった,繋がれる,繋がせる,繋げる,繋げ
連れて行く,つれていく,to take (a person),t,連れて行かない,連れて行きます,連れて行く,連れて行けば,連れて行こう,連れて行って,連れて行った,連れて行かなかった,連れて行かれる,連れて行かせる,連れて行ける,連れて行け
吊る,つる,to fish,t,吊らない,吊ります,吊る,吊れば,吊ろう,吊って,吊った,吊らなかった,吊られる,吊らせる,吊れる,吊れ
伝わる,つたわる,to transmitted,i,伝わらない,伝わります,伝わる,伝われば,伝わろう,伝わって,伝わった,伝わらなかった,伝わられる,伝わらせる,伝われる,伝われ
包む,つつむ,"to wrap, to envelop",t,包まない,包みます,包む,包めば,包もう,包んで,包んだ,包まなかった,包まれる,包ませる,包める,包め
続く,つづく,"to continue, to last",i,続かない,続きます,続く,続けば,続こう,続いて,続いた,続かなかった,続かれる,続かせる,続ける,続け
奪う,うばう,"to snatch, to rob",t,奪わない,奪います,奪う,奪えば,奪おう,奪って,奪った,奪わなかった,奪われる,奪わせる,奪える,奪え
動かす,うごかす,"to move, to run (a machine)",t,動かさない,動かします,動かす,動かせば,動かそう,動かして,動かした,動かさなかった,動かされる,動かさせる,動かせる,動かせ
動く,うごく,"to move, to run",i,動かない,動きます,動く,動けば,動こう,動いて,動いた,動かなかった,動かれる,動かせる,動ける,動け
浮かぶ,うかぶ,to float,i,浮かばない,浮かびます,浮かぶ,浮かべば,浮かぼう,浮かんで,浮かんだ,浮かばなかった,浮かばれる,浮かばせる,浮かべる,浮かべ
受け持つ,うけもつ,to take charge,t,受け持たない,受け持ちます,受け持つ,受け持てば,受け持とう,受け持って,受け持った,受け持たなかった,受け持たれる,受け持たせる,受け持てる,受け持て
受け取る,うけとる,"to get, to receive",t,受け取らない,受け取ります,受け取る,受け取れば,受け取ろう,受け取って,受け取った,受け取らなかった,受け取られる,受け取らせる,受け取れる,受け取れ
生む,うむ,to give birth,t,生まない,生みます,生む,生めば,生もう,生んで,生んだ,生まなかった,生まれる,生ませる,生める,生め
裏返す,うらがえす,"to overturn, to reverse",t,裏返さない,裏返します,裏返す,裏返せば,裏返そう,裏返して,裏返した,裏返さなかった,裏返される,裏返させる,裏返せる,裏返せ
恨む,うらむ,"to resent, to hold a grudge",t,恨まない,恨みます,恨む,恨めば,恨もう,恨んで,恨んだ,恨まなかった,恨まれる,恨ませる,恨める,恨め
占う,うらなう,"to tell fortunes, to divine",t,占わない,占います,占う,占えば,占おう,占って,占った,占わなかった,占われる,占わせる,占える,占え
羨む,うらやむ,to envy,t,羨まない,羨みます,羨む,羨めば,羨もう,羨んで,羨んだ,羨まなかった,羨まれる,羨ませる,羨める,羨め
売る,うる,to sell,t,売らない,売ります,売る,売れば,売ろう,売って,売った,売らなかった,売られる,売らせる,売れる,売れ
疑う,うたがう,"to doubt, to suspect",t,疑わない,疑います,疑う,疑えば,疑おう,疑って,疑った,疑わなかった,疑われる,疑わせる,疑える,疑え
歌う,うたう,to sing,t,歌わない,歌います,歌う,歌えば,歌おう,歌って,歌った,歌わなかった,歌われる,歌わせる,歌える,歌え
打つ,うつ,"to beat, to hit, to strike",t,打たない,打ちます,打つ,打てば,打とう,打って,打った,打たなかった,打たれる,打たせる,打てる,打て
移る,うつる,"to move, to transfer",i,移らない,移ります,移る,移れば,移ろう,移って,移った,移らなかった,移られる,移らせる,移れる,移れ
映る,うつる,to be reflected,i,映らない,映ります,映る,映れば,映ろう,映って,映った,映らなかった,映られる,映らせる,映れる,映れ
写る,うつる,"to be copied, to be photographed",i,写らない,写ります,写る,写れば,写ろう,写って,写った,写らなかった,写られる,写らせる,写れる,写れ
移す,うつす,"to move, to transfer",t,移さない,移します,移す,移せば,移そう,移して,移した,移さなかった,移される,移させる,移せる,移せ
映す,うつす,to be reflected,t,映さない,映します,映す,映せば,映そう,映して,映した,映さなかった,映される,映させる,映せる,映せ
写す,うつす,"to be copied, to be in a picture",i,写さない,写します,写す,写せば,写そう,写して,写した,写さなかった,写される,写させる,写せる,写せ
分かる,わかる,"to understand, to know",i,分からない,分かります,分かる,分かれば,分かろう,分かって,分かった,分からなかった,分かられる,分からせる,分かれる,分かれ
笑う,わらう,"to laugh, to smile",i,笑わない,笑います,笑う,笑えば,笑おう,笑って,笑った,笑わなかった,笑われる,笑わせる,笑える,笑え
割る,わる,"to break, to split, to divide",t,割らない,割ります,割る,割れば,割ろう,割って,割った,割らなかった,割られる,割らせる,割れる,割れ
渡る,わたる,to across,i,渡らない,渡ります,渡る,渡れば,渡ろう,渡って,渡った,渡らなかった,渡られる,渡らせる,渡れる,渡れ
渡す,わたす,to hand over,t,渡さない,渡します,渡す,渡せば,渡そう,渡して,渡した,渡さなかった,渡される,渡させる,渡せる,渡せ
破る,やぶる,"to tear, to break",t,破らない,破ります,破る,破れば,破ろう,破って,破った,破らなかった,破られる,破らせる,破れる,破れ
焼く,やく,"to burn, to bake, to roast",i,焼かない,焼きます,焼く,焼けば,焼こう,焼いて,焼いた,焼かなかった,焼かれる,焼かせる,焼ける,焼け
訳す,やくす,to translate,t,訳さない,訳します,訳す,訳せば,訳そう,訳して,訳した,訳さなかった,訳される,訳させる,訳せる,訳せ
やむ,やむ,"to stop, to cease",i,やまない,やみます,やむ,やめば,やもう,やんで,やんだ,やまなかった,やまれる,やませる,やめる,やめ
やる,やる,"to do, to give",i,やらない,やります,やる,やれば,やろう,やって,やった,やらなかった,やられる,やらせる,やれる,やれ
休む,やすむ,"to rest, to be absent",i,休まない,休みます,休む,休めば,休もう,休んで,休んだ,休まなかった,休まれる,休ませる,休める,休め
雇う,やとう,"to employ, to hire",t,雇わない,雇います,雇う,雇えば,雇おう,雇って,雇った,雇わなかった,雇われる,雇わせる,雇える,雇え
呼ぶ,よぶ,"to call, to invite",t,呼ばない,呼びます,呼ぶ,呼べば,呼ぼう,呼んで,呼んだ,呼ばなかった,呼ばれる,呼ばせる,呼べる,呼べ
汚す,よごす,"to stain, to dirty",t,汚さない,汚します,汚す,汚せば,汚そう,汚して,汚した,汚さなかった,汚される,汚させる,汚せる,汚せ
読む,よむ,to read,t,読まない,読みます,読む,読めば,読もう,読んで,読んだ,読まなかった,読まれる,読ませる,読める,読め
喜ぶ,よろこぶ,"to be glad, to be delighted",i,喜ばない,喜びます,喜ぶ,喜べば,喜ぼう,喜んで,喜んだ,喜ばなかった,喜ばれる,喜ばせる,喜べる,喜べ
寄る,よる,"to visit, to drop in",i,寄らない,寄ります,寄る,寄れば,寄ろう,寄って,寄った,寄らなかった,寄られる,寄らせる,寄れる,寄れ
酔う,よう,to get drunk,i,酔わない,酔います,酔う,酔えば,酔おう,酔って,酔った,酔わなかった,酔われる,酔わせる,酔える,酔え
歪む,ゆがむ,"to distorted, to wrap",i,歪まない,歪みます,歪む,歪めば,歪もう,歪んで,歪んだ,歪まなかった,歪まれる,歪ませる,歪める,歪め
緩む,ゆるむ,"to slacken, to lossen",i,緩まない,緩みます,緩む,緩めば,緩もう,緩んで,緩んだ,緩まなかった,緩まれる,緩ませる,緩める,緩め
許す,ゆるす,"to forgive, to permit",t,許さない,許します,許す,許せば,許そう,許して,許した,許さなかった,許される,許させる,許せる,許せ
揺する,ゆする,"to shake, to swing",t,揺すらない,揺すります,揺する,揺すれば,揺すろう,揺すって,揺すった,揺すらなかった,揺すられる,揺すらせる,揺すれる,揺すれ
譲る,ゆずる,"to conside, to hand over",t,譲らない,譲ります,譲る,譲れば,譲ろう,譲って,譲った,譲らなかった,譲られる,譲らせる,譲れる,譲れ