一段动词,平假名,释义,自他性,否定,丁寧,辞書,条件,意向,て,過去,過去否定,被动,使役,可能,命令
暴れる,あばれる,"to rage, to storm",-,暴れない,暴れます,暴れる,暴れれば,暴れよう,暴れて,暴れた,暴れなかった,暴れなれる,暴れさせる,暴れられる,暴れろ
浴びる,あびる,"to bathe, to take (a shower)",-,浴びない,浴びます,浴びる,浴びれば,浴びよう,浴びて,浴びた,浴びなかった,浴びなれる,浴びさせる,浴びられる,浴びろ
浴びせる,あびせる,to pour on,-,浴びせない,浴びせます,浴びせる,浴びせれば,浴びせよう,浴びせて,浴びせた,浴びせなかった,浴びせなれる,浴びせさせる,浴びせられる,浴びせろ
あふれる,あふれる,to overflow,-,あふれない,あふれます,あふれる,あふれれば,あふれよう,あふれて,あふれた,あふれなかった,あふれなれる,あふれさせる,あふれられる,あふれろ
上げる,あげる,"to raise, to lift",-,上げない,上げます,上げる,上げれば,上げよう,上げて,上げた,上げなかった,上げなれる,上げさせる,上げられる,上げろ
開ける,あける,to open,-,開けない,開けます,開ける,開ければ,開けよう,開けて,開けた,開けなかった,開けなれる,開けさせる,開けられる,開けろ
空ける,あける,to empty,-,空けない,空けます,空ける,空ければ,空けよう,空けて,空けた,空けなかった,空けなれる,空けさせる,空けられる,空けろ
明ける,あける,"to dawn, to day breaks",-,明けない,明けます,明ける,明ければ,明けよう,明けて,明けた,明けなかった,明けなれる,明けさせる,明けられる,明けろ
諦める,あきらめる,to give up,-,諦めない,諦めます,諦める,諦めれば,諦めよう,諦めて,諦めた,諦めなかった,諦めなれる,諦めさせる,諦められる,諦めろ
飽きる,あきる,to get tired of,-,飽きない,飽きます,飽きる,飽きれば,飽きよう,飽きて,飽きた,飽きなかった,飽きなれる,飽きさせる,飽きられる,飽きろ
現れる,あらわれる,to appear,-,現れない,現れます,現れる,現れれば,現れよう,現れて,現れた,現れなかった,現れなれる,現れさせる,現れられる,現れろ
暖める,あたためる,"to heat, to warm",-,暖めない,暖めます,暖める,暖めれば,暖めよう,暖めて,暖めた,暖めなかった,暖めなれる,暖めさせる,暖められる,暖めろ
当てる,あてる,"to hit, to strike",-,当てない,当てます,当てる,当てれば,当てよう,当てて,当てた,当てなかった,当てなれる,当てさせる,当てられる,当てろ
集める,あつめる,"to assemble, to collect",-,集めない,集めます,集める,集めれば,集めよう,集めて,集めた,集めなかった,集めなれる,集めさせる,集められる,集めろ
合わせる,あわせる,to combine,-,合わせない,合わせます,合わせる,合わせれば,合わせよう,合わせて,合わせた,合わせなかった,合わせなれる,合わせさせる,合わせられる,合わせろ
慌てる,あわてる,"to panic, to be in rush",-,慌てない,慌てます,慌てる,慌てれば,慌てよう,慌てて,慌てた,慌てなかった,慌てなれる,慌てさせる,慌てられる,慌てろ
預ける,あずける,to deposit,-,預けない,預けます,預ける,預ければ,預けよう,預けて,預けた,預けなかった,預けなれる,預けさせる,預けられる,預けろ
ぶつける,ぶつける,"to hit, to throw",-,ぶつけない,ぶつけます,ぶつける,ぶつければ,ぶつけよう,ぶつけて,ぶつけた,ぶつけなかった,ぶつけなれる,ぶつけさせる,ぶつけられる,ぶつけろ
縮める,ちじめる,"to shorten, to shrink",-,縮めない,縮めます,縮める,縮めれば,縮めよう,縮めて,縮めた,縮めなかった,縮めなれる,縮めさせる,縮められる,縮めろ
出かける,でかける,"to go out, to depart",-,出かけない,出かけます,出かける,出かければ,出かけよう,出かけて,出かけた,出かけなかった,出かけなれる,出かけさせる,出かけられる,出かけろ
出来る,できる,"to can, to be compleyed",-,出来ない,出来ます,出来る,出来れば,出来よう,出来て,出来た,出来なかった,出来なれる,出来させる,出来られる,出来ろ
出る,でる,"to leave, to come out",-,出ない,出ます,出る,出れば,出よう,出て,出た,出なかった,出なれる,出させる,出られる,出ろ
得る,える,"to get, to obtain",-,得ない,得ます,得る,得れば,得よう,得て,得た,得なかった,得なれる,得させる,得られる,得ろ
増える,ふえる,to increase,-,増えない,増えます,増える,増えれば,増えよう,増えて,増えた,増えなかった,増えなれる,増えさせる,増えられる,増えろ
含める,ふくめる,"to include, to contain",-,含めない,含めます,含める,含めれば,含めよう,含めて,含めた,含めなかった,含めなれる,含めさせる,含められる,含めろ
触れる,ふれる,to touch,-,触れない,触れます,触れる,触れれば,触れよう,触れて,触れた,触れなかった,触れなれる,触れさせる,触れられる,触れろ
ふざける,ふざける,"to joke, to play pranks",-,ふざけない,ふざけます,ふざける,ふざければ,ふざけよう,ふざけて,ふざけた,ふざけなかった,ふざけなれる,ふざけさせる,ふざけられる,ふざけろ
生える,はえる,"to grow, to sprout",-,生えない,生えます,生える,生えれば,生えよう,生えて,生えた,生えなかった,生えなれる,生えさせる,生えられる,生えろ
映える,はえる,"to shine, to glow",-,映えない,映えます,映える,映えれば,映えよう,映えて,映えた,映えなかった,映えなれる,映えさせる,映えられる,映えろ
始める,はじめる,"to start, to begin",-,始めない,始めます,始める,始めれば,始めよう,始めて,始めた,始めなかった,始めなれる,始めさせる,始められる,始めろ
はめる,はめる,to wear (a ring),-,はめない,はめます,はめる,はめれば,はめよう,はめて,はめた,はめなかった,はめなれる,はめさせる,はめられる,はめろ
離れる,はなれる,to be sparated,-,離れない,離れます,離れる,離れれば,離れよう,離れて,離れた,離れなかった,離れなれる,離れさせる,離れられる,離れろ
跳ねる,はねる,to jump,-,跳ねない,跳ねます,跳ねる,跳ねれば,跳ねよう,跳ねて,跳ねた,跳ねなかった,跳ねなれる,跳ねさせる,跳ねられる,跳ねろ
晴れる,はれる,to clear up,-,晴れない,晴れます,晴れる,晴れれば,晴れよう,晴れて,晴れた,晴れなかった,晴れなれる,晴れさせる,晴れられる,晴れろ
腫れる,はれる,to swell,-,腫れない,腫れます,腫れる,腫れれば,腫れよう,腫れて,腫れた,腫れなかった,腫れなれる,腫れさせる,腫れられる,腫れろ
外れる,はずれる,to miss,-,外れない,外れます,外れる,外れれば,外れよう,外れて,外れた,外れなかった,外れなれる,外れさせる,外れられる,外れろ
冷える,ひえる,"to get cold, to cool down",-,冷えない,冷えます,冷える,冷えれば,冷えよう,冷えて,冷えた,冷えなかった,冷えなれる,冷えさせる,冷えられる,冷えろ
引き受ける,ひきうける,"to undertake, to take charge",-,引き受けない,引き受けます,引き受ける,引き受ければ,引き受けよう,引き受けて,引き受けた,引き受けなかった,引き受けなれる,引き受けさせる,引き受けられる,引き受けろ
広げる,ひろげる,"to spread, to extend",-,広げない,広げます,広げる,広げれば,広げよう,広げて,広げた,広げなかった,広げなれる,広げさせる,広げられる,広げろ
吠える,ほえる,"to bark, to howl",-,吠えない,吠えます,吠える,吠えれば,吠えよう,吠えて,吠えた,吠えなかった,吠えなれる,吠えさせる,吠えられる,吠えろ
褒める,ほめる,to praise,-,褒めない,褒めます,褒める,褒めれば,褒めよう,褒めて,褒めた,褒めなかった,褒めなれる,褒めさせる,褒められる,褒めろ
虐める,いじめる,"to tease, to bully",-,虐めない,虐めます,虐める,虐めれば,虐めよう,虐めて,虐めた,虐めなかった,虐めなれる,虐めさせる,虐められる,虐めろ
生ける,いける,to arrange (flowers),-,生けない,生けます,生ける,生ければ,生けよう,生けて,生けた,生けなかった,生けなれる,生けさせる,生けられる,生けろ
生きる,いきる,to live,-,生きない,生きます,生きる,生きれば,生きよう,生きて,生きた,生きなかった,生きなれる,生きさせる,生きられる,生きろ
入れる,いれる,"to put in, to include",-,入れない,入れます,入れる,入れれば,入れよう,入れて,入れた,入れなかった,入れなれる,入れさせる,入れられる,入れろ
いる,いる,"to be, to stay",-,いない,います,いる,いれば,いよう,いて,いた,いなかった,いなれる,いさせる,いられる,いろ
変える,かえる,to change,-,変えない,変えます,変える,変えれば,変えよう,変えて,変えた,変えなかった,変えなれる,変えさせる,変えられる,変えろ
代える,かえる,"to substitute, to replace",-,代えない,代えます,代える,代えれば,代えよう,代えて,代えた,代えなかった,代えなれる,代えさせる,代えられる,代えろ
抱える,かかえる,to hold,-,抱えない,抱えます,抱える,抱えれば,抱えよう,抱えて,抱えた,抱えなかった,抱えなれる,抱えさせる,抱えられる,抱えろ
隠れる,かくれる,to hide,-,隠れない,隠れます,隠れる,隠れれば,隠れよう,隠れて,隠れた,隠れなかった,隠れなれる,隠れさせる,隠れられる,隠れろ
考える,かんがえる,"to think, to consider",-,考えない,考えます,考える,考えれば,考えよう,考えて,考えた,考えなかった,考えなれる,考えさせる,考えられる,考えろ
感じる,かんじる,to feel,-,感じない,感じます,感じる,感じれば,感じよう,感じて,感じた,感じなかった,感じなれる,感じさせる,感じられる,感じろ
枯れる,かれる,to wither,-,枯れない,枯れます,枯れる,枯れれば,枯れよう,枯れて,枯れた,枯れなかった,枯れなれる,枯れさせる,枯れられる,枯れろ
借りる,かりる,"to borrow, to rent",-,借りない,借ります,借りる,借りれば,借りよう,借りて,借りた,借りなかった,借りなれる,借りさせる,借りられる,借りろ
重ねる,かさねる,to pile up,-,重ねない,重ねます,重ねる,重ねれば,重ねよう,重ねて,重ねた,重ねなかった,重ねなれる,重ねさせる,重ねられる,重ねろ
片付ける,かたずける,"to put in order, to tidy up",-,片付けない,片付けます,片付ける,片付ければ,片付けよう,片付けて,片付けた,片付けなかった,片付けなれる,片付けさせる,片付けられる,片付けろ
数える,かぞえる,to count,-,数えない,数えます,数える,数えれば,数えよう,数えて,数えた,数えなかった,数えなれる,数えさせる,数えられる,数えろ
消える,きえる,"to go out, to disappear",-,消えない,消えます,消える,消えれば,消えよう,消えて,消えた,消えなかった,消えなれる,消えさせる,消えられる,消えろ
聞こえる,きこえる,"to can hear, to audible",-,聞こえない,聞こえます,聞こえる,聞こえれば,聞こえよう,聞こえて,聞こえた,聞こえなかった,聞こえなれる,聞こえさせる,聞こえられる,聞こえろ
決める,きめる,"to decide, to choice",-,決めない,決めます,決める,決めれば,決めよう,決めて,決めた,決めなかった,決めなれる,決めさせる,決められる,決めろ
切れる,きれる,"to cut off, to expire, to  be sharp",-,切れない,切れます,切れる,切れれば,切れよう,切れて,切れた,切れなかった,切れなれる,切れさせる,切れられる,切れろ
着る,きる,"to wear, to put on",-,着ない,着ます,着る,着れば,着よう,着て,着た,着なかった,着なれる,着させる,着られる,着ろ
越える,こえる,"to cross, to pass",-,越えない,越えます,越える,越えれば,越えよう,越えて,越えた,越えなかった,越えなれる,越えさせる,越えられる,越えろ
肥える,こえる,"to be fertile, to get fat",-,肥えない,肥えます,肥える,肥えれば,肥えよう,肥えて,肥えた,肥えなかった,肥えなれる,肥えさせる,肥えられる,肥えろ
焦げる,こげる,to burn,-,焦げない,焦げます,焦げる,焦げれば,焦げよう,焦げて,焦げた,焦げなかった,焦げなれる,焦げさせる,焦げられる,焦げろ
答える,こたえる,to answer,-,答えない,答えます,答える,答えれば,答えよう,答えて,答えた,答えなかった,答えなれる,答えさせる,答えられる,答えろ
壊れる,こわれる,to break,-,壊れない,壊れます,壊れる,壊れれば,壊れよう,壊れて,壊れた,壊れなかった,壊れなれる,壊れさせる,壊れられる,壊れろ
砕ける,くだける,"to be smashed, to be crushed",-,砕けない,砕けます,砕ける,砕ければ,砕けよう,砕けて,砕けた,砕けなかった,砕けなれる,砕けさせる,砕けられる,砕けろ
組み合わせる,くみあわせる,to combine,-,組み合わせない,組み合わせます,組み合わせる,組み合わせれば,組み合わせよう,組み合わせて,組み合わせた,組み合わせなかった,組み合わせなれる,組み合わせさせる,組み合わせられる,組み合わせろ
組み立てる,くみたてる,to assemble,-,組み立てない,組み立てます,組み立てる,組み立てれば,組み立てよう,組み立てて,組み立てた,組み立てなかった,組み立てなれる,組み立てさせる,組み立てられる,組み立てろ
比べる,くらべる,to compare,-,比べない,比べます,比べる,比べれば,比べよう,比べて,比べた,比べなかった,比べなれる,比べさせる,比べられる,比べろ
くれる,くれる,to give,-,くれない,くれます,くれる,くれれば,くれよう,くれて,くれた,くれなかった,くれなれる,くれさせる,くれられる,くれろ
暮れる,くれる,to get dark,-,暮れない,暮れます,暮れる,暮れれば,暮れよう,暮れて,暮れた,暮れなかった,暮れなれる,暮れさせる,暮れられる,暮れろ
苦しめる,くるしめる,"to torment, to torture",-,苦しめない,苦しめます,苦しめる,苦しめれば,苦しめよう,苦しめて,苦しめた,苦しめなかった,苦しめなれる,苦しめさせる,苦しめられる,苦しめろ
くたびれる,くたびれる,to be tired,-,くたびれない,くたびれます,くたびれる,くたびれれば,くたびれよう,くたびれて,くたびれた,くたびれなかった,くたびれなれる,くたびれさせる,くたびれられる,くたびれろ
加える,くわえる,"to add, to increase",-,加えない,加えます,加える,加えれば,加えよう,加えて,加えた,加えなかった,加えなれる,加えさせる,加えられる,加えろ
咥える,くわえる,to chewing,-,咥えない,咥えます,咥える,咥えれば,咥えよう,咥えて,咥えた,咥えなかった,咥えなれる,咥えさせる,咥えられる,咥えろ
崩れる,くずれる,to collapse,-,崩れない,崩れます,崩れる,崩れれば,崩れよう,崩れて,崩れた,崩れなかった,崩れなれる,崩れさせる,崩れられる,崩れろ
間違える,まちがえる,"to err, to make a mistake",-,間違えない,間違えます,間違える,間違えれば,間違えよう,間違えて,間違えた,間違えなかった,間違えなれる,間違えさせる,間違えられる,間違えろ
曲げる,まげる,to bend,-,曲げない,曲げます,曲げる,曲げれば,曲げよう,曲げて,曲げた,曲げなかった,曲げなれる,曲げさせる,曲げられる,曲げろ
任せる,まかせる,to entrust,-,任せない,任せます,任せる,任せれば,任せよう,任せて,任せた,任せなかった,任せなれる,任せさせる,任せられる,任せろ
負ける,まける,"to be defeated, to lose (a game)",-,負けない,負けます,負ける,負ければ,負けよう,負けて,負けた,負けなかった,負けなれる,負けさせる,負けられる,負けろ
まとめる,まとめる,"to put together, to unify",-,まとめない,まとめます,まとめる,まとめれば,まとめよう,まとめて,まとめた,まとめなかった,まとめなれる,まとめさせる,まとめられる,まとめろ
混ぜる,まぜる,"to mix, to blend",-,混ぜない,混ぜます,混ぜる,混ぜれば,混ぜよう,混ぜて,混ぜた,混ぜなかった,混ぜなれる,混ぜさせる,混ぜられる,混ぜろ
乱れる,みだれる,"to go out of order, to be corrupt",-,乱れない,乱れます,乱れる,乱れれば,乱れよう,乱れて,乱れた,乱れなかった,乱れなれる,乱れさせる,乱れられる,乱れろ
見える,みえる,"to be seen, to can see",-,見えない,見えます,見える,見えれば,見えよう,見えて,見えた,見えなかった,見えなれる,見えさせる,見えられる,見えろ
見る,みる,"to see, to look",-,見ない,見ます,見る,見れば,見よう,見て,見た,見なかった,見なれる,見させる,見られる,見ろ
見せる,みせる,to show,-,見せない,見せます,見せる,見せれば,見せよう,見せて,見せた,見せなかった,見せなれる,見せさせる,見せられる,見せろ
認める,みとめる,to approve,-,認めない,認めます,認める,認めれば,認めよう,認めて,認めた,認めなかった,認めなれる,認めさせる,認められる,認めろ
見付ける,みつける,"to find, to discover",-,見付けない,見付けます,見付ける,見付ければ,見付けよう,見付けて,見付けた,見付けなかった,見付けなれる,見付けさせる,見付けられる,見付けろ
燃える,もえる,to burn,-,燃えない,燃えます,燃える,燃えれば,燃えよう,燃えて,燃えた,燃えなかった,燃えなれる,燃えさせる,燃えられる,燃えろ
儲ける,もうける,"to earn, to make a profit",-,儲けない,儲けます,儲ける,儲ければ,儲けよう,儲けて,儲けた,儲けなかった,儲けなれる,儲けさせる,儲けられる,儲けろ
漏れる,もれる,to leak,-,漏れない,漏れます,漏れる,漏れれば,漏れよう,漏れて,漏れた,漏れなかった,漏れなれる,漏れさせる,漏れられる,漏れろ
持てる,もてる,to be popular with,-,持てない,持てます,持てる,持てれば,持てよう,持てて,持てた,持てなかった,持てなれる,持てさせる,持てられる,持てろ
求める,もとめる,"to demand, to request",-,求めない,求めます,求める,求めれば,求めよう,求めて,求めた,求めなかった,求めなれる,求めさせる,求められる,求めろ
向ける,むける,to turn (something) to,-,向けない,向けます,向ける,向ければ,向けよう,向けて,向けた,向けなかった,向けなれる,向けさせる,向けられる,向けろ
撫でる,なでる,to smooth down,-,撫でない,撫でます,撫でる,撫でれば,撫でよう,撫でて,撫でた,撫でなかった,撫でなれる,撫でさせる,撫でられる,撫でろ
流れる,ながれる,"to stream, to float",-,流れない,流れます,流れる,流れれば,流れよう,流れて,流れた,流れなかった,流れなれる,流れさせる,流れられる,流れろ
投げる,なげる,"to throw, to pitch",-,投げない,投げます,投げる,投げれば,投げよう,投げて,投げた,投げなかった,投げなれる,投げさせる,投げられる,投げろ
並べる,ならべる,"to put (things) in order, to display",-,並べない,並べます,並べる,並べれば,並べよう,並べて,並べた,並べなかった,並べなれる,並べさせる,並べられる,並べろ
慣れる,なれる,to get used to,-,慣れない,慣れます,慣れる,慣れれば,慣れよう,慣れて,慣れた,慣れなかった,慣れなれる,慣れさせる,慣れられる,慣れろ
ねじる,ねじる,"to twist, to wrench",-,ねじない,ねじます,ねじる,ねじれば,ねじよう,ねじて,ねじた,ねじなかった,ねじなれる,ねじさせる,ねじられる,ねじろ
寝る,ねる,"to sleep, to lie down",-,寝ない,寝ます,寝る,寝れば,寝よう,寝て,寝た,寝なかった,寝なれる,寝させる,寝られる,寝ろ
逃げる,にげる,"to flee, to escape",-,逃げない,逃げます,逃げる,逃げれば,逃げよう,逃げて,逃げた,逃げなかった,逃げなれる,逃げさせる,逃げられる,逃げろ
煮る,にる,to boil,-,煮ない,煮ます,煮る,煮れば,煮よう,煮て,煮た,煮なかった,煮なれる,煮させる,煮られる,煮ろ
似る,にる,"to resemble, to look like",-,似ない,似ます,似る,似れば,似よう,似て,似た,似なかった,似なれる,似させる,似られる,似ろ
延びる,のびる,to be postponed,-,延びない,延びます,延びる,延びれば,延びよう,延びて,延びた,延びなかった,延びなれる,延びさせる,延びられる,延びろ
伸びる,のびる,"to extend, to lengthen",-,伸びない,伸びます,伸びる,伸びれば,伸びよう,伸びて,伸びた,伸びなかった,伸びなれる,伸びさせる,伸びられる,伸びろ
乗り換える,のりかえる,to change (trains),-,乗り換えない,乗り換えます,乗り換える,乗り換えれば,乗り換えよう,乗り換えて,乗り換えた,乗り換えなかった,乗り換えなれる,乗り換えさせる,乗り換えられる,乗り換えろ
載せる,のせる,"to publish, to print",-,載せない,載せます,載せる,載せれば,載せよう,載せて,載せた,載せなかった,載せなれる,載せさせる,載せられる,載せろ
濡れる,ぬれる,to get wet,-,濡れない,濡れます,濡れる,濡れれば,濡れよう,濡れて,濡れた,濡れなかった,濡れなれる,濡れさせる,濡れられる,濡れろ
怯える,おびえる,"to be frightened, to be sacred",-,怯えない,怯えます,怯える,怯えれば,怯えよう,怯えて,怯えた,怯えなかった,怯えなれる,怯えさせる,怯えられる,怯えろ
覚える,おぼえる,"to memorize, to learn",-,覚えない,覚えます,覚える,覚えれば,覚えよう,覚えて,覚えた,覚えなかった,覚えなれる,覚えさせる,覚えられる,覚えろ
落ちる,おちる,to fall,-,落ちない,落ちます,落ちる,落ちれば,落ちよう,落ちて,落ちた,落ちなかった,落ちなれる,落ちさせる,落ちられる,落ちろ
追いかける,おいかける,"to chase, to run after",-,追いかけない,追いかけます,追いかける,追いかければ,追いかけよう,追いかけて,追いかけた,追いかけなかった,追いかけなれる,追いかけさせる,追いかけられる,追いかけろ
起きる,おきる,"to get up, to wake up",-,起きない,起きます,起きる,起きれば,起きよう,起きて,起きた,起きなかった,起きなれる,起きさせる,起きられる,起きろ
遅れる,おくれる,"to be late, to be behind",-,遅れない,遅れます,遅れる,遅れれば,遅れよう,遅れて,遅れた,遅れなかった,遅れなれる,遅れさせる,遅れられる,遅れろ
折れる,おれる,"to break, to bend",-,折れない,折れます,折れる,折れれば,折れよう,折れて,折れた,折れなかった,折れなれる,折れさせる,折れられる,折れろ
降りる,おりる,"to descend, to get off",-,降りない,降ります,降りる,降りれば,降りよう,降りて,降りた,降りなかった,降りなれる,降りさせる,降りられる,降りろ
下りる,おりる,to go down,-,下りない,下ります,下りる,下りれば,下りよう,下りて,下りた,下りなかった,下りなれる,下りさせる,下りられる,下りろ
抑える,おさえる,to suppress,-,抑えない,抑えます,抑える,抑えれば,抑えよう,抑えて,抑えた,抑えなかった,抑えなれる,抑えさせる,抑えられる,抑えろ
治める,おさめる,to govern,-,治めない,治めます,治める,治めれば,治めよう,治めて,治めた,治めなかった,治めなれる,治めさせる,治められる,治めろ
教える,おしえる,"to teach, to tell",-,教えない,教えます,教える,教えれば,教えよう,教えて,教えた,教えなかった,教えなれる,教えさせる,教えられる,教えろ
錆びる,さびる,to get rusty,-,錆びない,錆びます,錆びる,錆びれば,錆びよう,錆びて,錆びた,錆びなかった,錆びなれる,錆びさせる,錆びられる,錆びろ
下げる,さげる,"to lower, to hang",-,下げない,下げます,下げる,下げれば,下げよう,下げて,下げた,下げなかった,下げなれる,下げさせる,下げられる,下げろ
栄える,さかえる,"to flourish, to prosper",-,栄えない,栄えます,栄える,栄えれば,栄えよう,栄えて,栄えた,栄えなかった,栄えなれる,栄えさせる,栄えられる,栄えろ
裂ける,さける,"to tear, to split",-,裂けない,裂けます,裂ける,裂ければ,裂けよう,裂けて,裂けた,裂けなかった,裂けなれる,裂けさせる,裂けられる,裂けろ
避ける,さける,to avoid,-,避けない,避けます,避ける,避ければ,避けよう,避けて,避けた,避けなかった,避けなれる,避けさせる,避けられる,避けろ
支える,ささえる,"to support, to prop up",-,支えない,支えます,支える,支えれば,支えよう,支えて,支えた,支えなかった,支えなれる,支えさせる,支えられる,支えろ
攻める,せめる,to attack,-,攻めない,攻めます,攻める,攻めれば,攻めよう,攻めて,攻めた,攻めなかった,攻めなれる,攻めさせる,攻められる,攻めろ
責める,せめる,to blame,-,責めない,責めます,責める,責めれば,責めよう,責めて,責めた,責めなかった,責めなれる,責めさせる,責められる,責めろ
痺れる,しびれる,to become numb,-,痺れない,痺れます,痺れる,痺れれば,痺れよう,痺れて,痺れた,痺れなかった,痺れなれる,痺れさせる,痺れられる,痺れろ
仕入れる,しいれる,to stock,-,仕入れない,仕入れます,仕入れる,仕入れれば,仕入れよう,仕入れて,仕入れた,仕入れなかった,仕入れなれる,仕入れさせる,仕入れられる,仕入れろ
閉める,しめる,to close,-,閉めない,閉めます,閉める,閉めれば,閉めよう,閉めて,閉めた,閉めなかった,閉めなれる,閉めさせる,閉められる,閉めろ
締める,しめる,"to tie, to fasten",-,締めない,締めます,締める,締めれば,締めよう,締めて,締めた,締めなかった,締めなれる,締めさせる,締められる,締めろ
染みる,しみる,to penetrate,-,染みない,染みます,染みる,染みれば,染みよう,染みて,染みた,染みなかった,染みなれる,染みさせる,染みられる,染みろ
信じる,しんじる,to believe,-,信じない,信じます,信じる,信じれば,信じよう,信じて,信じた,信じなかった,信じなれる,信じさせる,信じられる,信じろ
調べる,しらべる,"to check, to investigate",-,調べない,調べます,調べる,調べれば,調べよう,調べて,調べた,調べなかった,調べなれる,調べさせる,調べられる,調べろ
知らせる,しらせる,to inform,-,知らせない,知らせます,知らせる,知らせれば,知らせよう,知らせて,知らせた,知らせなかった,知らせなれる,知らせさせる,知らせられる,知らせろ
沈める,しずめる,to sink,-,沈めない,沈めます,沈める,沈めれば,沈めよう,沈めて,沈めた,沈めなかった,沈めなれる,沈めさせる,沈められる,沈めろ
静める,しずめる,"to calm, to quiet",-,静めない,静めます,静める,静めれば,静めよう,静めて,静めた,静めなかった,静めなれる,静めさせる,静められる,静めろ
育てる,そだてる,"to bring up, to raise",-,育てない,育てます,育てる,育てれば,育てよう,育てて,育てた,育てなかった,育てなれる,育てさせる,育てられる,育てろ
添える,そえる,"to attach, to garnish",-,添えない,添えます,添える,添えれば,添えよう,添えて,添えた,添えなかった,添えなれる,添えさせる,添えられる,添えろ
染める,そめる,"to dye, to color",-,染めない,染めます,染める,染めれば,染めよう,染めて,染めた,染めなかった,染めなれる,染めさせる,染められる,染めろ
背ける,そむける,to turn (one's face) away,-,背けない,背けます,背ける,背ければ,背けよう,背けて,背けた,背けなかった,背けなれる,背けさせる,背けられる,背けろ
供える,そなえる,to offer (to a god),-,供えない,供えます,供える,供えれば,供えよう,供えて,供えた,供えなかった,供えなれる,供えさせる,供えられる,供えろ
備える,そなえる,"to prepare, to be furnished with",-,備えない,備えます,備える,備えれば,備えよう,備えて,備えた,備えなかった,備えなれる,備えさせる,備えられる,備えろ
過ぎる,すぎる,"to pass, to exceed",-,過ぎない,過ぎます,過ぎる,過ぎれば,過ぎよう,過ぎて,過ぎた,過ぎなかった,過ぎなれる,過ぎさせる,過ぎられる,過ぎろ
優れる,すぐれる,to be excellent,-,優れない,優れます,優れる,優れれば,優れよう,優れて,優れた,優れなかった,優れなれる,優れさせる,優れられる,優れろ
擦り切れる,すりきれる,to be worn out,-,擦り切れない,擦り切れます,擦り切れる,擦り切れれば,擦り切れよう,擦り切れて,擦り切れた,擦り切れなかった,擦り切れなれる,擦り切れさせる,擦り切れられる,擦り切れろ
進める,すすめる,to advance,-,進めない,進めます,進める,進めれば,進めよう,進めて,進めた,進めなかった,進めなれる,進めさせる,進められる,進めろ
勧める,すすめる,to recommend,-,勧めない,勧めます,勧める,勧めれば,勧めよう,勧めて,勧めた,勧めなかった,勧めなれる,勧めさせる,勧められる,勧めろ
捨てる,すてる,"to throw away, to abadon",-,捨てない,捨てます,捨てる,捨てれば,捨てよう,捨てて,捨てた,捨てなかった,捨てなれる,捨てさせる,捨てられる,捨てろ
食べる,たべる,to eat,-,食べない,食べます,食べる,食べれば,食べよう,食べて,食べた,食べなかった,食べなれる,食べさせる,食べられる,食べろ
耐える,たえる,"to bear, to endure",-,耐えない,耐えます,耐える,耐えれば,耐えよう,耐えて,耐えた,耐えなかった,耐えなれる,耐えさせる,耐えられる,耐えろ
高める,たかめる,"to raise, to lift",-,高めない,高めます,高める,高めれば,高めよう,高めて,高めた,高めなかった,高めなれる,高めさせる,高められる,高めろ
蓄える,たくわえる,"to store, to save",-,蓄えない,蓄えます,蓄える,蓄えれば,蓄えよう,蓄えて,蓄えた,蓄えなかった,蓄えなれる,蓄えさせる,蓄えられる,蓄えろ
貯める,ためる,"to save, to accumulate",-,貯めない,貯めます,貯める,貯めれば,貯めよう,貯めて,貯めた,貯めなかった,貯めなれる,貯めさせる,貯められる,貯めろ
倒れる,たおれる,"to fall down, to collapse",-,倒れない,倒れます,倒れる,倒れれば,倒れよう,倒れて,倒れた,倒れなかった,倒れなれる,倒れさせる,倒れられる,倒れろ
足りる,たりる,"to be enough, to suffice",-,足りない,足ります,足りる,足りれば,足りよう,足りて,足りた,足りなかった,足りなれる,足りさせる,足りられる,足りろ
確かめる,たしかめる,to confirm,-,確かめない,確かめます,確かめる,確かめれば,確かめよう,確かめて,確かめた,確かめなかった,確かめなれる,確かめさせる,確かめられる,確かめろ
助ける,たすける,"to help, to save",-,助けない,助けます,助ける,助ければ,助けよう,助けて,助けた,助けなかった,助けなれる,助けさせる,助けられる,助けろ
立てる,たてる,"to stand, to erect",-,立てない,立てます,立てる,立てれば,立てよう,立てて,立てた,立てなかった,立てなれる,立てさせる,立てられる,立てろ
建てる,たてる,to build,-,建てない,建てます,建てる,建てれば,建てよう,建てて,建てた,建てなかった,建てなれる,建てさせる,建てられる,建てろ
尋ねる,たずねる,to ask,-,尋ねない,尋ねます,尋ねる,尋ねれば,尋ねよう,尋ねて,尋ねた,尋ねなかった,尋ねなれる,尋ねさせる,尋ねられる,尋ねろ
訪ねる,たずねる,to visit,-,訪ねない,訪ねます,訪ねる,訪ねれば,訪ねよう,訪ねて,訪ねた,訪ねなかった,訪ねなれる,訪ねさせる,訪ねられる,訪ねろ
届ける,とどける,to deliver,-,届けない,届けます,届ける,届ければ,届けよう,届けて,届けた,届けなかった,届けなれる,届けさせる,届けられる,届けろ
閉じる,とじる,"to shut, to close",-,閉じない,閉じます,閉じる,閉じれば,閉じよう,閉じて,閉じた,閉じなかった,閉じなれる,閉じさせる,閉じられる,閉じろ
溶ける,とける,"to melt, to dissolve",-,溶けない,溶けます,溶ける,溶ければ,溶けよう,溶けて,溶けた,溶けなかった,溶けなれる,溶けさせる,溶けられる,溶けろ
解ける,とける,"to be solved, to become untied",-,解けない,解けます,解ける,解ければ,解けよう,解けて,解けた,解けなかった,解けなれる,解けさせる,解けられる,解けろ
止める,とめる,"to stop, to turn off",-,止めない,止めます,止める,止めれば,止めよう,止めて,止めた,止めなかった,止めなれる,止めさせる,止められる,止めろ
泊める,とめる,"to lodge, to give lodging",-,泊めない,泊めます,泊める,泊めれば,泊めよう,泊めて,泊めた,泊めなかった,泊めなれる,泊めさせる,泊められる,泊めろ
留める,とめる,"to fasten, to detain",-,留めない,留めます,留める,留めれば,留めよう,留めて,留めた,留めなかった,留めなれる,留めさせる,留められる,留めろ
捕らえる,とらえる,"to catch, to capture",-,捕らえない,捕らえます,捕らえる,捕らえれば,捕らえよう,捕らえて,捕らえた,捕らえなかった,捕らえなれる,捕らえさせる,捕らえられる,捕らえろ
取れる,とれる,"to come off, to be caugh",-,取れない,取れます,取れる,取れれば,取れよう,取れて,取れた,取れなかった,取れなれる,取れさせる,取れられる,取れろ
取り入れる,とりいれる,to adopt,-,取り入れない,取り入れます,取り入れる,取り入れれば,取り入れよう,取り入れて,取り入れた,取り入れなかった,取り入れなれる,取り入れさせる,取り入れられる,取り入れろ
取り替える,とりかえる,"to exchange, to renew",-,取り替えない,取り替えます,取り替える,取り替えれば,取り替えよう,取り替えて,取り替えた,取り替えなかった,取り替えなれる,取り替えさせる,取り替えられる,取り替えろ
整える,ととのえる,"to arrange, to put in order",-,整えない,整えます,整える,整えれば,整えよう,整えて,整えた,整えなかった,整えなれる,整えさせる,整えられる,整えろ
潰れる,つぶれる,to go bankrupt,-,潰れない,潰れます,潰れる,潰れれば,潰れよう,潰れて,潰れた,潰れなかった,潰れなれる,潰れさせる,潰れられる,潰れろ
通じる,つうじる,"to be laid, to be understood",-,通じない,通じます,通じる,通じれば,通じよう,通じて,通じた,通じなかった,通じなれる,通じさせる,通じられる,通じろ
捕まえる,つかまえる,"to catch, to arrest",-,捕まえない,捕まえます,捕まえる,捕まえれば,捕まえよう,捕まえて,捕まえた,捕まえなかった,捕まえなれる,捕まえさせる,捕まえられる,捕まえろ
疲れる,つかれる,to be tired,-,疲れない,疲れます,疲れる,疲れれば,疲れよう,疲れて,疲れた,疲れなかった,疲れなれる,疲れさせる,疲れられる,疲れろ
付ける,つける,"to attach, to install",-,付けない,付けます,付ける,付ければ,付けよう,付けて,付けた,付けなかった,付けなれる,付けさせる,付けられる,付けろ
つける,つける,to turn on,-,つけない,つけます,つける,つければ,つけよう,つけて,つけた,つけなかった,つけなれる,つけさせる,つけられる,つけろ
伝える,つたえる,"to report, to tell",-,伝えない,伝えます,伝える,伝えれば,伝えよう,伝えて,伝えた,伝えなかった,伝えなれる,伝えさせる,伝えられる,伝えろ
勤める,つとめる,"to work for, to be employed",-,勤めない,勤めます,勤める,勤めれば,勤めよう,勤めて,勤めた,勤めなかった,勤めなれる,勤めさせる,勤められる,勤めろ
努める,つとめる,to make efforts,-,努めない,努めます,努める,努めれば,努めよう,努めて,努めた,努めなかった,努めなれる,努めさせる,努められる,努めろ
続ける,つずける,"to continue, to proceed",-,続けない,続けます,続ける,続ければ,続けよう,続けて,続けた,続けなかった,続けなれる,続けさせる,続けられる,続けろ
植える,うえる,to plant,-,植えない,植えます,植える,植えれば,植えよう,植えて,植えた,植えなかった,植えなれる,植えさせる,植えられる,植えろ
浮かべる,うかべる,"to float, to set afloat",-,浮かべない,浮かべます,浮かべる,浮かべれば,浮かべよう,浮かべて,浮かべた,浮かべなかった,浮かべなれる,浮かべさせる,浮かべられる,浮かべろ
受け入れる,うけいれる,to accept,-,受け入れない,受け入れます,受け入れる,受け入れれば,受け入れよう,受け入れて,受け入れた,受け入れなかった,受け入れなれる,受け入れさせる,受け入れられる,受け入れろ
受ける,うける,"to get, to receive",-,受けない,受けます,受ける,受ければ,受けよう,受けて,受けた,受けなかった,受けなれる,受けさせる,受けられる,受けろ
受け付ける,うけつける,to accept,-,受け付けない,受け付けます,受け付ける,受け付ければ,受け付けよう,受け付けて,受け付けた,受け付けなかった,受け付けなれる,受け付けさせる,受け付けられる,受け付けろ
生まれる,うまれる,to be born,-,生まれない,生まれます,生まれる,生まれれば,生まれよう,生まれて,生まれた,生まれなかった,生まれなれる,生まれさせる,生まれられる,生まれろ
売れる,うれる,to sell,-,売れない,売れます,売れる,売れれば,売れよう,売れて,売れた,売れなかった,売れなれる,売れさせる,売れられる,売れろ
売り切れる,うりきれる,to be sold out,-,売り切れない,売り切れます,売り切れる,売り切れれば,売り切れよう,売り切れて,売り切れた,売り切れなかった,売り切れなれる,売り切れさせる,売り切れられる,売り切れろ
訴える,うったえる,"to appeal, to complain",-,訴えない,訴えます,訴える,訴えれば,訴えよう,訴えて,訴えた,訴えなかった,訴えなれる,訴えさせる,訴えられる,訴えろ
分かれる,わかれる,to be devided,-,分かれない,分かれます,分かれる,分かれれば,分かれよう,分かれて,分かれた,分かれなかった,分かれなれる,分かれさせる,分かれられる,分かれろ
別れる,わかれる,"to part from, to separate from",-,別れない,別れます,別れる,別れれば,別れよう,別れて,別れた,別れなかった,別れなれる,別れさせる,別れられる,別れろ
分ける,わける,to divide,-,分けない,分けます,分ける,分ければ,分けよう,分けて,分けた,分けなかった,分けなれる,分けさせる,分けられる,分けろ
割れる,われる,"to break, to split",-,割れない,割れます,割れる,割れれば,割れよう,割れて,割れた,割れなかった,割れなれる,割れさせる,割れられる,割れろ
忘れる,わすれる,"to forget, to leave (a thing) behind",-,忘れない,忘れます,忘れる,忘れれば,忘れよう,忘れて,忘れた,忘れなかった,忘れなれる,忘れさせる,忘れられる,忘れろ
破れる,やぶれる,to tear,-,破れない,破れます,破れる,破れれば,破れよう,破れて,破れた,破れなかった,破れなれる,破れさせる,破れられる,破れろ
敗れる,やぶれる,"to be defeated, to lose (a game)",-,敗れない,敗れます,敗れる,敗れれば,敗れよう,敗れて,敗れた,敗れなかった,敗れなれる,敗れさせる,敗れられる,敗れろ
焼ける,やける,"to be burnt, to lose",-,焼けない,焼けます,焼ける,焼ければ,焼けよう,焼けて,焼けた,焼けなかった,焼けなれる,焼けさせる,焼けられる,焼けろ
やめる,やめる,"to quit, to stop",-,やめない,やめます,やめる,やめれば,やめよう,やめて,やめた,やめなかった,やめなれる,やめさせる,やめられる,やめろ
辞める,やめる,to resign,-,辞めない,辞めます,辞める,辞めれば,辞めよう,辞めて,辞めた,辞めなかった,辞めなれる,辞めさせる,辞められる,辞めろ
痩せる,やせる,"to lose weight, to become thin",-,痩せない,痩せます,痩せる,痩せれば,痩せよう,痩せて,痩せた,痩せなかった,痩せなれる,痩せさせる,痩せられる,痩せろ
汚れる,よごれる,to get dirty,-,汚れない,汚れます,汚れる,汚れれば,汚れよう,汚れて,汚れた,汚れなかった,汚れなれる,汚れさせる,汚れられる,汚れろ
寄せる,よせる,to gather,-,寄せない,寄せます,寄せる,寄せれば,寄せよう,寄せて,寄せた,寄せなかった,寄せなれる,寄せさせる,寄せられる,寄せろ
茹でる,ゆでる,to boil,-,茹でない,茹でます,茹でる,茹でれば,茹でよう,茹でて,茹でた,茹でなかった,茹でなれる,茹でさせる,茹でられる,茹でろ
揺れる,ゆれる,to shake,-,揺れない,揺れます,揺れる,揺れれば,揺れよう,揺れて,揺れた,揺れなかった,揺れなれる,揺れさせる,揺れられる,揺れろ
緩める,ゆるめる,to loosen,-,緩めない,緩めます,緩める,緩めれば,緩めよう,緩めて,緩めた,緩めなかった,緩めなれる,緩めさせる,緩められる,緩めろ
ずれる,ずれる,"to slip, to slide",-,ずれない,ずれます,ずれる,ずれれば,ずれよう,ずれて,ずれた,ずれなかった,ずれなれる,ずれさせる,ずれられる,ずれろ
