textId,content
i_2c027957a20f,小李是中国人。
i_a6bcd1174ee2,森先生不是学生。
i_7ee0c256f86d,林先生是日本人吗? 
i_0bd205ea2a9f,小李是JC策划公司的职员。
i_80d3da42b9a0,我姓李。(您)是小野女士吗?
i_d5147087aaec,是的，(我)是小野。
i_d3208b1605b2,森先生是学生吗?
i_78c806e0ef37,不，不是学生。是公司职员。
i_354a3ce94de1,您是吉田先生吗?
i_fd319ec32b55,不，不是。我是森。
i_647eba4d41c7,小李是JC策划公司的职员吗?
i_677390a77528,是的。
i_d1cc26a9a8c9,(您)是JC策划公司的小野女士吗? 
i_60ad50a9c3b8,是的，我是小野。是李秀丽女士吗?
i_379755b40eb0,是的，我是李秀丽。初次见面，请多关照。
i_3355a04d59a5,初次见面。我叫小野绿。
i_574ac4e47d22,李女士，你好
i_6b7077a2961d,(您)是吉田先生吗?
i_05c030fe3b7a,不，我不是吉田。(我)是森。
i_4f492fb36ff8,啊，是森先生呀。对不起。
i_88f8a224393d,没关系。请多关照。
i_251ebe0236b2,我是李秀丽。以后请您多多关照。
i_1d17227caffd,这是书。
i_6f3f5435c85e,那是什么?
i_c767aeb95b17,那是谁的伞?
i_91d55edbb22c,这个照相机是史密斯先生的。
i_0935d724d522,这是电视机吗?
i_11e09617a984,不，那不是电视机。是计算机(个人电脑)。
i_985a05b2026e,那是什么?
i_201e5e7c4da0,这是日语书。
i_59767c08104c,森先生的包是哪个?
i_4b931eba787c,是那个。
i_e90736cd085b,那个笔记本是谁的?
i_539e827aea19,是我的。
i_45150c7a9bc0,小李，那是什么?
i_4e73db02bca4,这个吗?这是(我)家人的照片。
i_c93fc4aed74e,(指着其中一个人)这位是谁呀?
i_e928ea41d039,是我母亲。
i_fa9ee19789cf,(您)母亲多大年纪了?
i_208d393bbf67,52岁。
i_3973e185f848,小野，这个给你。
i_a28cb7119b78,嗯?这是什么?
i_591b41ed4b14,是礼物。
i_27e927d208d9,哇，是真丝手绢啊。
i_1cec1bfdc6c1,嗯。是汕头的手绢。中国有名的特产。
i_bb20f2a8e3c6,谢谢。
i_f1fb0376fb3a,这里是百货商店。
i_386c5a4e9621,食堂在百货商店的7层。
i_654d25b2b486,那里也是JC策划公司的大楼。
i_ae21299ea0c7,卖包的柜台在1层还是2层?
i_0fa1d0b32f17,厕所在哪儿?
i_ee4584b664f8,在那儿。
i_9d03a564e67a,这里是邮局还是银行?
i_d1bf5441ecbc,是银行。
i_05d6865a2935,这个多少钱?
i_68449a6fc974,<那个>5800日元。
i_f08e4f427a77,那个呢?
i_d998e3728a0f,那个也是5800日元。
i_f1a813270a88,这里是便利店。隔壁是咖啡馆。
i_dc1fe0c54dad,(指着前方的建筑物)那座大楼是宾馆还是高级公寓?
i_2a5c47f53d0f,<那是>高级公寓。
i_ebe5f33182e2,(指着远处的高楼)那座大楼是什么?
i_c0d6c4702a39,那也是高级公寓。
i_4f8996bb2069,公寓的旁边呢?
i_b063fdcd342e,<公寓的旁边>是医院。
i_734b3abe290b,书店在哪里?
i_8535dfedd7f3,(指着前方不远处)在那儿。在那座楼的二层。
i_5fa33b79836f,请问，东京地图在什么地方?
i_cec9276936b6,地图?(指着小李身后)在那儿。
i_d7cacf24330d,多少钱?
i_969d2dd368fd,500日元。
i_c381709e551e,房间里有桌子和椅子。
i_142f6b7de825,桌子上面有(一只)猫。
i_9434ce12ae08,小卖部在车站的外边。
i_34f4d440b164,吉田先生在院子里。
i_eea5e9c14f8d,那个盒子里有什么?
i_793472218107,表和眼镜。
i_3f1f8e3d6a13,房间里有谁?／谁在房间里?
i_8062bdc2c613,没有人。
i_f5ed4afe6cf3,小野女士的家在哪儿?
i_73d2fa482b63,在横滨。
i_4bc09ede557e,那儿有(一只)狗啊。
i_644f65a5b25a,是，是我的狗。
i_6cf1697bd4d0,小野，公司在哪儿啊?
i_4cc4e9596566,(翻了一下地图册)嗯……在这儿。
i_eaa9dd16b3d0,附近有车站吗?
i_1a7bbeedd0d0,有。有JR和地铁的车站。(指着地图册)JR车站在这儿。
i_ecf50d10f4f0,地铁车站是这儿吧?
i_2bac38eb9c58,是的。在JR车站的旁边。
i_a7f463b3241e,你家在哪里?
i_b823d5c7b4c6,我家在横滨。
i_3cd0af984425,家人也在横滨吗?
i_75689f7e80d3,不，我一个人生活。
i_ffc06535ac5c,你父母住在哪儿啊?
i_617540e7c0cd,父母在名古屋。
i_adcb065b35a2,兄弟姐妹呢?
i_98886b2abd75,(有一个)妹妹在大阪。
i_7760dfe12858,现在4点。
i_e83875d515a2,森先生7点起床。
i_a4f660a25040,森先生上周休息。
i_567a286ab1e8,我昨天没上班。
i_4e973cda09ca,(你)每天几点睡?
i_a035baae34c0,11点30分睡。
i_fa4a29745b5f,昨天(你)从几点工作到几点?
i_12478549af7d,从9点工作到6点。
i_7a52b2c33a79,(你)上周休息了吗?
i_7fb167aa0e25,没休息。
i_97c30d19dae9,什么时候开始考试?
i_c5a0b470b898,下周四。
i_a29221cf7cd5,小野，小李的欢迎会是什么时候?
i_54f9e90ab042,后天晚上。
i_996bf29de297,几点开始?
i_08592bc791ab,6点开始。
i_3066617d0d2d,森君，你早。现在几点了?
i_e1dfdaa2bc2e,10点15分。
i_09d329add670,迟到了吧。
i_f04aebc4b9f8,对不起，科长。我今天早晨9点才起床。
i_396fc3c493c0,森先生，你每天早晨几点起床?
i_15a9f2bf95dd,一般是7点左右。你呢?
i_aec40916620b,我是6点左右。
i_17994e50d1fd,北京分公司几点上班?
i_9abfc93dab1c,8点。上午8点工作到下午5点。
i_fb6b77968deb,星期六呢?
i_397b5709d63d,星期六不上班。星期六和星期日休息。
i_29a832a28a29,吉田先生下个月去中国。
i_75014e3620f3,小李上个月从北京来。
i_d3875ce7f7b2,小野女士和朋友(一块儿)回去。
i_1dc78297b03e,森先生从东京坐新干线去广岛。
i_b185c3b22166,(你)什么时候去美国?
i_0cc0cee51389,10月份去。
i_6d3562090eaf,(你)怎么去车站?
i_1ddb6aed956f,骑车去。
i_4cc9375f87d7,(你)和谁去美术馆?
i_f144c3fb2546,和朋友去。
i_1b529d097ac1,(你是)乘飞机从大阪去上海吗?
i_7d5725d97fab,不，坐渡轮去。
i_d9406fc759e4,小李，昨天(你)几点回公寓的?
i_a162b5c0cf9a,哦，好像是11点半左右。
i_08c290a15801,怎么回去的，坐出租车?
i_e06420fd8bcd,坐电车回去的。坐电车到涩谷，然后从车站走回去。
i_6cbde7d62719,小野，你呢?
i_de2d28961f3d,我也是坐电车。从车站到家是坐出租车回去的。
i_ac55711f11a8,几点到家的？
i_3a6846e51e4d,12点左右。
i_60dfc4768a25,森，(你)昨晚直接回家了?
i_86d8daf583ad,没有。我和科长一起去银座了。
i_8f2ec93941d3,啊?银座?
i_85342daab91a,(那你们)几点回的家?
i_fb7209f4b988,深夜两点。
i_769bd976260e,两点啊。够累的吧。
i_c9a2c7739ce8,小李每天喝咖啡。
i_29b67bf0dcb6,小李在图书馆学习。
i_03a0a46cd83e,我每天早晨吃面包或(喝)稀饭。
i_b499990f92f1,请给我可乐和蛋糕。
i_e5373cea94b2,小李，(你)早晨在家看报了吗?
i_a2f20e056cbb,没有，(我)没看。
i_e65bcf2c202f,(你)早晨吃什么了?
i_078506163b1a,(我)什么都没吃。
i_89d1bed15ace,吉田先生，你星期天干什么?
i_b8cb58c2aece,打网球或慢跑。
i_b1b893f2ad24,欢迎光临。
i_434b4ee47670,我买这个笔记本和铅笔。
i_7786587f03a0,小李，现在去吃午饭吗?
i_3f5df79a3399,是呀。和小野一起去。
i_34dfc9a30859,科长您呢?
i_df28b20787e3,我在便利店买了盒饭和茶水。
i_3a5834b877e0,您经常去便利店吗?
i_cc4e6c6dd08f,不，平时一般去荞麦面馆，吃荞麦面或者乌冬面条。
i_05ff9c283ed7,是吗？
i_c0533f532fb8,小李，那咱们今天去荞麦面馆怎么样?
i_e2b35c032413,好吧。
i_15c1f08d50f5,那，科长，我们走了。
i_6e16b69a1b03,去吧。
i_f7932c03e18b,欢迎光临。
i_cdc3a33a2ed9,劳驾。给我来一个鸡肉鸡蛋盖饭。小李，你呢?
i_07ae7c66de8b,我也来这个。
i_93334d9f55c9,知道了。
i_dccadb9644f5,小李用日语写信。
i_37557ade30a1,我送给小野女士礼物。
i_99557d958e09,我从小野女士那儿得到一本词典。／小野女士给了我一本词典。
i_ee6f0579010d,小李明天见长岛先生。
i_419b2246ac3b,昨天(我)给妈妈寄了生日礼物。
i_25d9d8f6162b,用什么寄的?
i_4d72318998aa,用航空邮件寄的。
i_8bb5dbcbb2d6,那张电影票给谁?
i_6b44b0fc2c11,给小李。
i_a04517261817,(你)从谁那儿得到那个小册子的?
i_6b4638f672f0,从长岛先生那儿。
i_b0cc89ab64f8,请问，小李在吗?
i_613f8d6e72cf,已经回去了。
i_9530b6439b69,刚才长岛先生来了个电话。
i_2a968e8fe1f0,是日程表的事吗?
i_74f1885c6d0a,是。
i_8c64ada70f4e,我已经给他发传真了呀。
i_a54185a8368a,什么时候发的?
i_dd2cce845106,昨天傍晚。(要不，)再发一次?
i_c5712a408dae,好吧，那就拜托了。我用邮件给他发。
i_9becabad6677,好。
i_fb481446df64,小李，我(这儿)收到了长岛先生的邮件。
i_430de4e3dc90,(他)收到传真了吗?
i_d7cf7b05d7f7,传真、邮件都收到了。
i_6390e577fc71,是吗，那太好了。
i_62fa85b2b4fd,小李，这个给你。这是箱根的影集，前些日子长岛先生送我的。
i_604110f5cc34,谢谢。
i_4bbb3ce7330c,四川菜很辣。
i_14d4a14eca1e,这个汤不太热。
i_710ea61b2c80,旅行很愉快。
i_99f0b4bcbf4c,中国是个幅员辽阔的国家。
i_53b353b19cce,(那天)天气好吗?
i_a018fe5ca559,不，不太好。
i_9a0882873475,(你)去天安门了吗?
i_81dc182dfc01,去了。(那)是个非常雄伟的建筑啊。
i_806b59d8c7f5,长城离北京市内远吗?
i_fcd064d987e6,不，不太远。
i_0f26a465f232,(你)吃北京烤鸭了吗?
i_612d9de72bc6,吃了。挺好吃的。
i_8e6c385b7b96,小野，这件浴衣有点小。
i_db63730534ca,哎呀，那是孩子用的。(取出大人用的)你穿这件。
i_1c87d968145d,(试穿)这件正合适。
i_108ed8459ac6,小李，水不烫吗?
i_317b305e75e7,不烫，正合适。非常舒服。
i_366bd6c3ffa2,小野，这儿的景色真美。
i_f1826c878238,是呀，是很美。
i_f2f3888b9796,小野，那是什么?
i_8f2cc93a7d7c,啊，这是温泉水。小李，你也喝点儿?
i_dd2f1f3eb24a,好吧。(喝了一点儿)不太好喝。
i_eb25ca83eb10,京都的红叶很有名。
i_73efde9fc6ab,这条街不热闹。
i_f9a208525142,奈良是个很安静的城市。
i_f10c3d5e63bb,昨天是星期日。
i_4bec3afebfd1,(你)买什么土特产了?
i_d06512dd07e4,(我)买了(一个)漂亮的玩偶。
i_194a5e953b14,京都怎么样?
i_d61ffe202af8,很美。不过，不太安静。
i_66e8f284156e,横滨是(个)什么样的城市?
i_b227fe3e336c,是个很大的城市，而且很热闹。
i_672bd654dfb5,(最近)东京的天气怎么样?
i_dd14dc8299f2,昨天是晴天，不过前天下雨了。
i_bc5051ad6522,昨天我去京都了。
i_fe8c70d990e5,京都?那儿的红叶怎么样?
i_7b05e81a44e6,非常漂亮。不过(城市)不太安静。／有点儿闹。
i_5091030a5f11,怎么?
i_db3646e679e9,现在正好是修学旅行的季节，非常热闹。
i_4752f2ce4866,这条街真安静呀。
i_5ce5221600c4,今天是平日，要是周末或者节假日，游客很多，(还是)非常热闹的。
i_4a1c54b0ee5e,是吗？
i_e75b73e1d54b,咦，怎么一个人也没有?
i_a4fafc003faf,是啊。
i_77e7fe4ba20f,哎，请问，这个美术馆里都有什么作品?
i_3b8735643c13,有世界著名艺术家的雕刻。
i_87d23eb18e8d,美术馆的庭院里也有很多有趣的作品。
i_c7a082604edc,小野女士喜欢唱歌。
i_dfb4fc6d443d,史密斯先生懂韩语。
i_1fb9a90f5752,吉田先生有时去中国呀韩国什么的。
i_62adc813c664,森先生喜欢喝酒，每天都喝。
i_82ee24d7edd7,吉田先生会做菜吗?
i_c459c7190975,不，一点儿都不会。
i_9b5cddd22a7d,(你)喜欢什么音乐?
i_c5c462287609,我喜欢摇滚乐、流行音乐什么的。
i_e4113166609a,长岛先生，(你)会西班牙语吗?
i_e0e92271fd5f,嗯。在大学学过，会一点儿。
i_65d3e4549733,小野女士，(你)经常听音乐吗?
i_611610e0f5a8,是，经常在家里听CD。偶尔也去听听音乐会。
i_70368ceee6cd,箱根的饭店、旅馆真多啊。
i_81a0abe2d477,是啊。公司的别墅也很多。
i_3bbb383a1537,长岛、小野，(你们都)经常来吗?
i_2bbce042eac2,是的，有时开车来。
i_c9cb29e8eba3,我不会开车，总是坐电车来。
i_28e70425dc7f,我下个月还要来。
i_29059ea2945d,为什么?
i_7b4aa05ba554,因为在这附近的一家宾馆要举行一个朋友的摄影展。
i_ed44d41d0c97,箱根的礼品什么好?
i_b9658111db3f,这个……不好说啊。
i_fcf8e5bf997d,木片儿拼花工艺品怎么样?很有名的。
i_a021a7791d6a,花纹真漂亮。
i_81c21b1a8888,是啊。
i_8c4b4c2819de,喜欢吗?
i_b5a766ff55f7,嗯，非常喜欢。
i_cc1e5624231e,小李比森先生年轻。
i_3d0f8fe883bc,和日本相比，中国更辽阔。
i_b7b7b57473b2,神户没有大阪那么繁华。
i_beda96d8783e,在各种体育活动中，足球最有意思。
i_59c15ff9b55c,北京比东京冷吗?
i_dedd3e33fd2f,是的。冬天的北京比东京冷多了。
i_33068aa650e9,日语和英语，哪个难学?
i_4ca16a6965e2,日语难学。
i_862a1990a84d,森先生很会打网球啊
i_07e933b4409e,(嗯……)不。不如长岛先生打得好。
i_c512c881e225,(四个)季节当中，(你)最喜欢哪个?
i_500637b482a0,我最喜欢春天。
i_7ae336c90a0b,长岛，你经常喝酒吗?
i_5b66f901c543,是的。我非常喜欢喝酒，每天晚上都喝。
i_a1544a0265ed,啤酒和日本酒，你喜欢哪一种?
i_1f5891c0d050,哪种都喜欢。不过，我最喜欢的还是烧酒。
i_012f1f8221d1,烧酒近来很受欢迎。
i_e37dc183b03e,小野也喜欢喝烧酒吗?
i_a35b8c89b4e0,不。比起烧酒来，我更喜欢喝葡萄酒。不过，我也经常喝啤酒。
i_8a319be35d69,中国有很多种茶啊。
i_30334ba487d4,是啊。乌龙茶啦、茉莉花茶啦、绿茶啦，很多很多。
i_9acd7f561a50,哪种茶最受欢迎呢?
i_e08abedbe342,还是乌龙茶。
i_59b3ea162911,小李，(你)也经常喝茶吗?
i_023d1a6d9569,是的。我每天都喝乌龙茶或者茉莉花茶。
i_ae29c53f809f,哪种好喝?
i_c7e9fc6ef39e,哪种都好喝。不过我更喜欢喝茉莉花茶……
i_202555b366e5,桌子上有3本书。
i_3a40a627f452,小李每天工作7小时。
i_342cbea4f1e9,小李一周去两次游泳池(游泳)。
i_cca271461ad7,下午去邮局托运包裹。
i_9c37a056473e,对不起，请给我5张明信片。
i_594dc0eb95be,好的。5张250日元。
i_4855ce5cb256,(你)经常看电影吗?
i_796362dc43a2,是。1个月看两次左右。
i_a0cbd3ed282d,从你家到公司需要多少时间?
i_6627f804dd5d,乘电车需要1小时左右。
i_01b98c7de79e,(你)昨天干什么了?
i_82792b793888,去新宿看了电影。
i_6651f9a7fdd9,现在我要和森一起去附近一家酒馆喝酒。你也一起去怎么样?
i_f574339d753d,我?方便吗?好吧。
i_7aa7165f1e6a,森先生，你们常来这个酒馆吗?
i_6cdbc5c0a93c,是的。我每周大约来两次。
i_5090284c5231,我也经常来。
i_219057792a79,(对不起，)先来3杯生啤。
i_8a362e6bd74b,1扎生啤300日元?
i_919547df0781,这里的酒和饭菜都很便宜。5根烤鸡肉串才400日元。
i_3acd515bd890,炸鸡、土豆炖肉一盘350日元。
i_faec7ae79a1e,别的店卖多少钱呢?
i_aaa605051577,生啤大概是1扎400或450日元。
i_4ba4b85ff3df,烤肉串1根150日元左右。
i_cd622c6549f0,那，这儿真便宜啊。
i_82ffd9bfb7ae,昨天去商场买东西了。
i_6956df61ed76,小李每晚听了收音机后睡觉。
i_bcf722af376f,请在这里填写(您的)住址和姓名。
i_8f8734d1bb44,小李每天早晨7点离开家。
i_51550ff6beba,今天下午干什么?
i_19974aff4703,去图书馆学习。然后回家写信。
i_061135f4af84,什么时候出发?
i_b49e8ef2f739,吃完午饭后出发。
i_3db675724b75,对不起，请把这个包裹寄到中国。
i_733e8e79b34f,海运还是航空?
i_1f95076cbb1a,<请寄>海运。
i_2f12f38e57d3,这趟公共汽车经过车站一带吗?
i_887683f8db65,是的。经过。
i_0aa00b4509bc,吉田科长，稿子写好了。
i_47ab1f742e94,是关于箱根的报道吧。拿过来我看看。
i_ab4a20d4e4c3,相当不错。什么时候写的?
i_a0f3ea6e8d41,昨天在公司整理好记录，请小野女士看了一遍。然后回到公寓里写成的。
i_845a6e139bc0,是吗?很难搞吧。照片也出来了吗?
i_7afa2722e5c6,唉，这就去长岛先生的事务所选照片。
i_9ac08d1de9bd,是吗？
i_759123d1c52d,一会儿，照片也得请您过目。
i_07eec75bdd0f,小李，这就走吗?
i_3ff84a6652ad,是的。先去银行取点钱，然后去。
i_8abcf90b07d1,那么，你要经过邮局附近吗?不好意思，请帮我把这封信寄出去。
i_cce2c803ba59,好。(是)寄快件吗?
i_0caabdc3a86a,对，(是)寄快件。
i_2a1128d6dbd9,小野女士现在正在看报纸。
i_b254e66448b7,这儿可以拍照吗?
i_42920be8d5ca,飞机上不能吸烟。
i_694737206efd,星期天，小野女士在公园里划了船。
i_60101328648c,喂，是森先生吗?(你)现在在哪儿?
i_69093a93e416,我正从市政府前面走过。／在市政府前面。
i_9b490fa4f641,请问，(我)可以借这本词典吗?
i_831005083ed7,嗯……我正在用。
i_fdbbfa236c7f,对不起，(我)可以坐这儿吗?
i_7153519da700,可以。请坐。
i_c891d5c9577d,哎，这儿不让用手机。
i_9ede8cd49d46,对不起。(我)以后注意。
i_d130fc366384,喂我是小野。你怎么了?
i_cc1a6af14e77,我有点儿发烧。今天可以请假吗?
i_d8840870cd70,当然可以。有病不能硬撑着。
i_663ca5ebed4b,好，知道了。嗯……吉田科长在吗?
i_1a4f3e8426db,他现在在会议室商量事儿。我待会儿跟他说。
i_8f802b5a3621,那就拜托了。
i_ed5a3563fd02,去医院了吗?
i_c2aa08f1d0bc,还没呢。
i_9a83ce7de848,那么，先去医院，然后好好儿休息一下。
i_532d370aa093,好的。谢谢。
i_0f900af97fe9,(你这)是感冒。吃点儿热乎东西，好好儿睡一觉。另外，今天晚上不能洗澡。
i_6ad8ded61a52,知道了。
i_f122fbc359f2,给你开个药方，到药店去取。
i_4b4465bc3b9c,谢谢。
i_9a51ede1d8ea,多保重。
i_97768c433aae,宾馆的房间又宽敞又明亮。
i_479903a9b7d2,这台电脑(用起来)既简单又方便。
i_117f0911c7e3,森先生有辆车。
i_856fa51e6eb9,(我)学了3个月电脑，但还不太会用。
i_ec4f55577597,森先生<长>什么样儿?
i_34ced81842a8,个儿高、腿长，挺帅的。
i_3129b52ca691,日本怎么样?
i_82589fca773e,城市很干净、安全，但是物价很高。
i_7743a52190c4,史密斯先生是公司职员吗?
i_4a8cab09004a,是。是旅行社的职员，营业部部长。
i_83f5e9088dc3,长岛先生住在哪儿?
i_9109150c5d87,和家人一起住在涩谷。
i_af430e875c25,这个展览馆真是又大又漂亮啊。
i_3bc5d6135030,是的。是日本著名建筑师设计的、最新式的展览馆。
i_d0c78c5e01b4,设计独特，造型也十分有趣。
i_bc29a80dc366,到处都是保安啊。
i_0952fca86b74,这里离车站近，门票也很便宜。来参观的人很多，所以总是戒备森严。哎，小李，带身份证了吗?
i_b92206251293,放心吧，带着呢。(拿出身份证件)你看
i_4dfb79d1e542,入口很小，里面倒还挺宽敞。
i_77cbc0421f8f,是的。天棚高，窗户多，挺亮堂的。
i_b9328605980b,(你瞧，)圣诞树旁边不是有一块红色的大牌子吗?那是什么?
i_c8fb6ab06883,啊，那是航空公司的广告牌。够耀眼的吧。
i_a22f3505403e,是够耀眼的。不过，我并不讨厌。
i_a0c0d1b99ef9,我想有(套)新西服。
i_51dc73db3322,我想看电影。
i_af4fa484b4e8,一起喝茶好吗?
i_ae861cfad665,休息一下吧
i_535fcd1d7d13,(你)现在最想要什么?
i_8cb2c91286ab,想要辆便宜点儿的车。
i_8d54b475d69c,今天(我)去百货商店买东西。小李一起去怎么样?
i_f3e79a2c2ae6,好，(我)一定去。
i_1d2dbac66d1c,小李，(你)想吃什么?
i_664b8670c469,什么都行。
i_28f02d7a05e2,星期六下午去听音乐会好吗?
i_cae063ffe285,好啊，去吧。
i_f9f6930a855d,小野，你祈祷什么了?
i_f9f855be5f11,健康和恋爱。
i_bb2539612b98,恋爱?
i_0d0181a4dbf8,是的。我想今年结婚。
i_7c74a669f6d7,有对象了吗?
i_0e495ce5179b,还没有。我想先找一个男朋友。
i_634d0ff6e08e,你喜欢什么样的男性?
i_49185aa1800b,办事认真、温柔体贴的人呗。
i_e13036e62172,这么说，森先生怎么样啊?
i_f462a2d35637,(脸红)嗯……
i_62e7da48ed4a,有点冷啊，咱们吃点热乎东西怎么样?
i_346a6cb0e9f4,好啊。
i_86ad3a6a0371,想吃什么?
i_1150631aeceb,什么都行。
i_a9b83fae9624,那么，吃年糕小豆汤怎么样?我知道一家挺不错的店，去那儿吃吧。
i_ddc8a31a06b2,年糕小豆汤?真想尝一尝。
i_8b8b94b1848f,手机变小了。
i_9e75c122f544,把电视机的声音开大一点儿。
i_1c992a962f54,儿子当医生了。
i_423335de0424,请把房间打扫干净。
i_f005122a6975,感冒怎么样了?
i_5710d1c4fc80,昨晚吃了点儿药，可还不见好。
i_a93f7ba5508e,(去)旅行(的时候)行李还是轻点儿好。
i_59ebb711458d,是的。(我)尽量弄轻点儿。／(我)尽量少带点儿。
i_2960d1f91130,您女儿多大了?
i_9884c40ff02e,今年7岁了。
i_9dea14d11825,喂……(太)吵了。
i_10733d5eea6b,噢，对不起。<我轻一点儿。／我注意。>
i_11f1769d5cc9,小野，今天你要买许多东西吗?
i_5cb2be7b00c4,是的。过年时，西式服装降价，所以我一下子买很多。
i_9a4b66a85b65,能降多少啊?
i_07c426522f82,大概是定价的7折或者半价吧。
i_ee2747bf5f20,半价?我也想买(新西服)了。
i_e7e40a9679b1,红色和蓝色，哪一种好啊?
i_b4dd3c9c75ac,红的好吧，你非常适合(穿红色)。
i_75bf5d54a52b,是吗?(拿起一件红毛衣)那么，我买这件。
i_bffdd91581e6,时段廉价销售时间马上就要到了，价钱会更加便宜。
i_e7e9a3dba301,马上就到6点了，时段廉价销售就要开始了。
i_e0e4cfc7498c,时段廉价销售?
i_eebd772c4cc6,是的。从现在起到7点，商品会更加便宜。快走吧。
i_045ee1da7d2b,请别忘了房间钥匙。
i_41287010dee8,小李今天必须早点回家。
i_4a06d86bde53,明天不加班也行。
i_615eb5bbd245,他就是吉田科长。
i_acd6925e1b9c,请别碰那件物品。
i_ec847bdbce60,啊，对不起。
i_99a95c491109,小李，一起去吃饭好吗?
i_e2eb4c0ec2fc,对不起。今天(我)得早点回家写报告。
i_a9614892cd4a,大夫，(我)可以不吃药了吗?
i_375d50448354,嗯，可以了。
i_7fa5bc1d9332,吉田科长在吗?
i_a3595ea2055a,我就是吉田……
i_277b10c12581,小野，我是第一次滑雪，有点害怕。
i_2de70025b7fc,不用担心啊。这是初学者滑道。
i_fa24654d8628,森、小野，请等一等。别先走了啊。／别滑太快了。
i_6591d36cc5e9,你不用着急，我们也慢慢滑。
i_7c18085b18a2,小李，滑雪怎么样?
i_e5254945459f,我摔了好几次，不过挺有意思的。
i_067d7f39e7c6,是吗，你进步很快啊。
i_e854e6e20701,真的?不过，我希望能滑得更好点儿。
i_7663310017a4,那你就得更加努力。(咱们)再滑一次吗?
i_952fd6a7b0f7,好啊。这回我在前面滑好吗?
i_9362651adf33,行。不过，注意别滑进熟练者滑道里去。
i_8968546f7755,我保证不进去，请别担心。
i_b4451f6b37c5,史密斯先生会弹钢琴。
i_d5d94557e56a,我的爱好是集邮。
i_9e9183651008,(你)来之前请打个电话。
i_39c1cc086a14,寒假想去个什么地方(玩一玩)。
i_9deaf8b4807f,小李会开车吗?
i_45a946b20901,嗯，会开。
i_fc628d36b712,可以在这儿照相吗?
i_67bd0fabe506,不行，不能在这儿照相。
i_3cbcc580d743,你有什么爱好吗?
i_2c3af558d0ce,有啊。我喜欢听音乐。
i_f8bf08fae99e,森先生，(您)什么时候练吉他?
i_c9aa5fa497f2,每天晚上睡觉前练。
i_68db74318b0d,小李，春节回国吗?
i_ade09681d0f6,不，现在(这里的)工作很忙，我就不回去了。
i_a936398521ca,那么，(咱们)一起去个什么地方玩玩好吗?
i_b6d6692d2be1,去横滨的中华街吧。那儿能看到中国式的狮子舞。
i_68dcaa35b00a,饭菜的味道怎么样啊?
i_401d0442aa8b,很好吃，特别是饺子。
i_a87376bfce3c,小李会包饺子吗?
i_24acdcd7142b,会啊。在北京，春节前(我们)全家人在一起包饺子。
i_4ebdf140a762,自己擀的饺子皮可好吃了。
i_eba77efac206,小野也会包吗?
i_22e09bc6d380,当然会了，因为我的爱好就是烹饪<味美的饭菜>嘛。
i_544f17609d85,真的?那么，什么时候(你露一手)请我们吃一顿。
i_3f1929f00336,好啊，小李回国前请(大家)一定到我家来。
i_9e58c1fdbfaa,我吃过日式牛肉火锅。
i_7a88293d131b,公司下班后，小李去喝酒。
i_50051282ffd8,还是多吃点蔬菜的好啊。
i_b6fddfae89ff,(我)把窗户关上吧。
i_f7f093a06265,(你)吃过寿司吗?
i_8d527332f588,没有，一次也没有。倒是吃过天麸罗。
i_5f0be4e0a9c5,可以看看这个资料吗?
i_44f32f304beb,可以，看完后请交给森先生。
i_25d8048028fa,饭店还是先预约为好吧。
i_dd50c688ccdb,是啊，因为是连休，先预约的好啊。
i_0976d20f9755,吃点什么吗?
i_183871d18896,不，睡觉前还是不吃东西的好。
i_a9793f9caa07,稍微快点儿好吗?最好不要迟到。
i_cbb47c58c090,好。哎，小野，你常看歌舞伎吗?
i_16d6d7615266,下班后，去看过几次。(一边走一边看票)9点多才散场呢，晚饭怎么办啊?
i_b362750654ce,咱们是看完歌舞伎以后吃，还是在看之前吃点儿什么?
i_d86392fc3337,嗯，咱们场休时间吃怎么样?
i_cd54cde9b4b5,好。行啊。
i_f65e5e3493b2,那，咱们快点儿去，买个盒饭(这样更好一些)。
i_c9e519c13d44,虽然台词听不太懂，不过挺好的。
i_18e95f55ad83,是啊。这得好好感谢科长。
i_a97643445c15,没错。京剧很好看，歌舞伎也很棒。小野，你看过京剧吗?
i_192e45e7e391,一次都没看过。什么时候真想看看呢。
i_fee50ac94197,那么，请一定来北京看京剧。
i_e215c5694852,森先生每天晚上看电视。
i_300219c994cc,昨天很忙。
i_df855fc13a09,电脑(用起来)不简单。
i_89bd2d42fca2,今天是阴天。
i_130645f02e72,明天去打保龄球怎么样?
i_71f904daf971,抱歉，明天还有工作……
i_9e0a69ee6b4d,昨天的考试怎么样啊?
i_5369073e17da,有点难，不过大概都做出来了。
i_ab10a84080da,这个领带太花哨吗?
i_9d46a77e54df,不，一点儿也不花哨。
i_7d2c98d149c2,(你)知道森先生的电话号码吗?
i_456e08779767,嗯，知道啊。3493—3945。
i_9eada54052c2,喂，我是小野。
i_398bd0eff390,小野吗?我是清水。
i_29e2d519c71b,清水，你好。有什么事吗?
i_2544cd3906b0,最近，太田和你有联系吗?
i_ad47ff8b5456,太田?没有啊，怎么啦?
i_155c5d68d9ed,听说太田要调到中国去工作。
i_55a512f7e88d,真的?什么时候去啊?
i_7c2c439f5309,好像是下个月。
i_ef33e044cee6,真突然啊。中国的哪儿?多长时间?
i_37ef8d0d775e,听说是北京。时间好像是4年或者5年。
i_b21d1661610d,这么长啊。太田一个人去?
i_64eff866d2be,不，夫人也一起去。所以，下星期要开一个欢送会，你时间方便吗?
i_84d795d39d86,下星期……星期二有安排了，其他时间都可以。
i_c884f71d94b2,知道了。那么，再联系。
i_886354aa36e2,朋友打来的，小野?
i_ec2df8712791,哟，你听出来了?
i_652d0322a8aa,嗯。因为不是你平时的说话方式。
i_e9c0189f0d96,周末或节假日，小野女士有时散步，有时买东西。
i_380ed511bcfe,日语老师既有中国人，也有日本人。
i_846f7578bf0e,我今年夏天去不去北京，还不知道。
i_13d88cf08e97,请告诉我钥匙在哪儿。
i_f3c0b528c2f3,周末做什么了?
i_034b81d9230b,滑冰了，还打保龄球了。
i_33a4b5099136,到北京的机票大概多少钱?
i_bc3c8afe9d48,因季节而不同／各个季节不一样，有时贵，有时便宜。
i_5a638d7a2fad,小李，工作忙吗?
i_eaf56b5ba904,嗯，每天不一样，有时闲，有时忙。
i_4d4c0b3fac68,(你)知道森先生几点来吗?
i_247face511f0,不知道。今天来不来不知道。
i_d940d449e8d6,小野，决定买什么了吗?
i_f8e96a4ba06a,浴衣怎么样?
i_91d7798c2c75,不错。不过，是不是贵点儿?
i_f3be9df7e099,有贵的，有便宜的，种类很多。啊，对了，买块儿布料我来做。
i_d6cef7601cda,日本的生活怎么样?
i_3a19d773cf58,泡了温泉，还看了歌舞伎，(过得)非常愉快。
i_f57575a568d5,你告诉你父母什么时候回去了吗?
i_740a62608626,嗯，昨天用电子邮件告诉我母亲了。
i_f13dac87b7fa,你父母会用电子邮件吗?
i_1123b97252d9,(我)母亲会，我父亲(只)打电话或写信。
i_037bf2e3767e,回北京以后，(你)有什么打算?
i_0907a0608cf0,想(先)休息一个星期。因为春节没休息。
i_04a47be52014,休息期间，做什么?去旅行吗?
i_5e2930ea6f2d,去不去旅行还不知道。可能(主要)是见见朋友，吃吃饭什么的。
i_7264b19aca46,(我)想小李马上就来。
i_bf3d6c5a4d51,老陈说要去参加晚会。
i_4cae09b3eaa6,对不起，我头疼。
i_e8f3a5922b16,(我)想去东京塔，怎么走好啊?
i_8e419d065355,关于日本音乐，(你)怎么看?／(你)怎么看日本音乐?
i_a8d2b18281f5,(我)觉得很棒。
i_ef6d3089ecca,科长说什么了?
i_cae05ec597c7,说下午出去。
i_ebd10c6df0cb,为什么不吃呢?
i_26ca054188f0,已经吃饱了。
i_7beef0799a25,我在找小李，(她)在哪儿?
i_2198142a2172,(我)想是在会议室。
i_057058ffb031,终于要分别了。
i_92925c996bac,谢谢(你们)了。(这半年来，你们)给了我很多关照。
i_ee14f5a97eb3,哪里哪里。时间虽然不长，但(相处得)很愉快。
i_a33588940022,科长出差了，让我给你带个好。
i_9f6073796fc5,是吗。也请代我向吉田科长问好。
i_1a3167168f51,好，一定转达。
i_da5d9dfe877a,这是一件浴衣。我自己做的，送给你。
i_30a0afdec9dd,你自己做的?真了不起。谢谢。
i_668c53abeab5,小野女士，森先生，两位<什么时候>一定要到北京来啊。
i_b9db82de3fc1,行，一定去。到时候(咱们)一起看京剧吧。小李，请多保重。
i_e5b575695d99,我什么时候也要到北京去的。小李，路上小心。“再见！”
i_2f656f9253d6,再见。<下次>北京见。
i_311ccacb51bb,这是明天会议要用的资料。
i_91db186b985e,我明天乘坐的飞机是中国航空公司（的）
i_58de4d4d900c,（我）把在中国买的CD借给朋友了。
i_62b3260b0046,（我）想要操作简单的个人电脑。
i_e24b9bf5c70b,小李，这个人是谁？
i_56318067fd05,那个人是在中国很受欢迎的女演员。
i_c6275578cc7f,在（那个）窗户那儿的人是谁啊？
i_5fe54a398b1c,那是接待处的小戴。
i_c4d4687447c9,（你）在干什么？
i_f457702f2b19,（我）在读昨天小李送我的书。
i_45bb7519cc5e,在这个公司里歌唱得最好的人是谁？
i_34f51528254a,我想是森先生。
i_1007f219c852,今天入住的宾馆是天安饭店，对吧。
i_d121da8c8654,是的，请你先在宾馆住一个月左右，慢慢找住处吧。
i_cde6c74525e4,这条路真直啊。
i_d5a4e781ee49,这是连接机场和北京市区的高速公路，到市区大约要30分钟左右。
i_7f11b5a6953e,哎，这是日本歌啊。
i_764448389caf,是的。日本朋友送给我的CD。
i_a842a5568aa0,（你）喜欢日本歌吗？
i_5df4d5af7999,嗯，非常喜欢。中国有很多人喜欢日本歌儿的人。
i_5703670cdbad,那座白色的大楼是什么？
i_f1a7ee86e4ac,那是最近盖好的（大楼）。小马，你知道（那）是什么楼吗？
i_3f5e7ad0341b,啊，那是汽车零件制造厂。
i_a790a3002573,车多起来了啊。
i_ece2670119e1,是啊。现在走的这条路〈是〉三环路，这一带经常堵车。
i_661c7b88487f,〈因为〉三环路在北京是交通流量最大的公路。
i_2b82efe243f6,骑自行车带人很危险。
i_af519e77e6de,（我）忘了寄信了。
i_72e17990f8f3,明天早晨会下很大的雨吧。
i_4acd6abb1e81,森先生今天也许不来〈公司〉上班。
i_1e8cf9e61b4d,小李你喜欢画画啊！
i_6233865d54ca,是的，非常喜欢，不过画的不太好。
i_6e646dabb59a,吉田先生调动工作了，你知道吗？
i_c62d186fb5df,哎，真的？我不知道啊。
i_fd97b8ce0c6d,会议几点结束？
i_c2235d0faef4,两点结束吧。
i_25765fa7e24e,小马还没来啊？
i_1dff420b585e,也许今天不来了。
i_058e9b21e5af,初次见面，我姓杨。(说着，伸出了手)
i_ebd076620219,初次见面。我姓森请多关照。（一边说，一边开始鞠躬，转而慌慌张张地伸出了手）
i_4c6aae7f888a,日本没有握手的习惯吧。
i_8f3b0df088c0,是的。因此，一不注意就忘记握手了。
i_606690bee453,在中国一般都握手吗？
i_fc618a047275,是的。在日本，除了鞠躬还有别的寒暄（方式）吗？
i_70dfa12e109f,怎么说啦？……也有挥手啦，握手什么的，但大部分人还是鞠躬。
i_7ca189ae4d35,老陈，森下午的安排是拜访（各有关部门），对吧？
i_972627028743,是的。现在是1点半，从现在起能转四家公司吧？
i_73c317b0d906,是啊。也许能转五家公司呢。森先生，这回可不要忘记握手哟。
i_4234da6f2b1e,（我）小时候发生过大地震。
i_299f744f3f3c,看电影时，（我）经常坐在最后的座位。
i_a137ff02a15b,小李正边看电视边吃饭。
i_9b32136d9599,小李，（你）明天参加联欢会吧。
i_e7e802a41c16,学生时代（你）学生什么（专业）了？
i_3da0128f16bb,（我）学日本经济了
i_7ffc5632f3f6,小马，（你）不忙的时候（请）把这个文件整理一下。
i_fc4e702864a2,好的，（我）知道了。
i_00e97ba8bcdf,叶子边打工边上学呢
i_1cbb9400eecd,是吗？真够辛苦的。
i_9ab3020f7d39,森先生，昨天你在车站附近的咖啡店来着吧？
i_df2188495cff,是的。因工作我和杨先生（在那儿）见面来着。
i_95033e8c9391,我今天早晨在公园散步时看见许多人聚在一起
i_016ab7ab2ac1,啊，老年人很多吧？
i_63a1253502f6,是的。在打太极拳、做广播体操。
i_42db75f86e0c,这叫晨练。也有人跳交际舞吧？
i_e7f49433b1e4,是，有。还有人边跳边唱呢。
i_0df3de6b6a75,进公园时（我）买了门票，每个公园都收费吗？
i_d6d496543691,是的。收费的公园比较多。
i_89952b4e1949,那么进行晨练的老人也要买门票吗？
i_f82a7be3ccda,是啊。但是每天都去公园人的有优惠。
i_67181e9a0967,说起来。我小时候常常和祖母去公园。
i_9a0f9d388d09,啊？是一起运动吗？
i_3c6a16b42d00,不是。我边玩儿边看祖母打太极拳。
i_9cf25efa3fd5,休息的时候我也去公园跑跑步。
i_ac4de4c39c0a,早晨、傍晚凉爽的时候运动运动，挺舒服的。
i_02d9d9eb9faf,小马给了我（一张）地图。
i_51efa306d463,森先生帮老年人拿行李了。
i_17c04b6e5df4,森先生请小李带他游览了北京。
i_d944ad246afb,（一位）妇女帮我捡起了钱包。
i_3892ea441152,好漂亮的围巾啊
i_c1add4879277,是啊，过生日是小野女士是送给我的。
i_28e87cb8e1b1,森先生明天搬家吧。
i_ebf8b535e154,是的，大家帮他一下吧。
i_d7145d62b90e,（我）不明白这篇文章的意思。
i_11097619c95c,让小戴给翻译吧，〈因为〉（她）擅长英语。
i_99e25b4a424d,你寄给我的茶很好喝，谢谢！
i_5af4b7802d1c,不（用谢），别客气。
i_195e89d8d476,森，住处（已经）定了吗？
i_efd15d109dbe,还没有，刚才老陈给我介绍了一家房地产公司。而且，小李、小马也都在帮忙找呢。
i_268a59515004,经理，搬迁的地址定下了。
i_f73a730e0647,那太好好了。在哪儿？
i_ced46901266a,在国际贸易中心附近。
i_9e9aef4e293e,是国贸啊，那一带我很熟。
i_288e295855ff,是吗？
i_53dd619209c6,是的。回头我带你去那一带转转。
i_ce496071621b,谢谢。
i_1493a09db390,森明天搬家吧？
i_51f3aad4985a,是的。小李和小马来帮忙。
i_931423e0c6e7,家具怎么样了？
i_9417706601fa,已经买好了，（家具店）明天送来。冰箱是加藤经理送的
i_450c97a417ec,关灯！
i_e150d96966db,读下面的文章，回答提问。
i_d37a25b00a0d,不要在这儿停车！
i_5fe07947ca2f,这个符号是“禁止吸烟”的意思。
i_8805ad52420a,刚才部长说什么了？
i_495fd5805df7,说“快交文件”。
i_3f26325eeba0,阿诚、快去洗澡！
i_2698e8d82fe1,我正在写作业呢。妈，您先洗吧。
i_b2d5449adea6,对不起，这个该怎么读？
i_a04925a24385,读“たちいりきんし”是“禁止入内”的意思
i_cbb6dfdbb69a,（你）知道这花的名字吗？
i_050b928dc404,知道啊，那是（一种）叫“紫藤”的花。
i_30e0d918cda8,森下面该你唱了。
i_832b9b62d0ac,对对。森“歌いなさい”！
i_1ed025bce8d0,小戴，森的年龄比你大，对他说“歌いなさい”不太礼貌噢。
i_8896a6715df5,是啊。这种场合要说 “歌ってください”
i_7f4a14069c98,是，明白了。森，对不起！
i_37155856e67f,在日本的时候，经常听到日本的男性对朋友说“来い”“ 遠慮するな”这样的话语。这些话只对熟悉的人说吧。
i_1f086e42384a,是的。不过，女性不太说。还是用“遠慮しないでください”比较好。
i_623e6b59d58d,也有女性把“ください”去掉，光说“遠慮しない”之类的。
i_fabdc9791ccb,是吗。汉语中对熟悉的人也说“来，来！”“别客气！”而不用请字这个字这倒是一样。
i_21c0c782fed7,是的。还有，我在棒球场听到有的女性喊“頑張れ！（加油！）”
i_a24fbb363689,危险的时候或者没有时间客气的时候，这样说也可以。
i_e479beb8e9fe,〈因为〉已经11点了，睡觉吧。
i_b4cbb4a5c8da,（我）今天不想〈去公司〉上班。
i_ab333f349cd0,明天（我）想去医院。
i_3722b02f130a,行李很重，所以用送货上门的方式送达。
i_009b40da448f,工作结束后，去喝酒吧。
i_e109b95af2f9,对不起，我明天要早起，今天有点……
i_e928cc3c7930,已经很晚了，我该回家了。
i_e6d71884a6ea,（您）辛苦了，路上小心。
i_a194e0900dbe,马上就要到黄金周了，（你）有什么安排吗？
i_1d0f1cfce92d,（我）想坐船游览长江两岸的风光。
i_fd5ef048cb5e,星期六还工作吗?
i_98333dbce39a,是啊，有客户从香港来，（我要）去机场迎接。
i_aae3e6ee00d5,这个周末大家要去郊游……
i_b5b25af81343,好啊去哪儿啊
i_7b78d65fce62,想去香山
i_8104b0c0d49d,森，你来晚了
i_9e0e4648dbe9,对不起，正要出门的时候，来电话了
i_9685780cecfc,是吗。嗯，得，没辙。（面向小马）小马，人都到齐了准备出发吧。
i_cb737ea8df3f,好的，出发吧。
i_60bfb4c9431e,〈香山〉附近有北京植物园，回来的时候想顺便去一下。
i_65590da04ac8,好啊。我喜欢花，能去看看就好了。
i_136ccc15c16e,这么多人啊
i_e1c8e7ea8043,〈因为〉现在正是郊游季节嘛。
i_0e839e47edfa,这个季节，任何一个景点都是游客爆满。
i_5e83073cf56c,秋天的香山也很美哟。下次想来看红叶。
i_78c7fd9c4b1c,按下这个钮，电源就接通了
i_f8d53ce5e9dd,那台电脑偶尔会死机。
i_b8b07664d774,小马出色地整理了报告。
i_86fc407a1462,小李来吗？
i_165c336544d1,劳驾，市政府怎么走？
i_ec01ae628310,这条路一直向前走，有一家百货店。市政府就在那旁边。
i_5590cfe0a4c6,谢谢。
i_2de88afe197a,（你）每天都正经吃早饭吗？
i_7db4315952c6,是的不过偶尔也有不吃的时候
i_97737c550d22,哎呀，下雨了
i_98fbccdfdc20,真的，早点回家吧。
i_591f92acf2c1,请问，小马在哪里？
i_dedd404fbb43,小马刚出去了。
i_6dff1a8fab03,从这儿拐过去，有一个小公园，孩子们经常在那里打乒乓球。
i_3e0d9c031920,乒乓球？在公园？
i_e3e94a995d4f,是啊。那个公园里有混凝土做的乒乓球台。
i_94edb32a7dd5,用混凝土做的乒乓球台？哎，有意思。
i_cdad88066668,是呀，想打的时候，随时是可以打，偶尔从公园那边经过，总有人在打。
i_6e4662857426,从这里大概走300米左右，有个体育中心。
i_42f6b5f58cf9,体育中心？谁都可以利用吗？
i_601ab0f8690f,是的，谁都可以利用。不过是收费的。
i_ab2d695766b2,你也经常去吗？
i_142136e56b30,（我）有时去游泳池游泳。不过不是会员的话，8点以后就不能进去了，所以我想入会呢。
i_e4e46163a936,入了会还有其他优惠吗？
i_67b525c86c8e,会员的家属也可以享受优惠价。
i_2bc1c4ec96d1,现在几点了？
i_9c1ee473c823,就快1点15分了。
i_184d58b82367,那得〈马上〉回去了，要不下午的会议要开始了。
i_e5d570f0e0ab,这个星期天打算去游乐园
i_8833ca51f5d0,明天和朋友去看电影。
i_c6d59a09c76a,从下个月期工资涨了。
i_b226e82c18e0,听说小马的儿子今年上小学。
i_e2d0a3ad0ced,我打算用这次的奖金买车。
i_5015eb017b10,是吗？不错呀。
i_8608d7b626aa,你坐火车去广州吗？
i_3880ded43d10,不，（我）〈决定〉坐飞机去。
i_e37856b0f5a5,小李，是去出差吗？
i_7e2b3f9d4641,是的，〈我〉从星期一起去香港三天。
i_d8832eb911b7,据报道今年冬天流行流感。
i_fe76a4a480e2,是吗？那（我们也）注意点吧。
i_fe9dbbd1e9a7,小李，五一黄金周你有什么打算？
i_232b645a41b1,我打算带小野到北京各处转转。
i_c3928467e0ec,天气没问题吧。
i_2baa455ec9ae,天气预报说，连休期间一直是晴天。
i_35ecf95b0880,小野说（她）要到去太田家。我也一起去，你呢？
i_30b9a2f0f611,（她）给我发来了邮件，我也准备一起去。
i_120020db4219,小野来邮件说，要在太田家一起包饺子。〈所以〉要我帮忙。
i_4e611ce43356,包饺子？那好呀！
i_a384eeca1110,哎，太田先生是怎样的一个人？
i_fce444ea4ac8,（我）来北京后见过一面，是个很爽快的人。听他说在一家体育用品公司承担宣传广告工作。
i_49ebf3a2380d,那说不定还要一起工作呢。
i_453d332780e1,是啊。因此我也想尽量（跟他）保持联系。
i_f9280a4eb696,电车突然停了。
i_adbb3fd285e5,房间的灯关着。
i_90e10a83b6e6,森先生把奖金都花光了。
i_babfe7572465,这个蛋糕看上去很好吃。
i_7517fa286347,是你开的窗户吗？
i_d88d76354efa,不，是风刮开的。
i_abcec83a9123,剪刀在那儿？
i_b27b7f7db0c4,在抽屉里呢。
i_1f818f06150e,从爷爷那得到的（那块）手表坏了。
i_3f6d0756b073,那太遗憾了。
i_be5eaad708dd,好像要下雨。
i_7bf6c10010e8,那明天的运动会也许会终止的。
i_68374c98c440,我到早了，不知森他们到了没有？(看看长队)要说，这排队的人可真多啊。
i_aa155ad4a7bd,小李！
i_c61e0d77a963,（小李跑了过来）小野，好久不见。
i_e48e60f0b0f4,真是好久不见了，看起来你起色挺好啊。
i_6125b0a72155,嗯。你也挺精神的嘛。
i_9e3b31bd2e85,对不起，小野，我来晚了。
i_1a5b9107bebe,真是江山易改，本性难移啊。森，不过你看上去挺精神的，这比什么都强。
i_7aa6e2e078f6,小野，你的旅行箱好像很重啊。
i_f571004b5d93,是吗？装了一些衣服和小东西。里面大半都是空的。我这是第一次来北京，所以想买很多礼品带回去。
i_836d6d7419c0,咦，后备箱没开。
i_efa59b262572,让司机开一下吧。
i_de6ab02f6c60,墙上挂着挂历。
i_0cf58e4ac25b,客人来之前把房间打扫好。
i_2011c81341e6,太田先生试着用汉语写了（一封）信。
i_995f9b0c0a3a,我正在为去日本留学攒钱。
i_21c0d1eff3e2,森先生，（你）把车停在哪里了？
i_70e29bfbea43,停在公园前面了。
i_fe2e76dd2f8f,森先生，会议的资料怎么办？
i_3510c8d0160f,〈请〉复印好10份。
i_af41a09828b9,我做了咖喱饭，〈请〉你尝尝。
i_7a6378b51cfe,哇，看上去好香呀。〈我吃了。〉
i_1fab3d634e96,太田先生，〈您〉戒烟了吗？
i_e246b01ed8f1,是的，为了健康，〈我〉戒掉了。
i_40bffb292070,为了欢迎你，我们预定了一家有特色的餐馆。
i_35c055169749,真的！？太谢谢了。
i_5eeb5c6ef097,是（一家）北京烤鸭很不错的餐馆。
i_30a82a9e9557,哇。烤得真好啊。
i_a042ad9eec7c,是啊，这颜色看上去就挺好吃的。
i_8c530ab0fae2,（尝了一口）真好吃。我以前从来没吃过这么好吃的〈东西〉。
i_001a7114e2b2,还得说本帮菜最地道，你说呢？
i_012350aa461c,是啊。真地道。这次我自己卷一个试试。
i_ac7150ce31b3,还点了很多其他菜呢。
i_078909a4d198,小野，你今天可得吃好了，明天开始日程很紧张，要到处去转。
i_21225e23f9d9,剩了这么多，太可惜了。
i_f66c06fde76c,是啊。那么，（我们）打包带走吧。
i_5b107d479257,小野，今天还预定了卡拉OK，怎么样？
i_af8271bad03c,我当然想去。
i_2e21f3148796,明天要是下雨，马拉松大会就不搞了。
i_279df3849280,回到日本也请继续学习汉语。
i_7b9cd5138328,今年的暑假只有三天。
i_d8b133232091,会议室只有小李一个人。
i_45bccc8baec1,大学毕业后你有什么打算？
i_bc0e1b1357be,（我）想去外国工作。
i_1dbc8dadccef,小马（有点儿）没精神，发生什么事儿了吗？
i_cfff0d73f3e1,无论（我）怎们问，（他）什么都不说。
i_4d08caaecf0e,小李，资料还没准备好吗？
i_c27b7a7e913e,对不起，再等一会儿就好了。
i_cdd4646ea06c,这个游戏车大人也能座吗？
i_2af8fb2bb2b1,不行，只能孩子坐。
i_dc1563e50c4c,对不起，要是有酒的话，给放一点儿好吗？
i_b5121451de70,一勺就够了吗？
i_245843a75692,不够，放三勺吧。
i_912894c1c3cd,小李做饺子的手艺真不错。
i_1477ec98629c,是呀。在北京家家户户都自己包饺子吃。就是小孩也你能包的很好。
i_27e6268f2150,我照着书做也老是做不好，怎么做才能好吃呢？
i_35576fc5ee19,多做几次慢慢就会做了。
i_f7fdd88bf6de,要是有时间的话，我们再一起做吧。
i_f15486060ec2,要是准备好了，咱们就干杯。
i_5c460480ed5b,祝大家健康，干杯！
i_f313c17fe742,森，你也真能吃，我再努力也就能吃20个左右。
i_b019da63126a,要是小野做的饺子，我吃30个也没问题。
i_18400bc819b4,我迟到了，真抱歉。
i_0538f2154a02,这张照片申请护照用。
i_4bdf6dc59ce7,小张（整天）光喝酒。
i_5dcdbce7df2b,可以看到机场的入口处站着警官。
i_795d678f5c9d,老陈，明天的联欢会（你）去吗？
i_3726632ebd1e,不行。明天（我）有工作，去不了。
i_c435524bb096,哇，这么小的照相机呀！
i_f76fc6cf1835,是呀。这照相机很轻，携带非常方便啊。
i_30304e5ae9ad,（你）为什么光吃蔬菜呀？
i_ff68e98fad02,（我）正在减肥。
i_afa0a21f4554,你听到小李叫（你）了吗？
i_d9f876ea03fd,（没，）我没听到。
i_c048f65fe85b,你们听到一种奇怪的声音了吗？
i_92756da90cf4,(手指天空)（那是）风筝的声音。你们瞧，那儿在放风筝，看见了吧？
i_10d84b098ace,啊。真的。刚才我听到的是风筝的声音啊。
i_7ff725f1d5db,太田夫人，你习惯北京的生活不容易吧？
i_591a682247ea,是呀。特别是开始的时候语言不通，非常困难。
i_e019968e2254,现在怎么样，已经很流利了吧。
i_a9cc763ff512,哪里，不过日常会话是没问题了。
i_951efb923c82,买东西呢？
i_cc46edc73a0e,自己去市场买。市场上除了吃的东西以外，还买其他的，（购物）非常方便。
i_f611e382e1ae,是呀。市场上是不是称斤卖的店比较多？
i_7170ab1399bb,是呀。（那时）买食品时净说那些自己会的说法。鸡蛋也是1斤，苹果也是1斤……
i_c953ff70b34b,欸，来这里后您和您先生一起去哪儿旅行过吗？
i_b198efff7fa8,没有，他光是工作、工作，我们哪儿也没去。
i_0f4070fea5b7,如果获胜，就能够参加奥运会。
i_e5516887ac0c,如果去天安门，坐地铁很方便。
i_7d3e44efa57a,去看电影怎么样？
i_90be09cba015,联欢会上，碰到了小戴、杨先生等许多人。
i_a0dbf3753fe7,我不知道老陈的手机号码……
i_34cc214cfe85,问小李就知道了。
i_5a9bb6baaf1a,小李去游泳怎么样？
i_21b270cc074a,今天有点事儿。明天到时有空。
i_87ee04877f33,最近有点胖了。
i_5fdbc123d11f,那就运动运动怎么样？
i_8d0a13fd94b2,叶子女士，（最近）大甩卖，昨天你去了吗？
i_9541c5d26ec8,嗯。买了外套、鞋等好多东西。
i_1fda239f14a9,到“八达岭”需要多长时间？
i_7a958a2a4fe8,走高速公路的话，大约1个小时。如果乘火车的话，需要两个多小时吧。
i_cb1f2547641a,还能乘火车去呀？
i_96ef1ef4c171,是的。如果乘火车的话，北京北站很方便。有直达列车。
i_cb0e88ee1edb,“八达岭”是万里长城的旅游景点之一。离北京很近，是有名的（一处）景点。
i_509da1e7ac46,（我）以前在电视啦摄影集中看过，但实地这么一看，规模确实宏大，不愧是“世界遗产”。
i_e42865a0c246,为什么叫万里长城呢？
i_da46c5e4a802,长城全长5000公里以上。在中国，“1里”等于0.5公里。因此，如果换算成中国的计量单位，就超过1万里了。
i_196388a3121b,我想买点礼品……
i_5f7e6fd57eb2,买礼品的话，T恤衫啦纪念章啦，各式各样的都有。
i_a44fe4e8f704,是吗。那就买纪念章什么的吧。
i_0598e4f42615,慢慢找的话，还会有一些其他好东西。
i_15e6e22eb11e,小戴会说英语
i_7c2f645daed7,为了让人看得清楚，（把字）写的大大的。
i_5626b942629c,伤已经痊愈，能够走路了。
i_3a53abea0c4a,老陈坚持每天看英语报纸。
i_37255eb91e93,小戴能吃寿司吗？
i_25bd1a336f11,没问题。我什么都能吃。
i_507569d5e8eb,小李，两点左右离开公司哟。
i_9a9110e10453,好的。（我）已经准备好了，随时都可以出发。
i_a3611e7d0c45,小野女士，（你）会自己穿和服吗？
i_e7b672157411,是的，（我）跟母亲学得能（自己）穿了。
i_5432940f9db3,为了保持身体健康，（你平时）做点什么吗？
i_f796588d1244,是的，（我）每天早晨坚持散步1小时。
i_7907275a7bb9,这种小巷就是“胡同”吧？
i_3322b316b4f7,是的，这一带是北京传统的街道。〈有人〉实际住着，〈所以〉请别照相。
i_77204db50888,知道了。可是，这条道能走得出去吗？
i_429025a3d375,能。虽然曲里拐弯，但是能走得出去。
i_54f92bb75e44,胡同让我感受到古老的北京，真是太好了！
i_80d0c1322823,是啊。所以有空或者有外国朋友来的时候，（我）总要到胡同来走一走。
i_d318f719e816,小野，能吃油条吗？
i_527b2d7d0f01,能。非常喜欢！
i_f6897637a263,挺烫的，注意别烫着了。
i_423a6196a287,近来盖公寓、盖楼房，胡同拆了不少。
i_378bd7ad448e,总觉得很可惜啊！
i_2a590d46c180,是啊。现在能看到胡同的地方已经很少了！
i_5cc933a47e11,戴着眼镜看书。
i_7664695b5449,因为〈道路〉施工，道路非常拥挤。
i_e40cc8f1f887,小李急急忙忙地回去了。
i_b6aed3fd6ec3,去年，在日本看了歌舞伎。
i_7d9746738857,森先生带伞了吗？
i_15af99ae6d98,没有。没带〈就出去了〉。
i_f36625347ced,小李，〈你〉可来晚了。
i_b6a85a7d124e,对不起，〈因为〉出了事故，电车晚点了。
i_700e47e8d431,上来这么多人啊！
i_597303ef534a,是啊。〈因为〉正好是上〈下〉班高峰。
i_4fb2fb68bec0,我去寄封信〈就回来〉。
i_92d39ead7d1b,那么，帮（我）把这个也寄了吧。
i_55bcf4c2ce86,这座城门以前因为火灾烧毁过两次。
i_13659c353bfa,是吗？这可真是座雄伟的建筑啊！能进的去吗？
i_179c63789a35,能，进得去。（我）去买票吧。
i_e2ea23de75c3,不能带包进去，存在这儿吧。
i_8f9af702a85e,从天安门城楼上可以看到各式各样的建筑吗？
i_2bd2bc04734a,是的。不过，今天早上有雾，我想可能看不远。
i_8bb34d285c76,这里又叫“紫禁城”，还曾拍过电影呢。
i_375024c63e4c,是的是的。我就是看电影以后，才想一定来（这儿看看）的。好容易来到北京，不看看这儿是不能回去的。
i_aaba8612fb15,屋顶是黄色的，真漂亮啊！
i_4651410a5b65,是的。那叫“琉璃瓦”。与蓝天很和谐吧。
i_e1a929dc4126,小李，以那座建筑为背景，一起照张相好吗？
i_4e9e09b7cd6f,好的。
i_a33afb4cf276,（我）正要和朋友一起去吃饭。
i_5cdd2b4a6ac0,森先生正在整理会议资料。
i_2facd1ce2626,小马现在刚刚到达机场。
i_ecdbd9a2486b,这条单轨铁路是去年刚开通的。
i_6e3ad78ecac2,喂！森先生，（您）现在在哪里？
i_0d49f2a5e60a,（我）正要出门。
i_66d16ed30be4,森先生飞向上海的最晚航班是几点，（您）搞清楚了吗？
i_0789ad05941a,现在正在查。稍等一会儿。
i_8b39380084a8,（你）知道下个月清水先生要结婚吗？
i_d2479e899597,知道。刚刚听说的。
i_db17239ebc4f,小李，这本书看好了吗？
i_a7f6fa7505ec,没有。昨天才开始看。
i_b568ea841034,对不起，（让你们）久等了。
i_75becd2e2a80,没关系。我们也刚到一会儿。
i_fb81659ccc0d,是吗。那就好。（买）票（了吗）？
i_5975c6a33ced,这就去买。
i_dddb2191dd92,那，我去买吧。（你们）在这儿等着。
i_0fe9e99ac027,这个剧场看上去挺新的。
i_998373d7f7f8,嗯，是去年刚改建的。在这以前一直是修修补补地用着清代的建筑。
i_20b12961d458,小野，（感觉）怎么样？
i_512e11a70cf3,很精彩。刚看完耳边还留着音乐的余韵呢。
i_255d2c8083d5,咦！小野呢？
i_d285d776e741,（指舞台）小野嘛，在那儿。〈现在〉正在舞台上和演员一起照相呢。
i_920b050fd7eb,小李受到部长的表扬。
i_d4bf25ab06ac,小马让森先生把照相机给弄坏了。
i_befbe3ff6546,老陈养的小鸟飞走了。
i_a58eb9741ed0,2010年将在上海举办世博会。
i_a2133cb4b13e,太田〈先生〉怎么了。没精打采的。
i_b1612f11d563,嗯。挨部长训了。
i_ab1c3cd71958,小李，（你）怎么了？
i_76c5509275fd,昨天被狗把手咬了。
i_bf7e873c0a74,周末去野营了。
i_fb7900f2dee4,是吗？很愉快吧？
i_15f415f53b02,两天都下雨，糟透了。
i_8f814154ae44,这（款）车的设计非常好。
i_bc6c461c5d3a,是的。是由日本著名设计师设计的。
i_abdfcbb89177,啊，森，辛苦了，（你回来的）这么晚呀。
i_000464f0e7e7,哎呀，真倒霉！我坐出租车回来的。（路上）给堵住了。北京的交通真够呛啊！
i_93060bfb9392,是啊。我也每天在公共汽车上被人踩脚呀。
i_4a7758fa75c7,森，被（分公司）经理叫去说了些什么？
i_c8ef688649cc,噢，我挨说了，他说我CS公司委托的调查报告（完成的）太慢了。
i_118b30051710,“CS公司”调查报告        森  健太郎
i_de6d91047eba,去年上市的饮用水有5种，其中最畅销的是中国A公司开发的“爽快”。
i_7b357a1e7573,定价最低，受到从小孩到老人的广泛欢迎。
i_b99149ca2251,前年，A公司与日本B公司在北京成立了合资公司，“爽快”是从去年起批量生产的。
i_4fa441db9425,由于从生产到上市全部采用计算机管理，大幅度降低了成本，实现了〈物美〉价廉。……
i_9c7fe6769a4e,饮用水市场今后还有增长的趋势，对新产品的要求是商品名称要有吸引力、（包装）设计简洁大方。……
i_a6221fe600bb,开着电视就出门了。
i_9e9fa6f528f1,尽管上了闹钟，今天早上还是没起来。
i_16cd1e193896,会议5点钟结束，应该快完了。
i_26084acdbd0b,小张在住院，不可能去旅行。
i_bf1f2fecbef0,昨天，（我）开着窗户就睡了，所以着凉了。
i_5919aed681fe,那可不行呀。请多保重（身体）。
i_b5e4b01d24da,对不起，这台电脑开了却不启动……
i_3184938e8d4a,噢，那台电脑坏了。
i_aff67a120ad5,森先生在哪里？
i_e5572c48c9ee,大约1小时前离开公司的，应该到家了吧。
i_d851f6dcb376,太田先生真够晚的。（怎么还没来啊）。
i_e4bc4f86fa11,是啊。不过，太田先生是负责人，不应该迟到的呀……（按说不会迟到呀……）
i_1a88caeddffa,刚才太田先生来电话，说策划方案还没有收到。
i_88b1821b078b,（这就）奇怪了。森应该是前天就寄出去了呀。
i_0cfd5d22e4fa,什么？真奇怪！那不可能啊！
i_240f6dfd4c3f,是啊。前天寄出去的嘛。
i_979c07497975,不，是我亲自送去的。因为（当时）有事去西长安街（方向）。
i_3e9078f6403e,那么，是直接交给太田先生的吗？
i_9c6eda43fafc,不是，因为太田先生外出，（我就）交给他们公司的其他人了。
i_26b07a8c21fd,对不起，策划方案收到了。一个同事保管着（忘了给我）。
i_3de6caff70df,是这样呀！那就好。
i_b7b355b8260d,您特意来一趟，（我）却不在，实在抱歉。
i_9afc53d84975,哪里，是我不好。（我）事先没有联系好就前去拜访了。
i_550703f95b03,（我们）马上就组织讨论策划方案。下周应该可以给您回话。
i_ce43b763afe5,（那就）拜托了。
i_ab6acdb917a1,老陈让儿子去美国留学。
i_4244a1479b91,部长让太田先生写报告。
i_88c839a4747b,（我）累了。让（我）稍稍休息一会儿。
i_b82ce4917781,这个圆珠笔很好用。
i_f155a9192c08,我刚才让孩子去买东西了。
i_4d44c772f752,是（让孩子）帮忙吗？我也经常让孩子帮着做家务。
i_5e9b1b1dd667,很远的，我让部下送你到车站吧。
i_ff797c3eaa0b,没关系。谢谢。
i_2c630816f2a3,部长，我不太舒服，请让我早点回去吧。
i_87d3e6f20593,好，可以。多保重！
i_c694a90a1fa2,这个车站怎么换车很难搞清楚啊。
i_d325b65377ab,是啊。（因为）车站太大了。
i_97eeaf7b0615,CS公司的策划方案说明会，（您）打算派谁去？
i_40a8738dec6c,打算让森和小李去。
i_1488784e8c8a,……质量（的重要性）不言而喻，产品名称和设计也非常重要。首先是名称，我们觉得容易理解有简洁、单纯的名称比较好。〈而且〉，能让更多的人有亲切感的名称最理想。英语字母比较晦涩，还是避开比较好。
i_89d03dac2e15,下面请让我具体的谈一谈名称。比如“动力”怎么样?大家不觉得（这个词儿）有一种力量感吗?当然用Energy或者Power等英语也可以，但对不懂英语的人来说，很难联想到这是什么产品。……
i_c5bbcc6172ff,接着我们来看产品设计，还是需要有冲击力的设计。因此这次设计我们以使用红色和黄色为基调的新颖图案，已经在让设计师试作几种作品。……
i_e2e2c4ff2357,关于定价，（我们觉得定得）稍微高一些比较好。（这样）商品形象要好得多，消费者就会放心购买。
i_5ff412b9a246,门厅那儿好像有人。
i_2e82ca8cbc4b,小野女士好像喜欢森先生。
i_13fd35efa582,下次的全社旅行好像是去韩国。
i_76e7e1019742,午饭吃多了。
i_6483bf745247,听说叶子女士通过了留学考试。
i_e30cf7a45da4,那太好了。
i_a65282c5e239,〈每天〉真热啊。这种天气要持续到什么时候啊。
i_05f6a69a0535,根据天气预报，好像要持续一段时间呢。
i_f89e8c6a4b67,新的游乐园好像很受欢迎啊。
i_78ba20238ace,是的。好像小马他们下个星期也要去。
i_5936a37dac3c,昨天晚上去的那家庭院式的啤酒店真不错呀。
i_8440ed594b30,是啊。不过（我）有点喝多了。
i_6ad621ffddff,森，“动力”好像很畅销啊。
i_56aaf0b1b755,是啊，托大家的福。首先在北京和上海上市，评价好像很不错。
i_9174ad780c4b,哪方面得到了（消费者）的认可？
i_8c24e7a0c7c2,首先是好喝，容器的图案设计似乎也很受欢迎。
i_06c3004e5d0b,设计很别致，似乎很有人气。
i_2a6b60a445b1,是的。另外，名称也好像得到认可了。
i_e34c75dc5e4f,太好了。
i_c971da4b0115,是啊。我们切实感受到名称和设计的重要性了。
i_02e494c2c821,因为反映还不错，所以今后好像准备在全国上市。
i_6ae0bf8767bd,销量究竟会怎么样，但愿成功。
i_8d759a4dd472,也许畅销得大家会笑得合不拢嘴呢。
i_94809150d773,真能那样敢情好了。
i_3fa6a301680d,CS公司，好像已经开始开发下一个产品了。
i_0231ec671563,真有干劲儿啊。
i_af95a37ba401,甜度适中，确实很好喝啊。
i_aa16fb8b43c0,另外，看来对身体也有好处。
i_c8e43c643536,孩子减少现象日益加剧，日本人口将会越来越少。
i_556b1e683241,一直在看书，眼睛累了。
i_c63a349ebb18,又好吃，又简便，我经常吃冷冻食品。
i_bf7a4d8236fa,这本书阅读越有意思。
i_36f5149ce8d2,最近，去中国旅游的日本人多起来了。
i_ed18e40c3e01,〈因为〉住宿、交通等都方便了。
i_9efcafd42075,妈妈，下起雨来了。
i_5048f52d40aa,哎呀，糟了。阿诚，快把衣服收进来。
i_5889ab2db22d,（今天）休息，天气也不错，去哪儿玩儿玩儿吧？
i_0079d5357236,好啊。我想去郊游。
i_05c9e9a009cd,商品越便宜越好卖吧？
i_57c83c64b03e,不。质量不好的话，便宜也卖不动。
i_fbb9441973f9,森，你瞧，看见了吧。〈指着前方〉那儿就是上海市中心。
i_9a227d795315,打着灯光呢。嗯，越看越漂亮。
i_6271e636cc65,我以前在这里住过，这儿生活起来很方便。
i_5e4915e2c4f7,老陈，（你）以前在上海住过？
i_c5e373029b74,是的。这儿真是个好地方。越住越能体会到上海的好处。
i_d5ecc9da7e0e,又繁华，高层建筑又多，总觉得有点儿像东京啊。
i_9d68cda14f59,上海现代化搞得非常快，市容发生了很大变化。
i_80bbe80a691b,说起来，几年前上海开通了磁悬浮列车，是不是？
i_6e1610a9b051,是的。从机场到市内的交通方便了，（来上海的）人也增多了，今后还会发生更大的变化的。
i_958040faaf30,哎呀，下起雨来了。
i_a656b59ce2f2,好像要下大了。我们避会儿雨吧。
i_0f64e39e969e,好的。〈那么，〉我们进这家咖啡馆吧。人少，店又干净。
i_c62ea648237a,嗯……。哎，（我）肚子（有点儿）饿了。
i_a40ee0441d1f,是吗？那么，（我们先）吃点什么〈再走〉吧。
i_542131f162c0,这个软乎乎的，好像真皮一样。
i_c05cf8e38ea5,这件和服的花纹呈典型的日本式。
i_56c3875771f7,明天9点之前必须完成这份文件。
i_557c0277fd5f,我留学期间，我家那一带发生了很大的变化。
i_1244d9c30fb2,这菜有股柠檬的味道。
i_c52031b95190,嗯。真的。好像水果一样。
i_53d702a6f769,我的孩子说，将来想成为（一名）宇航员。
i_8a9fbd126e84,真是名符其实的孩子的理想啊。
i_ebc8ad3b2bd5,这份文件，什么时候发出？
i_6f7c532cbe5b,是啊。这个月底以前能收到就可以了。
i_dc1a1140f8d8,听说你想买摩托车。（很）贵吧？
i_f308fe47d433,嗯，（所以我）打算在学校放假的时候打工。
i_34970202300d,老陈，今天必须找到事务所的候选地，是吧。
i_7b9cd43f2ce6,是啊。（我）想下个月之前完成所有的准备工作。
i_9799af9bdedd,这儿不错呀。
i_d617cdc5a0fc,嗯……但是，总觉得象教室一样。
i_5ff1dd92ef9e,又宽敞又明亮，交通又方便。我觉得便于工作。
i_40a5609c1b7f,刚才那家不是更大吗？
i_1a34632c3e89,但是太吵了。（我们）在看房间里面的时候，外面一直是过车的噪音。
i_03d7a7ddfa3e,那到也是。（想了一会儿）那么，就定这里吧。
i_4fceb6b5817e,这一带叫“外滩”，古老的建筑很多。
i_87ed5f456fbe,这儿就是“外滩”啊。真像是在看欧洲的街道。我想在中国期间（一定）要到这儿来一趟。
i_cc4011905c80,离出发还有一点儿时间。我们顺道儿去哪儿看一看？
i_625c78dfb0be,那么，去南京路吧。（那儿）是上海最具代表性的地方。
i_06d0d22862fb,周老师明天去日本。
i_2e6f3423f2fd,客人已经回去了。
i_35a0533289ed,请坐。
i_c3a2e2c36c77,老师，您吃点儿什么？
i_ec4940b6e973,买礼品了吗？
i_dbbe59abdff1,是的，买了。
i_72f3f1eeff22,（您）已经看了那份资料了吗？
i_0a6986632fcb,没有，还没看。太忙了没时间看。
i_b4b968e50b8d,请问，卖鞋的柜台在几层？
i_de9a5e7e5a18,在4层。请（您）利用电梯。
i_5a7a7002c1e6,小野女士，木村部长说（他）几点回来？
i_311a34eb9115,是木村部长吗？刚才已经回来了呀。
i_2e30d048b88a,您吃过饭了吗？
i_af811c2557bf,嗯，在飞机上吃了。
i_e8db2aa07b98,那么，（您）是先到宾馆办理入住手续呢？还是先去看事务所呢？
i_70ca34043089,嗯，直接去事务所吧，（我）想早点儿看看（事务所）。
i_66eb13dce7cf,请从这个门进。
i_e212aaef688a,挺宽敞的，采光也不错。(注意到那幅画)那幅画是……
i_6a97fea64650,啊，那是日中商务〈公司〉的总经理送给咱们的。
i_1f3b1621faa0,啊，是吗？是张好画儿啊。
i_89ad3e6d81eb,是。总经理，您曾提到的人选的事儿，我想让小李到上海事务所来。
i_e13a4fafacca,总经理夸（咱们的找的）事务所不错。
i_4e571930812d,是吗？那就好。（总经理）满意就好。
i_e9789bdf06e7,另外，总经理还到这边儿来吗？
i_c5748ee2abad,不，不去那边儿了，坐明天早上的航班回东京。
i_ee93a4d6c0f9,您的行李我来拿。
i_bb31c5babf82,明天我去您那儿拜访。
i_22b770c91996,复印（的事）我来做。
i_5d85b38f00cf,我请黄教授（给我）看了论文。
i_718efe227c3e,昨天，（我给您）发了邮件。
i_5e16c432164a,是的。已经拜读了。刚刚（给您）发了回信。
i_0880c9b61703,（您）从哪儿来的？
i_c6869163ddde,（我）从北京来。
i_0df48be928d6,我该告辞了。真是打搅了。
i_00cdaddda551,（请原谅我）招待不周。
i_4aaf289ebf01,这件衣服小了点儿，能（给我）换一下吗？
i_303ef47955ba,知道了。请稍等。
i_75be01d1f7fc,早上好。我是山田。从今天起承蒙关照了。〈我〉刚刚大学毕业，什么都不懂，但〈我〉会努力工作的，请多多指教。
i_4b0cebfd4b98,〈我们〉希望你好好干。多多关照。
i_35bf4c0be0c1,请多关照。咱们一块好好儿干吧。
i_054db6e70887,喂，你好。（这里）是JC策划公司上海事务所。
i_64033d459a3a,我是日中商务（公司）的佐藤。贵公司寄来的开业通知已经拜读了。
i_1fc26105adfd,承蒙多方关照。这次（又）突然给您寄了通知，（冒昧之处，）请多原谅。
i_54678a0bce70,哪里哪里。其实，我们正在计划开发新的产品，因此，很想了解（贵公司的）详细情况。
i_ce84e50d347f,谢谢。我这就把资料给您送过去。
i_974154b482f2,是吗？那么，您能到我们公司来一趟吗？要是明天下午的话，我下午一直在〈公司〉。
i_4e0892798ac3,好的。我叫李秀丽。那么明天下午我去拜访〈您〉。
i_5a0154ab3433,嗯，打扰一下。
i_b61aadc0c60d,嗯？
i_16d650cc0d42,这个掉了哦。
i_16515944c741,啊！不好意思，谢谢您。
i_1d3d46183b51,嗯，冒昧问一下，您不是刚才的那位吗？
i_eb1ebcb33649,哦，刚才真是谢谢您，帮了大忙。
i_0d70b63ef58a,不客气。
i_4b416c068499,您是中国人吗？日语说得很好啊。
i_73d2200b5d04,不，还差得远呢。越学习越觉得难。您是来上海出差的吗？
i_11b8d0441952,是的，我被调到这里工作。机场完全变样了，真惊讶。
i_1687643fa0b9,城市也变了很多。变化太快，我们都跟不上了。
i_0c2ee28e5664,是吧。
i_3631632457c0,看，那边的高楼大厦看到了吧？那片是上海的新中心。
i_9b5650522a36,哇，简直像纽约一样。
i_d8fe5eaad1c0,那我先走了。
i_48392719f6d1,谢谢您，再见。
i_efe3d613bdbd,日本有JR、私营铁路和公营铁路三种铁路公司。JR是Japan Railways的缩写。以前是国营铁路，1987年私有化。世界闻名的新干线是JR的线路之一，连接日本的主要城市。最高时速超300公里。最早完成的是东海道新干线，还有山阳、东北、九州新干线等，线路不断延长。
i_55538a6c20d5,私营铁路是JR以外的民间企业经营的铁路公司，大城市有很多大型私营铁路。公营铁路由地方自治体等经营。
i_a92216c35d07,中国的铁路几乎全是国营。连接主要城市的线路，当然还有世界首次实用化的磁浮列车也是国营。
i_a8cb40b29991,顺便一提，JR和私营铁路的各线路使用特殊的词语表示运行方向，即「上行」「下行」。尤其在本州，从地方到东京方向的线路叫「上行」，从东京到地方的叫「下行」。
i_0bf940dcd137,因此，有这样一个谜语：「日本最高的车站是哪里？」答案是东京站。因为东京站是「上行」的终点站。
i_db5d6e198111,对不起，让您久等了。
i_6ddb030a9737,好久不见。
i_3a417ad03ed9,真是好久不见。和佐藤一起工作，已经有四年没见了吧。
i_1df576b28319,是啊，时间过得真快。那次真是麻烦您了。
i_c3395055cdc8,哪里，是我这边才要感谢。
i_6cd616d0e5cf,这次也请多多关照。
i_333d90c07765,打扰一下，JC企划的李小姐来了。
i_319530b17718,哦，是吗？那请这边来。
i_4284f7190cdb,你好。
i_14101cfdcfd9,你好，李小姐。我来介绍一下，这位是下次‘金星’项目的负责人，佐藤。
i_77d0208b3eca,初次见面……咦，是昨天的……！
i_f4351826a841,日本人之间打招呼时，通常会鞠躬。在中国，打招呼时握手很常见，但日本人一般更倾向于鞠躬。鞠躬时，腰部以上向前倾斜。鞠躬的角度有多种，从仅低头到深深低头不等。通常初次见面时，会深深低头，行一个礼貌的鞠躬。
i_dc6ec17fed7d,在工作场合初次见面时，会交换名片。递名片和接名片的方式也有规定。如果对方是长辈或上级，首先自己先递上名片并深深鞠躬，然后一边鞠躬一边接过对方的名片。递名片和接名片时，用双手更显得礼貌。
i_4b5c0c1ee540,此外，谈话内容也需注意。初次见面时，通常不询问个人问题。特别是在工作场合遇到的对方，最好避免个人问题。像是否结婚、工资多少、年龄多大等问题，通常不会问。
i_348c13fdc186,重要的是不要让对方感到不快。即使用礼貌的语言打招呼，如果表情严肃，也无法给对方留下好印象。是否真心诚意，往往比预想的更容易传递给对方。
i_cb24793fb465,我是JC企画上海分公司的李秀丽。这次“金星”项目由包括我在内的四名工作人员负责。
i_689b638747c9,初次见面，我是野田理惠。来到上海分公司已经是第二年了，主要负责销售工作。请多关照。
i_bfb6e1ef4f42,初次见面，我叫王风。“王”是国王的王，“风”是风字。我负责广告和网页设计。请多关照。
i_f1e3d1614a60,另外还有一位叫中井的男性员工会加入。
i_820ae0204396,请多关照。李小姐日语很好，王先生也很棒呢。
i_9102a9ff3b7b,谢谢。我出生在浙江省的绍兴，大学时期曾在日本留学。因此对这次的项目非常感兴趣。
i_b0931ec2b663,绍兴吗？我十年前去过一次。
i_8cfb44a6846f,是吗？
i_70302fa3aeea,是的。那是我第一次出国旅行，但在绍兴喝到的绍兴酒的味道至今仍记得。
i_7e5a37e578ab,中文的“名字”多指姓和名两者，但日语中“名字”是指家族的姓氏。
i_062148a123d7,所有日本人都有姓氏是在明治时代之后。当时政府规定所有国民必须有姓氏。在那之前，只有武士和贵族才有姓氏。因此，突然被要求取姓，人们不知道该取什么姓，很是慌乱。
i_3a40cab92a8d,然而，不可能不给姓氏。因此，许多人根据地名或地形取姓。日本姓氏中有很多与自然相关的汉字，如“木”“林”“山”“川”，就是这个原因。比如，家在山谷中就叫“中谷”，附近有大杉树就叫“大杉”。另外，日本最常见的“佐藤”和“铃木”，据说是由古代武士的姓氏或地名演变而来。
i_673bf7bf6bee,日本人的姓氏种类接近三十万种，这在世界上排名第二。第一是多民族国家美国，数量超过一百六十万种。相反，最少的是韩国，只有大约三百种。而世界上人数最多的姓是“李”，大约有一亿人。
i_98726a794d05,喂，山田先生，我们公司的青木主任说想和您谈一下。
i_3510934345b6,是找我吗？
i_e8a3847f3d34,是的，青木主任说下午任何时间都可以。山田先生您方便吗？
i_f5efabe3a96e,这样啊…一点半怎么样？
i_bcc38a266be9,非常感谢，我会这样转告他。
i_9305b1410bbd,抱歉在您忙碌的时候打扰。实际上，上海分公司正在推进的金星项目比预想的要困难。
i_1a0f97ca60d5,是这样啊。
i_7426bea7e24a,因此，东京总公司也决定要确定金星项目的负责人。虽然很突然，山田先生，能请您负责这项工作吗？
i_48d81957e292,我担任金星项目的负责人？
i_b06cd4f51ce0,是的，上海分公司的小李迫切期望。
i_538016d6cf7e,是小李推荐我的吗？
i_f4f7ef8c0037,是的。说是因为山田先生曾在上海分公司工作过，而且对中国的情况很熟悉。
i_fdbe05a08113,我明白了。如果是与中国相关的工作，我很想尝试一下。
i_cd112d8620c3,曾经，说到日本的上班族，都是早上很早出门，深夜才回家，加班和休息日出勤是理所当然的。近年来，随着每周双休制的引入和减少工作时间的措施等的实施，上班族的生活发生了变化。
i_f6b29ea9926a,每周双休制从1980年代开始在企业中引入。1992年国家公务员、2002年中小学都引入了这一制度。根据2005年的调查，日本89%的企业实施了每周双休制。
i_1c732a93bfa5,此外，引入弹性工作制的公司也在增加。这是一种可以自由决定自己上下班时间的制度。为了让劳动者能够在平衡自己生活和工作的情况下工作而设立的。
i_384c8dacf323,另外，日本公司有育儿假的制度，但迄今为止使用这一制度的大多是女性。因为很多男性担心在公司得不到理解，或者会影响晋升。近年来，开始出现一些男性因为想要珍惜与家人相处的时间而使用这一制度。
i_93f866ec1406,这样，日本上班族的工作方式与过去相比发生了很大变化。也有人放弃了在城市里被时间追赶的生活，搬到了乡下。
i_5d6f09f5fd89,“金星”在日本上市是在10年前。起初销路不好，我们吃了很多苦，3年前因在评选会上获得最高奖，才打开了销路。
i_1a1da92967b3,最近来自海外的订单也在增加。
i_cb3bc37af61a,对了，“金星”这个名字中国人会喜欢吗？我听说日本和中国有些汉字意思不一样。
i_22377da2207c,这个词在中文里意思一样，没问题。
i_ebc0520365fe,不过，如果读成“きんぼし”，意思就不一样了，对吧？
i_d8db5633b8b5,“きんぼし”和“きんせい”意思不同吗？
i_8aad2b3bdaa4,是的，“金星”是星星的名字，而“金星”表示“出色的表现”。这个词来自相扑，当低位力士击败横纲时就说“爆出金星”。
i_e4f67a7dc308,原来如此，是来自相扑的词啊。我们也希望这款酒能“爆出金星”。
i_fbc5e41e5136,换个话题，“金星”的瓶形真漂亮，就像葡萄酒瓶一样。
i_899dfeaf57f6,谢谢。特别是这个设计在年轻人中很受欢迎。
i_e6fee30a2445,这样的瓶子，在中国肯定也一定能畅销。
i_f89b021b2cc9,听您这么说我就放心了。
i_804e9d1d6bf8,从词汇来源的角度对日语单词进行分类，可分为“和语”“汉语”“外来语”“混合语”四类。和语是日语固有的词汇，汉语是从汉语引入的词汇，汉语用“音读”发音，所谓音读是依据古汉语发音的读法。外来语主要是19世纪以后从以西方为中心的外国引入的词汇，通常用片假名书写。此外，将和语、汉语、外来语中的两个以上组合而成的词汇称为混合语，例如“橡皮擦”“马拉松大会”“新年假期”等词。
i_17126fc139cf,即使是同一个汉字书写的词汇，也会因为属于汉语还是和语而意义不同。例如“生物”一词，作为汉语读作“せいぶつ”时，是动物和植物的总称；作为和语读作“なまもの”时，则指未经烹煮的食物。因此，把“生物を食べる”读成“せいぶつをたべる”，意思就会变得难以理解。
i_76e9c40e7cf8,再加上外来语，与汉语、和语之间又会出现更多意义上的差异。例如，说到住宿设施时，提到“旅馆”，大多数人会联想到在榻榻米上铺被子睡觉的房间；而提到“酒店”，则多会联想到睡床的房间。
i_731f31c9f186,龙虎酒造的佐藤先生竟然是我大学的前辈。
i_a342d2a5d7c5,啊？前辈？那位佐藤先生？
i_2002909f073a,是啊，比我高两届的篮球队前辈，四年级的时候是队长。
i_c96a90c32fc8,嗯，那他当时一定很受欢迎吧。
i_39c0a38226a5,那当然，人又认真，大家都很信任他。
i_33b43c49ce6b,啊，小王，现在才吃午饭？今天好晚啊。
i_195048df43d1,会议拖长了。你们在聊什么？
i_aab56a33194c,在说龙虎酒造的佐藤先生，他是我大学的前辈。
i_c056351be1db,哦，是这样啊。
i_55aedb4914da,说起来，佐藤先生还问起小李，问她是怎样的人。
i_ef86d7584262,那中井先生你怎么说的？
i_9c6aff614bd3,嗯，我说她开朗又热心工作，很照顾部下，是理想的上司……
i_7717b4b2ef7b,他问这些，可能是对小李有意思吧。
i_9999500b2a02,嗯，有可能哦。
i_9fb72c1631f4,手、筷子、叉子、刀、勺子等，吃饭时使用什么工具，会因餐食内容和习惯而不同。
i_34afecc8205f,在日本，西餐用刀叉和勺子吃，日餐用筷子。中国和韩国用汤匙或汤勺喝汤，而日本的味噌汤则端起碗直接喝，吃料时当然用筷子。
i_5e8693b9511c,说到“筷子”，其形状和材料也因国家地区而异。中国的筷子长，前端圆且粗细变化不大，材料有木、竹、塑料，也有玉或金属。韩国的筷子比中国稍短，略扁，多为不锈钢等金属制。日本的筷子更短，前端细而尖，材质多为木竹，也有涂漆的。
i_84647c81e639,在日本家庭里，各自使用自己专用的碗筷。用餐时一般把饭菜分到各自的碗盘里再端上来各自享用。从大盘中取菜时，使用公筷被视为正规的礼节。
i_bf5adc9aa0e6,用餐时使用筷子的有中国、韩国、越南、日本等，约占世界人口的三成，但同样的“用筷子”文化也千差万别。
i_d14047508eff,中井的方案是电视广告。上面写有“参考燕酿造的广告”，是什么意思？
i_ab1cb88c7922,那是一种日本清凉饮料的广告，制作者是中国人，我想一定会有参考价值。
i_4de4fb708335,哦，是那个口碑很好的广告啊，从中的确可以体会到中国人的感觉。另外，野田的“新创中华料理大赛”方案是怎么考虑的呢？
i_35a6d668e494,嗯，征集与“金星”相配的中华料理。比赛采用派对形式，并邀请著名歌手和演员担任评委。
i_1652539c129c,比赛做成派对形式？
i_333a6ad5b06a,是的，评选会场如果设在上海就考虑选诺斯顿酒店，在北京就考虑选华晶酒店。
i_83e4a264cdcd,诺斯顿酒店和华晶酒店？都是最高级的地方啊。
i_041612553c51,是啊，高级酒店加明星，一定会成为话题的。
i_64c2dc33d381,原来如此，那样的话，也能让电视台报道呢。
i_3a718532dabd,那么，在策划会议前，请把各自的方案尽量具体地整理好。
i_1fcc29579f3a,策划会议是下周星期几来着？
i_bc49bede159d,星期四。
i_ff7991d58c0c,主题：“金星”宣传策划书
i_cb80c53806c4,龙虎酒业公司 “金星”营销策划部
i_49ab9ae8e24d,佐藤光一先生
i_a6768ac04251,一直承蒙关照，我是JC策划的小王。
i_55d675d50a4d,之前谈到的“金星”宣传活动策划案已经完成。
i_fe65b6efc5aa,我想尽快向您说明。
i_e3770a34f093,下周您方便吗？请告知合适的时间。
i_2db2ac778bd7,谨此拜托。
i_425663d76287,JC策划公司 上海分公司
i_c5d8948e7b77,王风 wangf@jckikaku.cn
i_4c8ff09955ee,电子邮件作为便捷的联络手段被全世界使用。但在工作或给上级发送时，有几个必须注意的地方。只要理解这些要点，邮件就是非常方便的沟通工具。
i_0dc196865307,1. 写主题时要明确事项
i_4862bcceaa53,避免使用“你好”“初次见面”等无法得知邮件内容的表达，让主题一眼就能明白内容。
i_acad3226eec3,2. 务必填写收件人和自己的姓名
i_49eeacc2f4a2,知道公司名和部门时，按“~株式会社~部”格式写收件人；知道对方姓名时，在开头加“○○先生/女士”。
i_ed6e68af9b6f,3. 事项要简洁
i_b0215daa9b98,整理要点，简洁地写出要传达的内容。每30字左右换行，每隔3、4行空一行更易读。
i_7eafbe86b13e,4. 最后加上署名
i_b771bc70c3b6,在邮件末尾通常附上写有本人姓名、所属公司、部门和邮箱地址的“署名”。
i_438b0a9549f0,前几天您说“金星”特别在年轻人中很受欢迎……
i_368e0b9b54ae,是的，没错。
i_39f89f2ab599,所以我想到，在中国也把“金星”宣传活动的目标锁定为住在城市的年轻人如何？
i_bf0fc443b38a,嗯，这主意不错。
i_b50f4b7391d9,此外，我打算在广告、官网、活动这三方面重点发力。
i_24fc535fa643,哦，广告和官网我明白，但活动是指什么样的？
i_1aba000668a4,我考虑举办“创作中华料理大赛”和“金星”试饮会等活动，地点设在酒店、餐厅等。详细内容请看策划书……
i_52cde496e5c3,还有关于官网，我想设一个“探寻‘金星’故乡”的栏目如何？
i_3c5e5705b641,“探寻‘金星’故乡”？
i_a4c78f7aab1a,是的，我想不只是商品宣传，也做一个介绍日本文化的栏目，比如日本食物或年轻人的观念，应该会很有趣。
i_0c7f94645616,原来如此，不错啊……那小王，要不要去采访看看？
i_d58436cdf123,啊？我去吗？
i_4a05f5c0b238,是啊，日本人当然也能写这样的文章，但从中国人的视角去采访日本，会写出更有趣的报道。
i_5f8649286d77,明白了，那我先回公司，和上司商量一下。
i_dce759924bb6,杯面只需倒入热水等待3分钟，在任何地方都能轻松食用。
i_702b2119dcd5,如今风靡全球的杯面由日清食品创始人安藤百福开发。1958年他已怀揣“让方便面走向国际”的梦想。
i_73d232b7c122,某年，安藤为宣传赴美请人试吃方便面，对方却用纸杯代替碗，把面掰碎放入杯中，倒入热水后用叉子吃起来。
i_5eceb417fe94,安藤对此感到震惊，认为“在刀叉文化圈，方便面也必须能用叉子吃”“需要取代碗的新容器”。他确信若用新容器盛装新口味并可用叉子食用，方便面就能成为国际商品。
i_82ad56a884e1,然而开发并不简单。容器材料搜罗了当时能想到的所有材质：玻璃、纸、塑料、金属。经过各种努力，最终采用“发泡聚苯乙烯”。容器形状也反复试制，以单手易握、不易滑落的理想形态诞生了今天的杯面。
i_dca00afab5b4,如此，杯面于1971年上市。通过多种宣传活动，如今已风靡全球，在80多个国家都能吃到。
i_07c41e14f3a6,那个，我的行李一直没出来……
i_1a68d348dd09,啊，是吗？请问是什么样的行李？
i_498fa1d80e15,黑色行李箱，上面挂着写有“王风”的名牌。怎么等都不出来。
i_04b37537ac75,非常抱歉，我立刻去查，请稍等。
i_d1d4ec510bd6,不好意思，我在等AJL205航班的人，可一直没出来。
i_0bf53f5d48ba,是从上海来的航班吧，已按计划17:30抵达……需要帮您广播找人吗？
i_6b13b620a838,好的，拜托了。
i_967e170ebc69,喂，到底要我等到什么时候？已经6小时了！
i_13caeffc1f2a,非常抱歉，我们正在查找，能再稍等片刻吗？
i_c473a853dcc4,那怎么行，我很为难啊，同事还在大厅等我，能快点吗？
i_5a94abad57c1,实在抱歉，稍后我们送到您入住的酒店，可以吗？
i_fb6c6bec96d9,只好这样了，请尽快送来。
i_d81f5b7e356d,
i_594768e5ac42,4月1日 17:20，抵达向往的罗马。取行李、入境。旅行社的人应该来接，却找不到。正担心要是没来怎么办时，一位高个男士笑眯眯地走近说话，原来正是来接我们的导游。
i_f632917d6e51,4月2日 6:30起床，今天罗马市区观光。纪念品店老板一看见我们就先喊“你好”，没反应就换“안녕하세요”，再沉默就说“こんにちは”。来海外旅行的东亚人按中韩日顺序猜？
i_865de1261a02,4月3日 参观庞贝，这座在公元79年被火山爆发掩埋的罗马时代城市。1900多年前竟有如此繁华的城市，令人难以置信。
i_12de5e115cf6,4月4日 自由活动。进餐厅只听到意大利语有点紧张，看到角落有像日本人的团体就松了口气。轻轻点头致意，对方也笑着回“你好”，大概同样心情。果然同为东亚人，或许心有灵犀。
i_487ff5c3e4d4,接下来一周请多关照。
i_90d52be971f2,彼此彼此，承蒙照顾。谢谢您给的行程表。
i_d8ca7e629c18,我安排了尽量多的采访，会不会有点太紧？
i_a5d978920ed8,不会，音乐、时尚、电影、美食、景点……都是我感兴趣的。
i_9c4054adccc1,另外，周三没安排，要不要去有马温泉看看？
i_c63894eff839,温泉吗？
i_c23878b12153,是啊，我想至少有一天得放松一下……
i_2e0900271f21,谢谢，我很想去。
i_36211654f6dd,好的，我马上去订旅馆。
i_286dfeca53d6,感谢您的来电，这里是“有马旅馆”。
i_2d5d34a7d970,不好意思，我想预约……
i_3031af46066b,好的，请问您想订哪天？
i_48fb19933e35,后天，两人住一晚，还有空房吗？
i_fa332f7de1c2,好的，20日，周三，两位，住一晚对吗？请稍等……有的，住一晚带两餐，每人16000日元，可以吗？
i_9805e7e5a1a6,可以，没问题。
i_6beae477d3cb,明白了，那么请留下姓名和电话……
i_fbb9aec9e1ec,日本全国约有3000处温泉，年使用者据说超1.4亿人次。
i_bc102050d015,提到温泉，很多人以为是地球涌出的热水，但即使冷水只要含规定成分也算温泉。温泉颜色从透明到乳白色、蓝色等多种多样，而且，据说根据成分不同可缓解神经痛、皮肤病、高血压等。
i_a2f4cfc0fe95,过去温泉用于治病疗伤，如今多用来换个环境放松。温泉多在自然丰饶之地，边赏绿边泡露天浴，或在宽敞浴池浸泡，令人放松。
i_4cdc86b099fc,温泉胜地为了招揽顾客想尽了办法。例如，有一种名为“日归温泉”的服务，非住宿旅客也可付费使用酒店和旅馆的洗浴设施。还为没有时间住宿的客人提供了“泡澡+午餐”、“泡澡+客房休息”等多种套餐。近年来，专供“日归泡澡”使用的设施也日益增多。
i_bc8962044f44,还有叫“钱汤”的低价公共浴池，过去家里没浴室时兴建，如今数量减少，但“超级钱汤”登场并受追捧。虽比普通钱汤贵，却有多样浴池、按摩、美容，可玩一整天，成为忙碌人群的休憩之所。
i_67ef0f1be616,那张海报是張一心吧。
i_7a25c26c7a6b,是的，新片《朋友》刚上映，票房目前第二，下周有望登顶。
i_021d95dee8fd,他在中国是巨星，在日本也这么火啊。
i_48c6e9cad7d1,没错，他主演的片子，无论动作还是爱情片，都一定大卖。
i_d9c2046b7a7f,中国电影的人气如何？
i_747564803fbb,这一个月上映了三部中国电影，评价都很高。
i_0019f2a84701,那除中国外，哪国电影受欢迎？
i_1d46e29305ce,美国、韩国……对，日本电影人气也在上升。
i_d0a1a54eb415,这么说，并不是因为是外国货才受欢迎？
i_7581ef428f30,对，年轻人似乎不区分日本货和外国货，只要电影或音乐好，他们立刻接受。
i_47531b4f30f7,我觉得中国年轻人也一样。那要怎样才能抓住他们的心呢？
i_946eb627bfd8,嗯……难回答。还是要做出真正好东西吧。
i_4e43d9390ead,真正的好东西？
i_81b8a85170b0,对，现在的年轻人更信同龄人口碑而非电视广告，只要影像、音乐或食物真的好，就会通过口碑扩散。
i_47176b84d8bf,原来如此，非常感谢，很有参考价值。
i_17f98b0a82b9,来到日本的外国人，看到电车等场所里工薪族沉迷阅读漫画的景象都表示惊讶。日本漫画从面向儿童到面向成人，针对不同年龄段群体有着丰富多样的类型。既有描绘公司职员生活、经济议题等仅限成年人能理解的内容的漫画，也有许多面向儿童的漫画同样受到成人喜爱。近年来在中国，《蜡笔小新》《哆啦A梦》《樱桃小丸子》等漫画不仅深受孩子欢迎，也获得了众多成年人的喜爱。
i_5da86a8e3c02,日本的电视动画在海外也享有很高评价。日本首部电视动画是1963年的《铁臂阿童木》。虽然是由漫画改编而成的动画，但其画质与当今水平相比有着天壤之别。此后，随着数字技术的发展，逐渐能够制作出画质精美、生动逼真的影像。《哆啦A梦》《蜡笔小新》等漫画也被改编成电视动画节目，并获得了很高的收视率。
i_a0b5f95c3c91,不久后，运用最尖端数字技术的动画开始登陆电影院银幕，兼具高度娱乐性与艺术性的作品接连问世。
i_eeca952748da,2001年公映的《千与千寻》，以其丰富的想象力与高超的表现力获得了全球高度评价。
i_95a8822839ee,明天就要回国了吧，下次采访是两周后。
i_a72cf79a61ac,是的，这一周承蒙关照了，果真是不实际来一趟有些事情就不知道啊。
i_5c805773769c,怎么说？
i_30f9567f008d,哎呀，我还以为在大阪能听到更多像“おおきに”（谢谢）、“あかん”（不行）之类的大阪方言呢，结果都没怎么听到啊。
i_43ad1cc618a9,说起来还真是啊。说不定是因为我们没去繁华街区的缘故。啊，对了！现在要去南区喝一杯吗？那里能听到满满的大阪腔哦。
i_377b6348f5ef,您的好意我心领了，但今天就不去了。明天一早就要出发。不过下次去东京采访时，请务必叫我一起。
i_3e45743a229d,其实……下个月的采访我没办法同行。
i_82fab57ee1b4,是吗，真遗憾。
i_01adc0dde57b,因为……我下个月要结婚。
i_5219035a550d,真的吗？恭喜恭喜！
i_a51cf04ca384,谢谢您。王哥，如果方便的话，您愿意来参加我的婚礼吗？婚礼在5号举行，正好是您在日本的期间。请务必出席。
i_b8ab89a8dedb,可以吗？那我欣然出席。
i_7bdd4ab76505,太好了，谢谢。
i_6fac92fca694,我才要谢谢您。这是我第一次参加日本的婚礼，对这次东京的采访工作更加期待了。
i_93f061513ccc,中国是一个多民族国家，各民族使用的语言各不相同。同时，中文也并非只有一种，而是存在着相当多的方言。各种方言在发音、语法和词汇方面都存在着巨大差异。
i_14c6925b3e6e,日语同样存在地域差异，包括发音、语法和词汇。
i_fef4702a3284,首先，在发音和声调上就存在差异。例如"はし"这个词，既可以指"筷子"，也可以指"桥"。虽然它还有其他含义，我们暂且以这两种意思为例进行说明。
i_d4ecefae1940,在共通语（东京方言）里，“箸”读高-低，“橋”读低-高。
i_87a01d5ca7a9,①はし（高低）　　②はし（低高）
i_77f1c8a66cd6,而在京都等关西地区，“箸”读成②，“橋”读成①，同一个音型在不同方言里意思相反。
i_dfe0a7fba727,方言的差异有时也会引发这样的误解。譬如，东北地区有一种方言叫「なげる」，意思是“扔掉”。但不懂该方言的人听到“请把这个「なげる」一下”时，会将其理解成“投掷”，结果把垃圾扔回去而惹对方生气的传闻时有所谓。此外，关西地区还有「ほかす」这样的方言，同样表示“扔掉”之意。有人却听错成“保管起来”，把不需要的东西郑重其事地收藏起来——这类趣闻也广为流传。
i_8748f3d30630,如今广播、电视以东京方言为基础的共通语为主，方言区日常也日益渗透共通语。
i_f23586358ef2,课长，打扰您百忙之中实在抱歉，请问方便吗？
i_2b6b9f925a64,嗯，怎么了？
i_e666971d74aa,其实，我有件想郑重拜托您的事……
i_800d61e2398b,怎么了，这么正式？
i_ab02f1c09df9,是的。是关于我的婚宴的事。我想请课长致辞……
i_2b8446abecb5,让我致辞？
i_628cf2080117,是的，恳请您一定答应。
i_2b2306bfd025,嗯……我没什么自信啊。不过既然是你拜托的，我答应。
i_e17a10640dfa,非常感谢。
i_238008a15d34,对了，上海的小李也会来吗？
i_52e90ca09d94,不，他这次项目太忙，实在无法离开中国。
i_0ddef4a07229,是吗，真遗憾。我也很想见小李呢。
i_7224fd7b65b5,是啊。不过正好那时上海分公司的王先生来日本采访，所以他将代为出席。
i_03bcd1370821,那太好了。毕竟上海是你和町子小姐邂逅的回忆之地啊。
i_b53fdba1f70d,世界人口持续增长，而日本人口却开始减少。据2005年统计，世界人口约65亿，比上年增加约7550万人；相比之下，日本人口约1亿2775万，比上年减少约1万人。
i_1be25357fb14,原因之一在于出生儿童数量减少。这种现象被称为“少子化”，预计今后仍将持续。
i_9048434314d5,“少子化”的背景在于人们对于结婚、生育和育儿意识的转变。例如，结婚年龄推迟的“晚婚化”趋势正逐年加剧。女性结婚时的平均年龄在1977年为25.0岁，1992年升至26.0岁，2004年达到27.8岁。随着年龄增长，生育意愿逐渐减弱，反映每位女性生育子女数量的“出生率”持续走低。这种现象与少子化的成因密切相关。
i_cc36020ed72f,此外，因物价上涨、高额税金、住房问题等，越来越多夫妇即使结婚也不生育。主动选择不结婚的人也在增加，“非婚率”随之上升。
i_648c88e105ad,2003年的全年出生数已降至1973年的一半。政府也在努力遏制出生率下滑，但人们的观念难以轻易改变，要见到成效仍需漫长岁月。
i_344f3788af12,后藤老师，好久不见。
i_1b218842b8e7,小王，欢迎欢迎。
i_e0a32b9b59f6,占用您难得的休息日，实在抱歉。
i_2dff3076c5c3,别客气，先请进屋吧。
i_d7f02f30712b,谢谢。那我就打扰了。
i_609340cab46c,这是一点小小心意……
i_487db6853281,哎呀，不用这么破费嘛。
i_d841b8b2270e,不，真的只是一点心意。这是老师您喜欢的福建乌龙茶。
i_f73880857da9,那太好了，我就不客气了。对了，在广告公司工作感觉如何？
i_5782b9fe819a,很有成就感。这次日本采访虽短，但学到很多。
i_49dd885abf2c,太好了。对了，还和大学朋友联系吗？
i_e0a0e66d0c1d,和金子、高桥约好明天晚上一起吃饭。金子在旅行社，高桥在化妆品公司工作。
i_e97d7812b604,老师，我该告辞了。
i_0228086c847e,还早呢，再坐会儿吧。
i_23bf360ec827,不早了，夜色已深。
i_85569da1b939,是吗？那样的话，我也就不能再强求了啊。替我向金子他们问好。
i_524f75d496e2,今天非常感谢，打扰了。
i_6fa51919dc8d,1. 面试是交流的场合，而非诵读文稿的地方。若将志愿动机、自我推介等内容照搬简历原文复述，实为不妥之举。
i_6cb5355a7a1e,2. 进入公司建筑直至离开的整个过程皆视为招聘考核。在前台的沟通方式及等候室内的举止态度均将成为评估内容。
i_9907917e9e20,3. 在面试中，第一印象至关重要。应穿着整洁得体的服装。
i_9907917e9eaa,这是一本为进行求职活动的学生所撰写的指南中的部分内容。
i_dc72565124ac,每年自新学期开始，街上便逐渐出现身着求职套装的学生。所谓求职套装，是指拜访意向企业时穿着的服装，无论男女，均指黑色、深藏青或灰色等素色西装。
i_4af65d1a77b0,即便说就业冰河期已经过去，也并非就能轻易进入心仪的公司。日本年轻人中受欢迎的行业包括银行、出版社、汽车制造商等，但最终能进入自己理想企业的只是极少数人。
i_488f9e1eafe6,求职活动首先从选择心仪的公司开始。通过浏览公司官网或实地拜访企业进行招聘考试报名，如今亦可直接通过电脑完成申请。
i_e081a8abf1d5,必须通过初试、复试、第三次考试等多轮考核，面试也往往不止一轮，通常需经历两到三次。唯有通过这些层层筛选才能获得录用通知。学生们为了能进入心仪企业，无不从尽早阶段就开始投入求职准备。
i_97f7c6bb0a2c,小王！这边，这边！
i_bfaa3c1f2bb0,嗨，好久不见。金子、高桥，你们都好吗？
i_c9fba96ef465,嗯，小王看起来也没变，和学生时代差不多。
i_b0d512af4da6,对了，这次是因公来日本吧？海外采访真厉害，在做什么广告？
i_e2f7bdf254a1,先别聊，快点菜吧。
i_e9f2532c6fa5,是啊，吃什么呢？
i_dac6c05f090b,请问有什么推荐吗？
i_f02622d9dbd1,这个季节推荐‘水炊锅’。
i_b2af4d11cebe,水炊锅？
i_e9ddbdae4d77,是鸡肉蔬菜锅，很暖胃。
i_d67dc3c72816,好，那来3份水炊锅，再加刺身拼盘、炸章鱼，还有豆腐萝卜沙拉。
i_e1b9dadca2b6,好的，饮品需要什么？
i_921712173903,日本酒鸡尾酒！？
i_19b3631ab7c2,对啊，现在很流行，配日料、中餐、法餐都行，就来日本酒鸡尾酒吧。
i_2178d41b6c5b,好呀，就这么定！
i_44ff8ed48370,在日本，有各式各样的餐厅，可以品尝到日本菜、中国菜、法国菜、意大利菜等世界各地的美食。
i_0376bcf7e157,根据料理种类，有各式各样的专门店。拉面、汉堡、牛排、意大利面等，种类实在繁多。日式料理的专门店也很多，例如乌冬面、荞麦面、天妇罗、寿司、寿喜烧等，同样丰富多样。
i_275198df75ff,在日本，进入餐厅入座后，通常会提供「湿毛巾」。此外，点餐前会免费送上热茶或冰水。之后可以一边浏览菜单一边点餐。
i_8c7c82a52ec6,日本料理中有一些名称很有趣的菜品。例如，“亲子丼”是将鸡肉和鸡蛋烹制后盖在米饭上的料理。由于鸡肉和鸡蛋是“父母与孩子”的关系，因此得名。此外还有“他人丼”，是用猪肉或牛肉与鸡蛋烹制后盖在米饭上的料理。因为猪肉/牛肉和鸡蛋并非“亲子”关系，而是“陌生人”。
i_00941ded94e9,那么，"狐狸乌冬面"究竟是怎样的料理呢？这绝非加入了狐狸肉的乌冬面，而是在乌冬面上铺放一种名为"油豆腐"的油炸豆腐制品。之所以得此名称，一说因为油豆腐的颜色类似狐狸的毛色，另说因油豆腐是狐狸喜爱的食物。
i_5a0a29fac7a7,拓也先生，町子女士，恭喜二位喜结连理。我是刚刚承蒙介绍的JC企划上海分公司的王风。目前正与新郎拓也先生共同从事日本酒在中国的销售工作。我于两年前入职，而拓也先生此前已在上海分公司任职。听闻拓也先生与町子女士在上海分公司作为同事相遇，并在上海相知相恋。中国有句古语叫'白头偕老'，寓意'执子之手，与子偕老'。相信二位定能成为如这句祝福般幸福美满的夫妻。拓也先生，町子女士，衷心祝愿你们百年好合！
i_954e57c85d21,小王，感谢你的致辞。
i_3c6c67f82c94,有点紧张，讲得不好，请见谅。
i_92eb1fa6f35b,哪里，我很感动，听着就想起在上海的日子。小李还好吗？
i_1ce184b695a5,我会转告小李这场精彩的婚宴。山田先生，祝幸福，这次采访多蒙关照。
i_22aa8e94e953,一定让‘金星’项目成功，期待你的活跃表现。
i_bc80dfa80bb3,我会努力的，祝身体健康。
i_1585df8b8495,那么，改日再见。
i_4189fd19488c,日本婚礼的形式多种多样。其中较为常见的大致可分为：在神社举行的"神前式婚礼"、在教堂举办的"基督教式婚礼"，以及在亲友面前举行的"人前式婚礼"。
i_30510367fd2c,即便选择基督教式婚礼，也未必意味着是基督徒。很多人只是出于"想穿婚纱""喜欢教堂仪式"等个人喜好来决定婚礼形式，真正因宗教信仰而选择的人反而是少数。由于酒店或婚庆场馆大多设有仪式场地，实际前往神社或教堂举行仪式的人并不多。此外，选择在海外举办婚礼的人也日益增多。
i_cc9d3a747fca,下图是某个出版社对首都圈400对夫妻进行问卷调查的结果汇总。由此可以看出，婚礼形式正随着时代发生变化。1994年"基督教式婚礼"占56.6%，"神前式婚礼"为5.4%；而到2005年，这两项分别增至74.7%和12.6%。另一方面，传统婚礼形式"神前式婚礼"在2005年已减少至1994年的三分之一。由此可见，人们对婚礼的观念正随着时代不断变迁。
i_1fc5c4a6c8d1,婚礼结束后通常会有婚宴。婚宴是邀请亲友、同事等参加的宴会。以往婚宴场地约四分之三都集中在酒店和婚庆会馆，最近选择餐厅等场所举办的人也越来越多。
i_fe59380dc064,以上就是网站上“探索‘金星’的故乡”栏目拟收录的报道示例。
i_3183afaa6e1d,太棒了。这绝非恭维，真的很有意思。果然还是王先生您厉害。
i_626b78e39ff3,谢谢您。不过，仍然存在很多不足之处。此外，我还有一个其他的建议……就是这个。这是使用龙虎酒造在日本销售的“金星”调制的鸡尾酒。我在日本看到年轻人饮用这款鸡尾酒，它似乎相当受欢迎。
i_33c115b17bef,嗯，确实如此。不过，那仅限于日本国内的情况。
i_74d36f70c0d7,在中国是否也可以将这款鸡尾酒与“金星”一同推广销售呢？作为市场策略之一，我们可以将年轻人作为目标群体。
i_6444e7cea349,以年轻人为目标群体？
i_91dc87a10bfd,是的。在大城市的高级酒店或繁华街区，有年轻人聚集的酒吧。如果在这些酒吧开展“金星”鸡尾酒的试饮活动，您觉得如何？年轻人对流行趋势非常敏感。若这款鸡尾酒在年轻群体中受到欢迎，想必也能带动“金星”的销量提升吧。
i_ecabff3e820b,原来如此。哎呀，这真是个绝妙的主意啊。
i_b47ea9e408b5,您过奖了……这没什么大不了的。听说日本已经销售数款“金星”系列的鸡尾酒。能否请您从中挑选几款可能受年轻人欢迎的品种？至于中国市场的命名和标签设计，可以由我们这边来负责。
i_afe76bce45a2,明白了。我们立即开始筹备。说实话，已经有些跃跃欲试了呢。
i_941702314054,位于北京市中心附近的景山公园是市民休憩的场所。每逢假日，这里便充满年轻的情侣、携家出游的人们以及游客，热闹非凡。
i_55e79a3b0b94,公园周围遍布着无数被称为“胡同”的狭窄小巷。
i_546d984bbfb1,要了解“胡同”，就必须追溯到大约700年前的历史。13世纪的元代，为保护市民免受外敌侵扰，人们修筑了石墙并在墙内建造住宅。环绕这些住宅而建的通道就是“胡同”。
i_4f9e28b983fc,胡同长久以来一直是北京市民重要的生活空间。巷子里常有早市开张，摊贩云集，有时也会成为自行车停放处。胡同根据其功能被赋予各种名称，至今许多巷口仍悬挂着写有名称的标牌。例如曾作为钱币交易场所的“钱市胡同”，以及居住着磨刀匠的“磨刀胡同”等，这些古称至今仍得以保留。
i_55659d0afaf7,胡同兴建之时，一种被称为“四合院”的中国传统民居也随之诞生。这种建筑以庭院为中心，东、西、南、北四面建有房屋。近年来，部分四合院已被改造成酒店或餐厅。
i_e09181e5a2bf,胡同在元代最多时仅有29条，到明代增至459条，至1980年代已超过1300条。据传若将其首尾相连，其总长度足以“形成另一座万里长城”。
i_c53b000a762e,遗憾的是，随着现代化进程的推进，胡同数量正在急剧减少。但与此同时，也出现了保留古老建筑的努力。北京市已划定25处历史文化保护区，决定对传统街巷风貌加以保护。新旧交融的北京城，正迎来变革的时代。
i_a57b90a4800f,以上是「金星」的商品说明。您觉得如何？
i_678deb326d91,唔…说实话，可能有些困难呢。
i_593cc7347076,您的意思是？
i_75b016f770f3,是的，本酒店最近中国客人确实增加了很多。日本酒可能更受日本人喜爱，但对中国客人来说可能有点……
i_5453cb6a4655,您说的确实有道理。对于喜欢白酒或绍兴酒的人来说(日本酒)或许有点不过瘾。不过，「金星」在日本酒中，是特别受外国客人欢迎的一款产品。
i_58e031a49d4e,我公司还准备了以「金星」为基酒的新颖鸡尾酒。如果是这款产品的话，不仅日本人，相信中国客人也能愉快享用。
i_5ed273d29bad,是以日本酒为基酒的鸡尾酒吗？
i_59baa557273b,是的，我带了样品过来。这杯蓝色的是「上海珍珠」，红色的是「北京胭脂」。
i_4bf5c015e8db,嗯……确实很好喝。日本酒调制的鸡尾酒，这真是个很棒的点子呢。如果是鸡尾酒的话，既有时尚感，也能在酒吧提供。
i_a34c5b5b7be9,非常感谢。在北京的几家酒吧进行试饮时，反响非常好。而且，这些命名也很有吸引力，相信会受到游客的欢迎。
i_ef54b2f06a4c,原来如此，我明白了。我们商量一下吧。
i_5878af409e60,那就拜托您了。
i_f5344fda4e01,佐藤致北上贸易函
i_f5344fda4e02,2008年1月19日
i_f5344fda4e03,株式会社北上贸易
i_f5344fda4e04,销售促进部　张德荣先生
i_f924b2b0eddb,敬启者：
i_f5344fda4e05,新春之际，衷心祝愿北上贸易的各位身体健康、诸事顺遂。
i_f5344fda4e06,请原谅我突然冒昧来信。我是龙虎酒造的佐藤。本公司目前正计划在中国市场销售日本清酒。
i_e9c0b080b110,从MTS公司的菊池先生处得知，贵公司对中国国内酒类销售渠道十分熟悉。冒昧突然请求实在抱歉，希望能近期与您会面请教。稍后我将致电贵公司，届时若能告知您方便的时间将不胜感激。
i_112bfdb291d0,冒昧恳请，给您添麻烦了，还望您能慎重考虑为盼。
i_f5344fda4e07,谨致敬礼
i_e92e9f9906c0,龙虎酒造株式会社 上海事务所　
i_f5344fda4e08,佐藤光一 敬上
i_55bd0370ba7b,寄送宣传册函
i_f5344fda4e09,2008年1月19日
i_f5344fda4e10,上海PEC酒店　黑田先生　
i_f5344fda4e11,敬启者 此次承蒙您索取日本清酒“金星”的宣传册，我们衷心表示感谢。
i_a0af1842cee8,我们立即为您寄送5份最新的宣传册。
i_f5344fda4e12,另外，若您对资料内容有任何不解之处，请随时与我们联系，我们将为您详细说明。
i_f5344fda4e13,今后也请多多关照。
i_f5344fda4e14,谨致敬礼
i_0110b29a4d44,龙虎酒造株式会社 上海事务所　
i_f5344fda4e15,佐藤光一 谨启
i_6c7c9f809ad2,喂，我是上海PEC酒店的黑田。
i_276317382545,一直承蒙关照，我是佐藤。
i_02ae34e1e20a,啊，佐藤先生，贵公司的‘金星’可把我们愁坏了。
i_87434339c0e8,请问出了什么事？
i_19d4a07dd686,今天收到的那批货打开一看，50瓶中有10瓶出现了裂痕。你们到底是怎么搞的？这样的话，根本没法交给客人吧！
i_55f83b2a0da9,啊？真的吗，非常抱歉，我们立即补发新货。
i_1afab56b7878,明天之内必须送到，好赶上周末。
i_7aa4b044c92e,一定照办，给您添麻烦了，我们立即调查原因，稍后向您汇报……
i_1af9ce69bc7b,原因就算了，餐厅负责人说希望合同就到这个月为止。
i_0789ebcc74a9,您生气是应该的，我们一定注意不再发生，关于合同能不能再……
i_9a36e3a80954,总之，负责人火冒三丈。
i_a39d9a589f08,我立刻登门致歉。
i_0ca2a5d31880,不用特地跑一趟，失陪了。
i_43364f6f0833,请、请等一下，实在对不起，真的……
i_688f280f3303,东京的自来水，曾经是“难喝的水”的代名词。发霉的臭味、浑浊不清……类似这样的投诉纷纷涌向自来水局，很多人为此安装了净水器，或者将水煮沸后再饮用。
i_395c70dabcbb,然而，东京的自来水正悄然发生变化。在东京都政府的售货店内，知名饮料品牌的矿泉水瓶之间，赫然陈列着东京都水道局发售的“东京水”。其标签上标注着“原材料名：水（自来水）”。这是将都内净水厂处理后的水直接灌装销售的产品，且以其口感优良而广受好评。销售“东京水”是东京都水道局推进的“安全美味水项目”宣传活动之一。
i_bf573a4d904f,该宣传活动涵盖了水库及河流的水质管理、净水处理设施的改善等多方面举措。1992年，金町净水厂（位于葛饰区）引入了利用臭氧和活性炭去除微生物等杂质的特殊设备。此外，由于公寓储水槽及供水管道老化，可能导致从净水厂输送的水受到二次污染，水道局也持续推进对供水管道和储水槽的检查与更换工作。随着这些措施的逐步落实，如今已能够向市民提供更为安全可口的饮用水。
i_5216453dfd38,此外，在该宣传活动推动下，保护水源地森林的相关工作也在持续展开。降落在森林中的雨水，会缓慢渗透过地面堆积的落叶层，渗入土壤，再逐渐流入河流。森林不仅为自来水提供了清澈的水源，还发挥着防止泥沙流入水库的重要作用。通过保护和培育这片可称为“绿色水库”的森林，未来或许终有一天，我们能喝到比市售矿泉水更可口、更安全的自来水——这样的期待正日益高涨。
i_71e4f69b2103,怎么了，一脸沮丧？
i_7384f533b801,啊，李小姐，你怎么知道我在这里？
i_0508aa609c09,我给事务所打了电话，大山先生说佐藤先生你可能会来外滩。
i_1e7d38b98a08,所以你就找到这儿了。
i_26381c06798d,我也常在这里发呆想事或打太极拳，到底怎么了？
i_b0bc667b5a5e,唉，我真是受打击，最近全是失败，好不容易签了约，却因投诉被解约……
i_99f032cf22ef,原来如此……世事难料嘛，不过日语里有句谚语不是说不管失败多少次都不气馁吗？
i_a88e75daea10,“七倒八起”？
i_b5af33f3af37,对，现在正是最关键的时刻，打起精神来，面对外滩美景还这么垂头丧气，别人会误会哦，我可是特地带来好消息的。
i_cb99d40a2afe,好消息？
i_92502b9d7028,嗯，“金星”的形象代言人定为张一心了。
i_82e3d249b6b7,你说什么？
i_b6c42436f42f,张一心答应接拍广告了。
i_abfa5fae6aa8,真的吗！？李小姐，谢谢你。
i_3610244fe8ee,太极拳是历史悠久的拳法，以人人皆有的体内能量“气”进行攻防，因此也适合体型小或力量弱的人作为防身术，作为健康法备受推崇，在中国公园广场常可见打太极拳的人群。
i_29ef74da99c1,公园广场常见的是“简化24式太极拳”，由原中国国家体委为大众普及而制定，与其说是拳法，不如说是健身操，可改善血液循环、提升内脏功能，对肩酸腰痛等不适及减压亦有帮助。
i_13657d938208,其功效获世界认可，美欧亦有不少人为健康把太极拳当爱好；日本爱好者超百万，全国掀起热潮，甚至有“太极拳市”全民参与。该市老龄化严重，市长提议推广太极拳助市民健康，兴建练习场、体育馆，举办讲座，每天早广播35分钟太极音乐，努力终见成效，大批市民加入，许多老人比练拳前更健康，亦有望减轻市政医疗护理负担。
i_61f5e987b0fa,太极拳的“功效”不仅限于健康，还加强了中日联系。许多日本人为体验正宗太极赴华，中国爱好者也赴日，太极扩大日中交流。借北京奥运进一步普及，世界因太极而心心相连的时代或将来临，众多太极爱好者认为这并非梦想。
i_c9fde0b53b1c,顾客，您在找什么茶？可以试饮一下吗？
i_f69954565570,哇，真惊讶，您的日语这么流利。
i_a00ffe61eb0a,广州日企多，日本游客也多，所以我自学了日语。
i_08788035dbcb,原来如此，中国人真是好学。
i_3b5da0bd1d12,谢谢，那您想找什么茶？
i_7b82f5cc7204,那就让我尝尝你们推荐的几种茶吧。
i_7c8bbee0ef11,好的，请稍等。
i_9e5c293991d8,请试试云南普洱，陈化15年，味道醇厚，香气独特，强烈推荐。
i_a3e2f5013d16,啊，真的，味道确实深邃，多少钱？
i_e8dd34484600,一斤500克250元。
i_8fbba55ed495,嗯，价格不菲啊。
i_a269085075a9,这是15年的特级品，价格自然高些。
i_740fc18065b5,……那就请给我刚才喝的乌龙茶和这普洱各350克。
i_585fd8cc22b8,好的，一共300元。
i_e55643fb5fe1,300元……能再便宜点吗？一共250元怎样？
i_e5f6cd18fe23,顾客，250元有点……280元吧，再送您这些茶包。
i_babd3631bacf,真的？那就这样吧。
i_d7903ec6c4f6,谢谢，我这就准备，请稍等。
i_4c63397773b7,中国茶最初被用作药物，可消除疲劳、提神，并被高度评价为缓解风湿疼痛的涂抹药。3世纪后开始作为饮品普及，唐代广泛种植，产量激增。如今中国茶叶产量占全球近三分之一。
i_863134fc357b,中国茶依发酵程度不同分为绿茶、红茶、乌龙茶等，绿茶被视为所有茶的源头，如今中国各地均有独特品种。
i_f2417cfc8a30,茉莉花茶是“花茶”代表，茶中带有茉莉花香，也有用桂花熏香的茶。乌龙茶以福建为产地著称，在日本乌龙茶是最有名的中国茶，但在中国并非人人必饮。云南产的普洱茶香气独特，据称可分解体内脂肪、降低胆固醇并促进血液循环。
i_5c0cb24e85da,日本、欧洲以至中东的茶均源自中国，说中国茶是所有茶的根并不为过，“茶”的发音即是证据：日语同中文称“cha”，此音也进入印地、阿拉伯、土耳其、俄、葡等语；福建方言的“te”则被荷、德、英、法等语吸收为“tea”或“tee”。
i_b987183b7047,茶传入日本约在8世纪，当时主要作药用，12世纪末才开始真正被饮用。
i_82feec541eed,您好，这里是龙虎酒造上海事务所。
i_e06c1328ea16,喂，我是JC策划的李秀丽，一直承蒙关照。请问佐藤先生或大山先生在吗？
i_36d6aee8021f,不好意思，电话有点听不清……
i_1405f3542919,我是JC策划的李秀丽，佐藤先生或大山先生在吗？
i_f1a9e2b81fa9,JC策划的李小姐对吗？我是榎本，非常抱歉，佐藤先生和大山先生目前出差广州……
i_bfbb35bc347d,是吗，他们什么时候回来？
i_7ba03d78e983,预计下周三回来。
i_80ba1a4f6df5,好的，那我可以留个口信吗？
i_587f28c633f7,当然可以，请说。
i_7a3fe100b124,广告拍摄日程已定，下月26、27两天，地点在香港，请转告下周会寄出台本和拍摄计划。
i_f0734aa37439,明白，下月26、27日在香港拍摄，台本和拍摄计划，我记下了。
i_5e94c6994fd8,拜托了，还有一件事想确认。
i_703117da2818,请说。
i_39e0a108a7fd,拍摄前的场地考察，我们会准备一台数码相机，希望龙虎酒造也准备一台……
i_51e58843bf95,好的，我会转告佐藤。
i_ef46f507383a,那就有劳了。
i_02c0f92344f5,好的，感谢来电，再见。
i_ad5d2864d62f,再见。
i_9f8cdb48ebbb,三村电器推出「MIT-7900」，2010年1月中旬全新上市！
i_459782df327b,「MIT-7900」是一款小巧便携的相机，功能强大，能极大拓展摄影的可能性，是未来型数码相机。
i_ca8d1cfe8afd,即使是初学者，也能轻松拍出美丽照片，只需转动拨盘，无论是美丽的夕阳、夜景还是壮观的烟花，都能轻松捕捉。采用新型镜头，还具备视频拍摄功能，任何场景都能拍得美轮美奂。
i_08c9961f1c99,不仅能以高画质记录珍贵瞬间，操作也极为便捷。「MIT-7900」设计贴心，单手即可操作，按钮和拨杆布局合理。一次充电可拍摄350张，支持干电池，外出无忧。
i_c757c6ecdeec,「MIT-7900」仅重180克，轻巧便携，时尚设计，采用受欢迎的铝材，使用越久越有感情。
i_00038db19817,有银色、黑色、粉色三种颜色可选，附带存储卡、充电电池和电脑连接线。
i_345d4a31a202,根据您的使用方式，可享受丰富的数字生活。
i_50a8a1616f0c,真美啊，瓦顶房屋倒映在水里，就像在看一幅大画。请问那艘小船叫什么？
i_76aae4cf2c65,叫乌篷船，是装载酒瓮运送绍兴酒的传统船只。
i_9584e7e83e0c,是运绍兴酒的船吗？
i_1c8936103d7e,是的，绍兴酿酒始于约2500年前的春秋战国，此后几乎沿用同样手法。
i_c40b84788bde,原来如此，那味道就是悠久传统的味道啊。
i_a17c4693e565,绍兴有甘甜的“鉴湖水”和中国最好吃的大米，正因如此，2500年来酿酒业一直繁荣。
i_5df484a93198,水和米啊，跟日本酒一样。
i_02546943a9ad,客人是第一次来绍兴吗？
i_5f1213b37236,不是，10年前学生时代来过一次，那时真没想到自己会进酿酒公司。
i_4a10c001f06b,您从事酿酒行业吗？那要不要带您去鉴湖边的绍兴酒厂看看？
i_5e130e2759a9,好啊，我很想去看看。
i_517352f3d627,对了，工厂附近还有鲁迅爱去的咸亨酒店，您知道鲁迅吗？
i_e37ab439153a,当然，连日本中学课本都有他，很出名。
i_26dbc9f18b83,那好，稍后去鲁迅纪念馆，现在出发吧。
i_e59852732edc,说到水乡小镇，当属江南古镇。江南是长江下游南岸，古镇即古老城镇，包括乌镇、周庄、西塘、同里、朱家角等，作为无城墙的水上城市，明清时代迅速发展。沿运河的古镇风景四季各有魅力，初春景色尤为迷人，可领略水乡独有的风光与质朴生活。
i_b6402d4d4e2b,古镇的巷子通常狭窄且长，石板铺成的小道在古建筑间蜿蜒。乌镇的巷子值得一游，当地的昆剧、越剧等传统戏剧深受欢迎。周庄的运河游船不可错过，听着船夫的歌声，游览元明清三代建造的14座桥。镇内60%的建筑建于明清，尤其是清代建筑“沈厅”的柱子和门上的雕刻堪称杰作。西塘的运河沿岸有一条长约1公里的带顶棚的长廊，可遮阳避雨，令人惊叹。
i_f5254af7f16a,同里有许多古桥和明清建筑，其中被列入世界遗产的富豪之家“退思园”是必看之地。这座类似园林的建筑建于清朝末年，是江南园林的代表，其美丽令人百看不厌。
i_d0c0eb44708a,朱家角的北大街商店街充满乐趣，明清时代的氛围在这里得以保留，狭窄的街道两旁屋檐之间，天空看起来像一条细线，因此被称为“一线街”。位于城镇东北部的“放生桥”已成为朱家角的象征。
i_74b1d06ff76d,前往江南古镇的旅行通常从上海、杭州和苏州出发。乌镇、周庄、西塘和朱家角可以从上海出发，而同里则更方便从苏州出发。
i_68976749044a,太棒了，这就是百万美元夜景吗？真壮观。
i_76316b5c688c,哇，好美！景色真棒。
i_8a65e1653c2d,我明白香港为何被称为‘东方之珠’了。
i_7e5748d04177,计划在这座太平山顶拍广告，您觉得如何？
i_06708507d5e5,我有点在意，在山顶一边看夜景一边干杯，会不会不自然？
i_d17f3ae7afe4,听您这么一说，确实……有什么好点子吗？
i_31f5ed63c916,这样如何？改成夜游，从船上欣赏夜景并干杯。
i_10f13dd91c72,好主意，说到香港，夜景绝不能少。
i_52624c05dc7a,夜景与恋人们，在海上停泊的船上干杯……
i_12e04eb449ac,那与张一心的形象也完美契合。
i_b16ed7b5a7a3,或许连最后两人用‘金星’鸡尾酒干杯也可以省掉，面对如此美景，恋人们不需要酒也不需要礼物。
i_5f76014f8190,完全不出现商品，最后只映出‘金星’二字，印象或许更强烈。
i_0354c1c64ec8,我立刻修改剧本。
i_68fdc675c2f6,拜托了。
i_f249d61a46a3,对普通观众来说，广告常被视为打扰。确实，当紧张的比赛或感人的剧集被广告打断，会这么想也无可厚非。然而，几乎所有电视台都靠广告收入维持，因此说“让观众看广告才是播出的目的”也不为过。
i_49812de7e56c,话虽如此，观众是为节目而非广告看电视，广告主、电视台与观众利益常对立。播广告方得绞尽脑汁，让不情愿的观众也别换台。
i_61d2f8da69f2,例如，把商品或企业名称唱出来比说出来更易记，于是诞生广告歌；熟人推荐比陌生人更亲切，于是启用人气明星。世界顶尖明星或歌手出演广告并不稀奇，反之，也有演员因拍广告走红，歌曲因广告大卖。一天播多次，观众不知不觉就记住了脸和旋律。
i_20e1f44cbcfb,日本常办广告大赛，获奖作品中不乏在15秒或30秒内完成精彩剧情的佳作，也有影像表现极佳者。此外，介绍企业贡献或传递环保等社会信息的广告也在增加，这些更重在传达企业形象，而非直接推销商品。
i_6452c0b3a05f,广告，是为了不到一分钟的时间，而耗费巨大人力与财力制作的影像作品。
i_93b0e5eb5a18,创作中华料理大赛的评选会场定在上海诺特酒店，评选当天日本电视台也会来采访，张一心还计划以嘉宾评委身份出席。
i_9a904f26021b,太棒了！“金星”项目终于走到这一步！
i_86c3650652bf,多亏了李小姐你们。无论是鸡尾酒推广还是起用张一心拍广告，我都不知道该怎么道谢才好，真的太感谢了。
i_32dfb1ea7ff6,哪里，是大家努力的结果，我们只是帮了点小忙。
i_e2565becf24e,托大家福，本次创作中华料理大赛收到全国超过1万份报名，创作鸡尾酒部门也收到1,000份以上作品。
i_d07aaee9db35,真的吗？太厉害了。
i_8eb5afdc0aa3,每份菜单都极具创意，从中华风寿司到用日本酒做的甜点应有尽有。
i_9bb64fa2ca46,真期待啊！不过话说回来，你们居然能敲定会场。
i_891ee6390c76,是啊，除了广告口碑，上海首屈一指的餐厅水都酒楼也大力协助，他们的总厨陈师傅是著名的特级烹调师。
i_be366eb8dfc1,特级烹调师？
i_5ea5bd56ed86,这是被国家认可的一流厨师，中国有国家认证制度对厨师评级，特级烹调师全国只有几百人，李主任多次拜访陈师傅才请到他。
i_bedeffdcc981,哇，李小姐，你居然做到这种程度。
i_10adb53be211,这是我们的工作。
i_02023179c56f,李小姐，能走到这一步全靠你们，我衷心感谢。
i_c914750686e4,哪里哪里。
i_a75c6349168c,如今，寿司在全球大受欢迎，从亚洲各国到欧美、中东、俄罗斯，到处都有日本料理餐厅。在大城市的超市，寿司也随处可见。中国不仅北京、上海等大城市有寿司店，小城市也有。虽然过去没有生食鱼的习惯，但最近喜欢生鱼寿司的人越来越多。
i_09a5c3e823c9,在国外销售的寿司，很多都根据文化差异变成了“创意料理”，从日本人角度看，很多甚至不像寿司。比如在美国，很多人觉得黑色的海苔像纸一样让人不舒服，所以普及了把米饭卷在外面的“卷寿司”。卷寿司里有牛油果和蟹棒，也有用三文鱼和金枪鱼卷在外面的，还有蘸辣酱的金枪鱼寿司，也有不用鱼而用炸鸡等油腻食材的卷寿司，甚至还有用生火腿和奶酪做的卷寿司。每天都有新的“创意寿司”被发明出来，每家店都在努力创新。
i_fd431f52ab1d,由于这些寿司与传统日本寿司大不相同，有人认为它们不能算作日本传统料理。但在日本，也有像鳕鱼子意大利面和纳豆意大利面这样的创意料理，食物总是会根据当地情况而变化。
i_efdedbb4c2d3,寿司的乐趣本就在于品尝当地美味的鱼。既然有江户前寿司，那为何不能有美国前、新西兰前寿司呢？享受当地风格的寿司也很不错。如今，这种新型寿司也开始反向输入日本。
i_6001b80744d6,这就是上海诺特酒店的宴会厅吗。不愧是上海第一的高级酒店，真是壮观的会场啊。
i_e44d42e7fdc2,是啊。而且这家酒店也因积极参与环境问题而闻名。因其节能措施受到政府表彰。
i_6c7ea87f2875,我去一下厨房。应该快到比赛用的食材了。
i_165431acdab0,我可以一起去吗。别看我这样，干体力活还是有自信的。
i_15880d237c19,谢谢。不过这边没问题。只是检查食材和对接一下。
i_810b1abf2310,这样啊…还有别的我能帮忙的事吗。
i_abc8ad696562,啊，那能一起帮忙做会场的最终检查吗。
i_b5e775608b17,好的，很乐意。
i_c7c34ba36afd,得救了。正缺人手呢。
i_29f9bd5f6ab6,咦，说起来，没看到李小姐啊。
i_406595acc9cb,李主任的话，去香港和张一心的经纪人对接了。预计今晚最后一班机回来。
i_62e124e1978c,佐藤小姐呢？她也去香港了吗？
i_e5d909069610,佐藤小姐的话，在陪总部来的高管。在办公室说明明天的安排呢。怎么会以为她去香港。
i_bb31416bffee,因为，看那两人总觉得着急…
i_9591c4edd327,啊，原来是这么回事！
i_cdeaa122264d,没注意到吗？王小姐真是迟钝啊。
i_39f0d8291e2a,近年来，世界各地持续出现异常天气。酷暑、暴雨、洪水、干旱频发，台风和飓风的规模与灾害也在扩大。据说这与全球变暖有关。
i_5962ad216c7e,近100年地球气温上升了约0.6度。南极、北极、高山等地的冰融化，海水量增加，海平面上升。过去100年升高了10～20cm，预计到2100年还将至少升高9cm，最多88cm。海平面上升会淹没低地，许多岛国已受灾，有人不得不移民他国。
i_63877af0be9e,那么，为什么地球气温在上升呢？包括地球在内的大气中含有温室气体，这些气体维持着地球一定的温度。但气体过多会使地球气温超过必要限度。温室气体有多种，其中影响最大的是二氧化碳。二氧化碳大量排放自发电、工厂生产和汽车尾气等。也就是说，我们生活越便利，二氧化碳越多。另一方面，沙漠化和森林破坏导致吸收二氧化碳的吸收源剧减，也是变暖加速的因素。
i_609ae1e20d58,从1980年代末开始，全世界的人们开始认识到全球变暖问题。国家和企业开始了各种努力。开发了节能型空调、冰箱、汽车等，也在推进利用风力和太阳能几乎不排放二氧化碳的发电研究。此外，各国政府通过植树造林活动增加吸收二氧化碳的森林。
i_8539927c620a,尽管有这些努力，发达国家的二氧化碳排放量并未减少多少。不仅如此，以往排放量较少的国家也在急剧增加。
i_7f98618e4b2c,现在，如果世界各国不合作采取措施，变暖将进一步加剧，地球可能会变成我们人类无法居住的星球。
i_dd8a2e3cad20,日本即将迎来樱花季，上海也迎来了春天。目前，龙虎酒造主办的“邂逅金星日本酒·创意中华料理”大赛正在进行。会场装饰着樱花树，充满日式氛围。下面请龙虎酒造的负责人佐藤先生谈一下。真是盛况空前啊。
i_d2b06dfd7a56,说实话，我们也没想到比赛会有这么多人来报名。
i_5aaebfc539d8,听说“金星”在中国上市正好满一年，销售情况如何？
i_9f72b129588e,截至目前，在中国已售出50万瓶。最初以北京、上海等城市为主，现在已铺货到各地的大型百货和超市。
i_d5d5811ed3de,您认为“金星”能被中国市场如此接受的原因是什么？
i_0586bf8d5392,关键在于，我们不是用日本人的视角，而是努力站在中国人的视角去看产品。
i_a626490139b8,您说的“站在中国人视角”是指？
i_ff4ad41a3d34,幸运的是，这次我们组建了优秀的中方团队。积极采纳他们的意见，珍视中国人眼中的日本酒形象。今天的成功离不开他们的协作。
i_f0aa2c6d3a9c,原来如此。听说他们也来到了现场……
i_873737a2c2c5,是的，那是负责广告的JC策划的李秀丽女士。
i_6fe146a96371,那我们来采访一下李秀丽女士。李女士，我的第一个问题是……
i_c64c75de2e56,啊！这可怎么办。
i_3ff615c96703,好高的热度啊。谁来叫一下救护车！
i_29920bf00b2e,严肃！樱花开放预测
i_60d3fa54f7ca,今年，樱花开放预报又让人焦虑的季节来临了。
i_e55ad48e070f,每年3月公布的樱花开放预测。气象厅更新了超级计算机，以万全之策应对。
i_dd964da3f371,气象厅自1996年起利用计算机预测樱花开放。基于过往开花日期与气温数据构建预测模型，将夏季至发布日期间的预测气温代入模型，推算出樱花开放日期。以往以过去50年的开花情况为基准，今年则考虑到全球变暖和城市化的影响，选取了过去30年更接近现状的数据。
i_25a7317f0922,气象厅引入了超级计算机
i_a002717e7dba,今年受寒潮影响，樱花开放预计延迟。去年开放比预期晚了四天以上，投诉不断。今年究竟如何，尚未可知。
i_f9fddc468258,专栏：日本人与樱花
i_18d6c23f2338,在日本，几乎无人对樱花漠不关心。一旦发布樱花开放宣言，消息便满天飞。即便不想操心，也难免担心起雨和风。樱花盛开时，人们便开始赏花。职场同事、朋友、家人聚在一起，一边赏花，一边饮酒、吃便当。樱花不仅用于观赏，还与日本人的生活息息相关。樱花腌制品可制成樱花茶，用于庆祝，也可点缀在饭团上。樱花叶腌制品可用于包裹樱花饼。樱花木材从木工材料到建筑用材都有应用。樱花树皮可用于制作茶筒和工艺品。
i_5bf4859a3ff4,在中国的北京，天坛公园和玉渊潭公园也可以观赏到日本赠送的樱花。顺便一提，据说北京的樱花开花时间比东京大约晚三周。
i_e8c3a5c230e1,哎呀，佐藤先生，您特意来看我吗？
i_dda7de3f7f8e,哪里，我刚好来附近办事，就顺路过来看看。您也是吗？身体怎么样？
i_700e39c22f62,嗯，多亏了您，已经好多了。真不好意思，给大家添麻烦了。比赛是不是因为我给搞砸了？
i_25e2774db382,哪有的事，比赛大获成功，已经圆满落幕了。
i_3fb2cdf5acd6,那就好。
i_b5a151bde773,健康第一，您要好好休息。大概还需要多久才能康复？
i_5459a221bb21,医生说大概再有一周就能出院。我从来没生过病，真是吓了一跳……我一直对自己的身体很有信心……
i_d1520ae5caa5,打起精神来。当初是谁告诉我，不管失败多少次都不要气馁的？不就是李女士您吗？
i_592565e5ffcf,说得也是。
i_49ad7a2ccc17,总之，现在您就安心静养吧。啊，这个，差点忘了。只能带这点东西来，真不好意思。
i_fb539f6a34f5,别这么说，我已经很高兴了，谢谢您。
i_8c0acdfe3594,如果有什么想要的东西，尽管说，我明天过来时给您带来。
i_f5e3d19ff41d,您明天也要来附近办事吗？
i_cbc74342ac2b,2003年8月，时任日本首相访问捷克共和国时，同行的有个特别的“友好大使”，那就是日本汽车制造商开发的双足行走机器人“阿西莫”。在与捷克首相的晚宴上，“阿西莫”用捷克语发表了祝酒词，赢得了热烈的掌声。
i_c55538138c33,电影和动画里的机器人，大多长得像人，动作也像人，所以一听到“机器人”，人们很容易联想到那种东西。然而，现实中的机器人，往往和人长得一点都不像。比如在汽车工厂里，大部分工作都是由产业用机器人完成的，这些机器人大多是能自动控制的、类似人手臂的机械。还有日本研究机构正在研究的灾害救助机器人“IRS苍龙”，据说它能潜入地震等灾害导致坍塌的建筑物中，寻找幸存者，它长得像蛇一样细长。对于这类工作，机器人长得像人其实没什么必要。
i_e60623d71301,不过，除此之外，像“阿西莫”这样的，能让机器人像人类一样工作的研究也在热火朝天地进行着。尤其是日本，因为《铁臂阿童木》《哆啦A梦》等漫画和动画的影响，人们对人形机器人有着强烈的喜爱之情，而且倾向于把机器人视为朋友，而不是敌手或奴隶。这种机器人有望在老年人护理领域大显身手。日本是全球老龄化程度最高的国家，照顾老年人是个大问题。能陪老人聊天、提醒他们按时吃药、必要时还能帮他们联系医院的护理机器人，在日本少子化时代，将发挥巨大作用。
i_01abded71803,访问捷克的“阿西莫”向捷克作家卡雷尔·恰佩克献上了菊花束。恰佩克的作品《罗萨姆的万能机器人》中，机器人曾发动叛乱，消灭了人类，那么对于如今机器人努力成为人类朋友的现状，恰佩克又会怎么看呢？
i_93f8ca27188c,大家好像都到齐了，那我们就开始吧。佐藤先生，请您说两句。
i_0461bbe4d19e,呃——创意中华料理大赛结束两周了，反响远超预期，销售额也在稳步增长。现在说也不晚，这一切都要归功于在座的各位。大家辛苦了！那么，为大赛的成功，也为大家出色的工作，干杯！
i_eb476d59dbe6,干杯！
i_3c50942a134b,哎呀，真是太好了，活动大获成功，李主任也平安出院了。
i_d3515a4a4c71,是啊是啊，能看到李小姐精神饱满的样子，我真的很高兴。
i_1785d6063415,对不起，让大家担心了。
i_2a314f0765bc,来，李主任，您多吃点。这是“宫保鸡丁”，您喜欢的吧。
i_f178d8889066,谢谢，看起来真好吃！
i_0e9ee36a404d,还是得让李小姐打起精神来啊，对吧，佐藤先生。
i_ab23e7590189,嗯。
i_e4f99f44c62d,佐藤先生，您今天话很少啊，发生什么事了吗？
i_d4901ab9da32,没有，没什么。
i_094cab33b90b,让我来替佐藤先生说吧，佐藤先生下周被叫去大阪总部，肯定是升职的事。
i_fe72aa20cb09,升职？
i_03f32c2cd5b0,不是，不是那样的，只是让我汇报一下在中国的工作。
i_07f13c56b452,才一年就取得这么好的业绩，肯定是升职啦。
i_4c6c231db206,恭喜您，真高兴，我们一起努力总算有了回报，感觉我们也被认可了呢，对吧，李主任。
i_6377c2825c14,是啊，真是喜事。
i_391f791c4571,可是，佐藤先生要是离开上海，我们会很寂寞的。
i_4ee75c66dee6,只要想，随时都能再来上海啊。
i_7f4e2cd579d8,对啊，我们再干一次杯，这次为佐藤先生庆祝。
i_46a9f78af929,宇航员必须在短时间内完成大量工作，因此补充能量对他们而言极为重要。然而在地球上再平常不过的“吃”这一行为，在缺乏空气与重力的太空中却变得不再简单。
i_2e20722ebafb,20世纪60年代初，人类首次进入太空时，太空食品是装在软管里的糊状物，但宇航员对此评价极差。如今，得益于技术进步，太空中已能吃到相当接近地面的食物。即便如此，能带上太空的食物仍需满足若干条件：首先，由于可运往太空的物资重量有限，食物越轻越好；其次，气味不能浓烈，毕竟飞船内空气不流通，产生的气味与地面不同，会久久不散；此外，还不能掉渣。曾有宇航员想把拉面带上太空，却因汤汁会飞溅而被否决。在失重环境下，飞溅的汤汁飘向何处无从得知，一旦渗入布满飞船的精密仪器导致故障，不仅任务无法完成，甚至可能危及乘员生命。
i_c00e3e87aa43,日本宇航员向井千秋在搭乘航天飞机时，带去了“土豆炖肉”“稻荷寿司”“章鱼烧”等日本料理；曾被视为难题的拉面，也在经过防飞溅处理后获准成为太空食品。
i_73ada15821dd,此外，中国首位航天员杨利伟在“神舟五号”飞船上吃了“宫保鸡丁”“鱼香肉丝”等中华料理。这些菜肴均为传统中餐，作为“太空菜单”在中国国内的餐厅也大受欢迎。
i_ae1f5bc5a76b,从维持生命的口粮，到享受美食的餐点，太空食品将随着航天事业的发展而持续进化。
i_d8d8b10c4123,下面，请“金星”中国项目的佐藤先生做汇报。
i_224bbd8f1a12,我是上海事务所的佐藤。今天我就作为“金星”项目的一员，简单汇报一下我们是如何推进工作的。请各位看手中的资料。首先，海外企划部在项目启动前，对中国市场进行了缜密调查，并委托熟悉中国市场的广告代理公司JC策划协助。
i_a1a3070aa06f,调查显示，中国国内电视普及率超过95%，互联网用户数量居世界第二。我们据此判断，制作电视广告并通过官网宣传会卓有成效。但电视普及率高、网民多，也意味着中国民众对此已司空见惯，若内容缺乏惊喜与新发现，便难以取得良好效果。
i_19e16d759386,于是，我们请JC策划上海分公司的中国员工在日本国内进行采访，并把从他眼中看到的“日本模样”发布到官网上。这成了项目成功的关键。当然，“日本模样”的内容我们日本人也不是不能选，但中国员工觉得“有趣”的东西与我们并不相同。
i_079dcb836d82,我们将这部分以“探寻金星故乡”为名，与商品介绍区分开，设为独立栏目发布在官网上。
i_d9ab4cf448e0,官网的访问量，请各位看手中的资料，相信您能看出这个栏目的人气。
i_dc204532fe07,1995年1月17日，阪神淡路大地震爆发，造成严重损失：死者6,434人，伤者约4万，逾50万栋房屋与高楼倒塌，高速公路断裂，地表开裂，大火频发；2004年末，苏门答腊岛近海强震引发海啸，席卷印尼等印度洋沿岸国家，受灾人数超30万。亚洲地区因而屡遭地震侵袭，各地蒙受巨大损害。
i_c71fb43b996d,地震是如何发生的？地球的陆地与海底都位于被称为“板块”的岩板之上；板块以每年数厘米的速度缓缓移动，或俯冲到另一板块下方，或相互挤压。当压力历经漫长岁月不断累积，终有一刻，无法承受的岩板会突然断裂或错位，从而引发地震。此外，板块移动时，压力传至陆地，地层与地形产生扭曲，为恢复原状也可能触发地震。
i_8c01eb6e3071,日本国土仅占全球陆地的约0.3%，却发生全球10%的地震，原因在于日本正位于四块板块的交界处。
i_a2f9b376d343,以当今科技，即使仅针对大地震，预测仍极困难；但若能布设高精度观测网并长期收集数据，未来或许能够实现预警。抗震与防海啸是亚洲地区共同的课题，亚洲各国现已开始开展地震技术交流与联合研究。
i_4f74606ef1e6,哎呀，听说你在上海可是大显身手啊。那社长找你谈了什么？果然是升职的事吧。
i_b31a26720fed,嗯，让我到新设的海外事业部当部长。
i_5b191539f30f,部长？比我晚两年进公司的家伙，太厉害了吧。30岁的部长，公司可一个都没有啊。那你当然答应了吧。
i_f1341cf95cd2,不，如果让我继续负责中国我就接受，否则就请他们选别人吧。
i_386735e66943,你说什么？要是我，当场就回答“我接受”。对上班族来说，升职不是头等大事吗？
i_ba51406fa37d,确实有人那么想，可我不那么认为。中国还有我想做的事，而且就算失败，也有人安慰、鼓励我呢……
i_b5274d9e70a1,总之，你得先接受啊。要不要负责中国以后再说。现在就去社长那儿，说“我改变主意了”怎么样？
i_1105c7a4748e,现在我也没法改变心情，这样就好。
i_5d267c7fd05b,你这人还是这么倔。既然这样，我也没什么好担心的了。那你什么时候回上海？
i_ef0912eb3b52,明天下午的飞机回去。
i_b6babaa5ac63,哦……回上海啊。中国真有那么好吗？
i_17097967e842,是啊，人和城市都很棒。这一年我觉得自己都有所改变。
i_adf8ae723f95,你确实变了。以前的你可没胆子给升职提条件。喂，佐藤！你不会是……有喜欢的人了吧？
i_414520ce42d4,……就是“不会”的那个。
i_f128aad30e8e,啊，原来如此！所以你才拒绝升职啊。好，再喝一杯，今天我请客！
i_84a24180b4f1,芥川龙之介的《蜘蛛丝》是几乎日本人都知道的著名小说。小说中，在地狱受苦的罪人犍陀多顺着从遥远极乐垂下的一根蜘蛛丝向上爬，却因起了贪念导致丝断，再次坠入地狱。这里蜘蛛丝被用作纤细易断之物的象征。
i_6e7bac0ec143,然而，蜘蛛丝绝非脆弱之物；恰恰相反，它远比我们平常想象的结实。当然，仅凭一根丝支撑人体是不现实的，但确实有研究者成功用蜘蛛丝承托人体：他将约19万根金蛛丝束成一条长约10厘米、粗2.6毫米的绳索，再做成直径约8厘米的圆环，用此环悬吊充气 hammock 并亲自躺上去，结果 hammock 并未坠落，即使像秋千一样摇晃，丝也仅略微伸长。原来，同等粗细下，蜘蛛丝强度是钢铁的数倍，伸缩性与尼龙相当甚至更佳。
i_30ecc719d284,蜘蛛丝这般优异的特性自古为人所知，世界各地都曾尝试利用它，却无一成功，原因在于难以大量生产：肉食蜘蛛的饲料不易保障，且领地意识强，甚至会同类相食。
i_9a4e17b274b2,既然靠蜘蛛难以大量产丝，不如人工制造结构与蛛丝相同的纤维。目前，世界各国的高校和企业正研究人工“蛛丝”的制法，虽非易事，但已逐步走向实用化。一旦成功，人类将获得强度超越钢铁、又比尼龙更易降解、环境负担更小的“梦幻纤维”。
i_eed737e31309,请问，我今天可以下班了吗？
i_ffa456ed32af,嗯，工作也告一段落了，可以哦。
i_7b3b1f4a8cb7,谢谢，那我先告辞了。
i_173cc5debe8f,中井，不好意思，我也可以先走吗？
i_0825b4dca348,啊，好的。
i_0b45adfad04f,那我先告辞了。
i_f0e1315ab965,辛苦了，李小姐这么早回去真是少见啊……
i_a18ebd33fc99,我可以坐在你旁边吗？
i_a9820865009c,诶！佐藤先生？你怎么了？为什么在这里？
i_ab461eca793e,我今天坐飞机回来的。打电话到公司，说你已经回去了。
i_562fb887f505,但是，为什么这里……？
i_e912a82616f2,你曾经说过，这里是你喜欢的地方，经常来。
i_85ad542016b5,你还记得这种事啊。
i_97b83e0e1e24,我永远不会忘记和你在一起的回忆。你在这个公园鼓励我，一起眺望香港夜景……李小姐一直是我可靠的工作伙伴。而现在，你是我最重要的人。当你倒下那一刻，我清楚地明白了这一点。
i_9c6fb42db90f,……佐藤先生去日本后，我每天也忍不住担心你。真的无心工作……
i_f5bd826c0114,在大阪，我自己也想过。我们的回忆还只有一年。我想和李小姐一起，在上海创造更多回忆。从今以后，我可以继续留在你身边吗？
i_f4ae40f0d01a,朱鹮是一种面临灭绝危机的国际性濒危鸟类。原本广泛分布于俄罗斯东部、中国东北至中部、朝鲜半岛、日本等东亚地区。然而，由于过度捕猎和环境恶化，各地数量减少，目前已被列为濒危物种。
i_69c8f1e7851c,目前，全世界只有中国有野生朱鹮，在陕西省西安市南部的洋县有朱鹮栖息地。在中国，朱鹮曾一度被认为已经灭绝，但在1981年发现了7只。此后，通过监测和保护栖息地、人工繁殖等措施，目前已确认超过1000只。洋县的“陕西朱鹮救护饲养中心”在模拟自然环境中饲养朱鹮，并通过宣传册和视频开展面向小学生的宣传活动，向公众普及知识。
i_9a12b54aabcd,对于中国的朱鹮保护活动，日本提供的支持并不广为人知。日本通过募集“中国朱鹮保护支援基金”、派遣“中国朱鹮保护观察团”，观察野生朱鹮、访问保护设施及当地小学等方式，加深交流。
i_db3e8c8155ad,另一方面，日本的朱鹮自明治时代以来数量急剧减少。1981年，将当时仅存的最后5只野生朱鹮保护在新潟县佐渡岛的“佐渡朱鹮保护中心”，并尝试人工繁殖。尽管付出了巨大努力，人工繁殖仍以失败告终，至2003年，日本的朱鹮灭绝。
i_35dc02a70a45,在这样的情况下，向日本伸出援手的是中国。1998年，中国主席江泽民访日时承诺赠送2只朱鹮。次年1999年，雄鸟“友友”和雌鸟“洋洋”抵达日本，在“佐渡朱鹮保护中心”饲养。此后，以这两只为基础进行人工繁殖，截至2007年，已饲养107只。繁殖接连成功，回归自然的计划也在推进。
i_e4a9998ee647,多亏中国的合作，日本朱鹮的再生得以实现。今后，日本必须改善环境，争取在自然中看到朱鹮飞翔的身姿。